id,province,district,name,category,municipality_or_area,priority,research_status,geometry_type,access_status,permit_layers,parent_entity_id,canonical_source_file,visitor_ready_source_file
np-bagmati-bhaktapur-bhaktapur-durbar-square,Bagmati,Bhaktapur,Bhaktapur Durbar Square,Historical and cultural places,Bhaktapur Municipality,,,POINT,ROUTING_HOLD,NONE,,provinces/bagmati/districts/bhaktapur.md,provinces/bagmati/visitor_ready/bhaktapur.md
np-bagmati-bhaktapur-dattatreya-square,Bagmati,Bhaktapur,Dattatreya Square,Historical and cultural places,Bhaktapur Municipality,,,POINT,ROUTING_HOLD,NONE,,provinces/bagmati/districts/bhaktapur.md,provinces/bagmati/visitor_ready/bhaktapur.md
np-bagmati-bhaktapur-thimi-heritage-town,Bagmati,Bhaktapur,Thimi heritage town,Historical and cultural places,Madhyapur Thimi Municipality,,,AREA,ROUTING_HOLD,NONE,,provinces/bagmati/districts/bhaktapur.md,provinces/bagmati/visitor_ready/bhaktapur.md
np-bagmati-bhaktapur-bode-and-nil-barahi-cultural-area,Bagmati,Bhaktapur,Bode and Nil Barahi cultural area,Historical and cultural places,Madhyapur Thimi,,,AREA,ROUTING_HOLD,NONE,,provinces/bagmati/districts/bhaktapur.md,provinces/bagmati/visitor_ready/bhaktapur.md
np-bagmati-bhaktapur-nyatapola-temple,Bagmati,Bhaktapur,Nyatapola Temple,Religious sites and temples,Taumadhi Square,,,POINT,ROUTING_HOLD,NONE,,provinces/bagmati/districts/bhaktapur.md,provinces/bagmati/visitor_ready/bhaktapur.md
np-bagmati-bhaktapur-changu-narayan-temple,Bagmati,Bhaktapur,Changu Narayan Temple,Religious sites and temples,Changunarayan Municipality,,,POINT,ROUTING_HOLD,NONE,,provinces/bagmati/districts/bhaktapur.md,provinces/bagmati/visitor_ready/bhaktapur.md
np-bagmati-bhaktapur-kailashnath-mahadev-statue,Bagmati,Bhaktapur,Kailashnath Mahadev Statue,Religious sites and temples,"Sanga, Suryabinayak Municipality",,,POINT,ROUTING_HOLD,NONE,,provinces/bagmati/districts/bhaktapur.md,provinces/bagmati/visitor_ready/bhaktapur.md
np-bagmati-bhaktapur-suryabinayak-temple,Bagmati,Bhaktapur,Suryabinayak Temple,Religious sites and temples,Suryabinayak Municipality,,,POINT,ROUTING_HOLD,NONE,,provinces/bagmati/districts/bhaktapur.md,provinces/bagmati/visitor_ready/bhaktapur.md
np-bagmati-bhaktapur-siddha-pokhari,Bagmati,Bhaktapur,Siddha Pokhari,Lakes and wetlands,Bhaktapur Municipality,,,WATER,ROUTING_HOLD,NONE,,provinces/bagmati/districts/bhaktapur.md,provinces/bagmati/visitor_ready/bhaktapur.md
np-bagmati-bhaktapur-nagarkot,Bagmati,Bhaktapur,Nagarkot,Viewpoints and hill stations,Changunarayan Municipality,,,AREA,ROUTING_HOLD,NONE,,provinces/bagmati/districts/bhaktapur.md,provinces/bagmati/visitor_ready/bhaktapur.md
np-bagmati-bhaktapur-pilot-baba-ashram-viewpoint,Bagmati,Bhaktapur,Pilot Baba Ashram viewpoint,Viewpoints and hill stations,Suryabinayak area,,,AREA,ROUTING_HOLD,NONE,,provinces/bagmati/districts/bhaktapur.md,provinces/bagmati/visitor_ready/bhaktapur.md
np-bagmati-chitwan-chitwan-national-park,Bagmati,Chitwan,Chitwan National Park,"National parks, conservation areas, and wildlife sites",Southern Chitwan,,,PROTECTED_AREA,ROUTABLE,PROTECTED_AREA_ENTRY,chitwan-national-park,provinces/bagmati/districts/chitwan.md,provinces/bagmati/visitor_ready/chitwan.yaml
np-bagmati-chitwan-bish-hajari-birdwatching-forests,Bagmati,Chitwan,Bish Hajari birdwatching forests,"National parks, conservation areas, and wildlife sites",Buffer-zone landscape,,,PROTECTED_AREA,ROUTING_HOLD,PROTECTED_AREA_ENTRY,,provinces/bagmati/districts/chitwan.md,provinces/bagmati/visitor_ready/chitwan.yaml
np-bagmati-chitwan-sauraha,Bagmati,Chitwan,Sauraha,Major tourist attractions,Ratnanagar Municipality,,,AREA,ROUTABLE,NONE,,provinces/bagmati/districts/chitwan.md,provinces/bagmati/visitor_ready/chitwan.yaml
np-bagmati-chitwan-beeshazar-and-associated-lakes,Bagmati,Chitwan,Beeshazar and Associated Lakes,Lakes and wetlands,Bharatpur Metropolitan City,,,WATER,ROUTABLE,PROTECTED_AREA_ENTRY,,provinces/bagmati/districts/chitwan.md,provinces/bagmati/visitor_ready/chitwan.yaml
np-bagmati-chitwan-narayani-river-waterfront,Bagmati,Chitwan,Narayani River waterfront,Rivers and waterfalls,Bharatpur and western Chitwan,,,CORRIDOR,ROUTABLE,DYNAMIC,,provinces/bagmati/districts/chitwan.md,provinces/bagmati/visitor_ready/chitwan.yaml
np-bagmati-chitwan-rapti-river-wildlife-corridor,Bagmati,Chitwan,Rapti River wildlife corridor,Rivers and waterfalls,Sauraha and park boundary,,,CORRIDOR,ROUTING_HOLD,NONE,,provinces/bagmati/districts/chitwan.md,provinces/bagmati/visitor_ready/chitwan.yaml
np-bagmati-chitwan-jalbire-waterfall,Bagmati,Chitwan,Jalbire Waterfall,Rivers and waterfalls,Ichchhakamana Rural Municipality,,,CORRIDOR,ROUTABLE,NONE,,provinces/bagmati/districts/chitwan.md,provinces/bagmati/visitor_ready/chitwan.yaml
np-bagmati-chitwan-devghat,Bagmati,Chitwan,Devghat,Religious sites and temples,Bharatpur/Devghat confluence area,,,AREA,ROUTABLE,NONE,,provinces/bagmati/districts/chitwan.md,provinces/bagmati/visitor_ready/chitwan.yaml
np-bagmati-chitwan-balmiki-ashram-approach,Bagmati,Chitwan,Balmiki Ashram approach,Religious sites and temples,Madi/park southern sector,,,POINT,ROUTABLE,PROTECTED_AREA_ENTRY;DYNAMIC,,provinces/bagmati/districts/chitwan.md,provinces/bagmati/visitor_ready/chitwan.yaml
np-bagmati-chitwan-chepang-hill-trail,Bagmati,Chitwan,Chepang Hill Trail,Trekking areas and mountain destinations,Northern Chitwan,,,ROUTE,ROUTABLE,NONE,,provinces/bagmati/districts/chitwan.md,provinces/bagmati/visitor_ready/chitwan.yaml
np-bagmati-chitwan-siraichuli-viewpoint,Bagmati,Chitwan,Siraichuli viewpoint,Viewpoints and hill stations,Ichchhakamana Rural Municipality,,,AREA,ROUTING_HOLD,NONE,,provinces/bagmati/districts/chitwan.md,provinces/bagmati/visitor_ready/chitwan.yaml
np-bagmati-chitwan-upper-dang-gadhi,Bagmati,Chitwan,Upper Dang Gadhi,"Museums, palaces, forts, and monuments",Northern Chitwan,,,POINT,ROUTING_HOLD,NONE,,provinces/bagmati/districts/chitwan.md,provinces/bagmati/visitor_ready/chitwan.yaml
np-bagmati-chitwan-meghauli-wildlife-tourism-area,Bagmati,Chitwan,Meghauli wildlife tourism area,Community tourism and notable villages,Bharatpur western sector,,,AREA,ROUTABLE,NONE,,provinces/bagmati/districts/chitwan.md,provinces/bagmati/visitor_ready/chitwan.yaml
np-bagmati-chitwan-madi-valley-and-someshwar-hills,Bagmati,Chitwan,Madi valley and Someshwar hills,Natural attractions,Madi Municipality,,,CORRIDOR,ROUTABLE,PROTECTED_AREA_ENTRY,,provinces/bagmati/districts/chitwan.md,provinces/bagmati/visitor_ready/chitwan.yaml
np-bagmati-dhading-ruby-valley-trekking-region,Bagmati,Dhading,Ruby Valley trekking region,Trekking areas and mountain destinations,Ruby Valley Rural Municipality,Major,Established,CORRIDOR,ROUTABLE,NONE,,provinces/bagmati/districts/dhading.md,provinces/bagmati/visitor_ready/dhading.yaml
np-bagmati-dhading-ganesh-himal-trekking-region,Bagmati,Dhading,Ganesh Himal trekking region,Trekking areas and mountain destinations,Ruby Valley and northern Dhading,Major,Established,ROUTE,ROUTABLE,NONE,,provinces/bagmati/districts/dhading.md,provinces/bagmati/visitor_ready/dhading.yaml
np-bagmati-dhading-pangsang-pass,Bagmati,Dhading,Pangsang Pass,Viewpoints and hill stations,Ruby Valley trekking region,Major,Established,AREA,ROUTABLE,NONE,,provinces/bagmati/districts/dhading.md,provinces/bagmati/visitor_ready/dhading.yaml
np-bagmati-dhading-somdang-village,Bagmati,Dhading,Somdang Village,Community tourism and notable villages,Ruby Valley Rural Municipality,High,Established,ROUTE,ROUTABLE,NONE,,provinces/bagmati/districts/dhading.md,provinces/bagmati/visitor_ready/dhading.yaml
np-bagmati-dhading-tipling-village,Bagmati,Dhading,Tipling Village,Community tourism and notable villages,Ruby Valley Rural Municipality,High,Established,AREA,ROUTABLE,NONE,,provinces/bagmati/districts/dhading.md,provinces/bagmati/visitor_ready/dhading.yaml
np-bagmati-dhading-sertung-village,Bagmati,Dhading,Sertung Village,Community tourism and notable villages,Ruby Valley Rural Municipality,High,Established,AREA,ROUTABLE,NONE,,provinces/bagmati/districts/dhading.md,provinces/bagmati/visitor_ready/dhading.yaml
np-bagmati-dhading-chalish-village,Bagmati,Dhading,Chalish Village,Community tourism and notable villages,Ruby Valley Rural Municipality,High,Established,AREA,ROUTABLE,NONE,,provinces/bagmati/districts/dhading.md,provinces/bagmati/visitor_ready/dhading.yaml
np-bagmati-dhading-borang-village,Bagmati,Dhading,Borang Village,Community tourism and notable villages,Ruby Valley Rural Municipality,High,First-round researched,AREA,ROUTABLE,NONE,,provinces/bagmati/districts/dhading.md,provinces/bagmati/visitor_ready/dhading.yaml
np-bagmati-dhading-lapa-village,Bagmati,Dhading,Lapa Village,Community tourism and notable villages,Ruby Valley Rural Municipality,High,First-round researched,AREA,ROUTABLE,NONE,,provinces/bagmati/districts/dhading.md,provinces/bagmati/visitor_ready/dhading.yaml
np-bagmati-dhading-jharlang-village,Bagmati,Dhading,Jharlang Village,Community tourism and notable villages,Khaniyabas Rural Municipality,High,Established,AREA,ROUTABLE,NONE,,provinces/bagmati/districts/dhading.md,provinces/bagmati/visitor_ready/dhading.yaml
np-bagmati-dhading-darkha-village,Bagmati,Dhading,Darkha Village,Community tourism and notable villages,Khaniyabas Rural Municipality,High,First-round researched,AREA,ROUTABLE,NONE,,provinces/bagmati/districts/dhading.md,provinces/bagmati/visitor_ready/dhading.yaml
np-bagmati-dhading-ganga-jamuna-waterfall,Bagmati,Dhading,Ganga Jamuna Waterfall,Rivers and waterfalls,Ganga Jamuna Rural Municipality,Major,Established,CORRIDOR,ROUTABLE,DYNAMIC,,provinces/bagmati/districts/dhading.md,provinces/bagmati/visitor_ready/dhading.yaml
np-bagmati-dhading-ganga-jamuna-pilgrimage-area,Bagmati,Dhading,Ganga Jamuna pilgrimage area,Religious sites and temples,Ganga Jamuna Rural Municipality,Major,Established,AREA,ROUTABLE,NONE,,provinces/bagmati/districts/dhading.md,provinces/bagmati/visitor_ready/dhading.yaml
np-bagmati-dhading-tripurasundari-mai-temple,Bagmati,Dhading,Tripurasundari Mai Temple,Religious sites and temples,Tripurasundari Rural Municipality,Major,Established,POINT,ROUTABLE,NONE,,provinces/bagmati/districts/dhading.md,provinces/bagmati/visitor_ready/dhading.yaml
np-bagmati-dhading-salyantar-plateau,Bagmati,Dhading,Salyantar Plateau,Viewpoints and hill stations,Tripurasundari Rural Municipality,Major,Established,AREA,ROUTABLE,NONE,,provinces/bagmati/districts/dhading.md,provinces/bagmati/visitor_ready/dhading.yaml
np-bagmati-dhading-narsingha-dham,Bagmati,Dhading,Narsingha Dham,Religious sites and temples,"Salyantar, Tripurasundari Rural Municipality",High,Established,POINT,ROUTABLE,NONE,,provinces/bagmati/districts/dhading.md,provinces/bagmati/visitor_ready/dhading.yaml
np-bagmati-dhading-budhi-gandaki-river-valley,Bagmati,Dhading,Budhi Gandaki River valley,Natural attractions,Western Dhading along the Gorkha boundary,Major,Established,CORRIDOR,ROUTABLE,NONE,,provinces/bagmati/districts/dhading.md,provinces/bagmati/visitor_ready/dhading.yaml
np-bagmati-dhading-ankhu-khola-valley,Bagmati,Dhading,Ankhu Khola valley,Rivers and waterfalls,Central and northern Dhading,High,Established,CORRIDOR,ROUTABLE,NONE,,provinces/bagmati/districts/dhading.md,provinces/bagmati/visitor_ready/dhading.yaml
np-bagmati-dhading-trishuli-river-rafting-corridor,Bagmati,Dhading,Trishuli River rafting corridor,Rivers and waterfalls,Gajuri and Benighat Rorang rural municipalities,Major,Established,CORRIDOR,ROUTABLE,OPERATOR_DEPENDENT;DYNAMIC,,provinces/bagmati/districts/dhading.md,provinces/bagmati/visitor_ready/dhading.yaml
np-bagmati-dhading-benighat-river-gateway,Bagmati,Dhading,Benighat river gateway,Major tourist attractions,Benighat Rorang Rural Municipality,High,Established,CORRIDOR,ROUTABLE,OPERATOR_DEPENDENT,,provinces/bagmati/districts/dhading.md,provinces/bagmati/visitor_ready/dhading.yaml
np-bagmati-dhading-malekhu-river-and-bazaar-area,Bagmati,Dhading,Malekhu river and bazaar area,Major tourist attractions,Gajuri Rural Municipality,High,Established,CORRIDOR,ROUTABLE,NONE,,provinces/bagmati/districts/dhading.md,provinces/bagmati/visitor_ready/dhading.yaml
np-bagmati-dhading-chitwan-chepang-hill-trail-dhading-sector,Bagmati,Dhading,Chitwan Chepang Hill Trail – Dhading sector,Trekking areas and mountain destinations,Hugdi / Benighat Rorang area,High,Established,ROUTE,ROUTABLE,NONE,,provinces/bagmati/districts/dhading.md,provinces/bagmati/visitor_ready/dhading.yaml
np-bagmati-dhading-netrawati-dabjong-heritage-landscape,Bagmati,Dhading,Netrawati–Dabjong heritage landscape,Historical and cultural places,Netrawati Dabjong Rural Municipality,High,First-round researched,AREA,ROUTABLE,NONE,,provinces/bagmati/districts/dhading.md,provinces/bagmati/visitor_ready/dhading.yaml
np-bagmati-dhading-dabjong-durbar-fort-area,Bagmati,Dhading,Dabjong Durbar / fort area,"Museums, palaces, forts, and monuments",Netrawati Dabjong Rural Municipality,High,Needs local verification,HOLD,ROUTING_HOLD,NONE,,provinces/bagmati/districts/dhading.md,provinces/bagmati/visitor_ready/dhading.yaml
np-bagmati-dhading-jyamrung-durbar-area,Bagmati,Dhading,Jyamrung Durbar area,"Museums, palaces, forts, and monuments",Nilkantha Municipality,High,First-round researched,AREA,ROUTABLE,NONE,,provinces/bagmati/districts/dhading.md,provinces/bagmati/visitor_ready/dhading.yaml
np-bagmati-dhading-dhadingbesi,Bagmati,Dhading,Dhadingbesi,Major tourist attractions,Nilkantha Municipality,High,Established,POINT,ROUTING_HOLD,NONE,,provinces/bagmati/districts/dhading.md,provinces/bagmati/visitor_ready/dhading.yaml
np-bagmati-dhading-bhairabi-temple-sunaula-bazar,Bagmati,Dhading,"Bhairabi Temple, Sunaula Bazar",Religious sites and temples,Jwalamukhi Rural Municipality,High,Established,AREA,ROUTABLE,NONE,,provinces/bagmati/districts/dhading.md,provinces/bagmati/visitor_ready/dhading.yaml
np-bagmati-dhading-maidi-kot-kot-devi-area,Bagmati,Dhading,Maidi Kot / Kot Devi area,Religious sites and temples,Jwalamukhi Rural Municipality,High,First-round researched,HOLD,ROUTING_HOLD,NONE,,provinces/bagmati/districts/dhading.md,provinces/bagmati/visitor_ready/dhading.yaml
np-bagmati-dhading-siddha-than,Bagmati,Dhading,Siddha Than,Religious sites and temples,Siddhalek Rural Municipality,High,Established,AREA,ROUTABLE,NONE,,provinces/bagmati/districts/dhading.md,provinces/bagmati/visitor_ready/dhading.yaml
np-bagmati-dhading-siddhalek-ridge,Bagmati,Dhading,Siddhalek ridge,Viewpoints and hill stations,Siddhalek Rural Municipality,High,First-round researched,AREA,ROUTABLE,NONE,,provinces/bagmati/districts/dhading.md,provinces/bagmati/visitor_ready/dhading.yaml
np-bagmati-dhading-dhola-mandali-temple,Bagmati,Dhading,Dhola Mandali Temple,Religious sites and temples,Jwalamukhi / former Dhola area,High,Established,POINT,ROUTABLE,NONE,,provinces/bagmati/districts/dhading.md,provinces/bagmati/visitor_ready/dhading.yaml
np-bagmati-dolakha-kalinchowk-bhagwati-temple,Bagmati,Dolakha,Kalinchowk Bhagwati Temple,Religious sites and temples,Kalinchowk Rural Municipality–1,Major,Established,POINT,DYNAMIC_CHECK_REQUIRED,OPERATOR_DEPENDENT;ENTRY_FEE;DYNAMIC,,provinces/bagmati/districts/dolakha.md,provinces/bagmati/visitor_ready/dolakha.yaml
np-bagmati-dolakha-kuri-village,Bagmati,Dolakha,Kuri Village,Community tourism and notable villages,Kalinchowk Rural Municipality–1,Major,Established,AREA,ROUTABLE,OPERATOR_DEPENDENT;DYNAMIC,,provinces/bagmati/districts/dolakha.md,provinces/bagmati/visitor_ready/dolakha.yaml
np-bagmati-dolakha-kalinchowk-cable-car,Bagmati,Dolakha,Kalinchowk Cable Car,Major tourist attractions,"Kuri–Kalinchowk, Kalinchowk Rural Municipality",Major,Established,POINT,DYNAMIC_CHECK_REQUIRED,OPERATOR_DEPENDENT;ENTRY_FEE;DYNAMIC,,provinces/bagmati/districts/dolakha.md,provinces/bagmati/visitor_ready/dolakha.yaml
np-bagmati-dolakha-dolakha-bhimsen-temple,Bagmati,Dolakha,Dolakha Bhimsen Temple,Religious sites and temples,"Dolakha town, Bhimeshwar Municipality",Major,Established,POINT,ROUTABLE,NONE,,provinces/bagmati/districts/dolakha.md,provinces/bagmati/visitor_ready/dolakha.yaml
np-bagmati-dolakha-historic-dolakha-town,Bagmati,Dolakha,Historic Dolakha Town,Historical and cultural places,Bhimeshwar Municipality,Major,Established,AREA,ROUTABLE,NONE,,provinces/bagmati/districts/dolakha.md,provinces/bagmati/visitor_ready/dolakha.yaml
np-bagmati-dolakha-charikot,Bagmati,Dolakha,Charikot,Major tourist attractions,Bhimeshwar Municipality,High,Established,AREA,ROUTABLE,NONE,,provinces/bagmati/districts/dolakha.md,provinces/bagmati/visitor_ready/dolakha.yaml
np-bagmati-dolakha-charikot-viewpoints,Bagmati,Dolakha,Charikot viewpoints,Viewpoints and hill stations,Bhimeshwar Municipality,High,First-round researched,AREA,ROUTABLE,NONE,,provinces/bagmati/districts/dolakha.md,provinces/bagmati/visitor_ready/dolakha.yaml
np-bagmati-dolakha-gaurishankar-conservation-area,Bagmati,Dolakha,Gaurishankar Conservation Area,"National parks, conservation areas, and wildlife sites",Northern Dolakha and adjoining districts,Major,Established,PROTECTED_AREA,ROUTABLE,RESTRICTED_AREA_PERMIT;PROTECTED_AREA_ENTRY;ENTRY_FEE,gaurishankar-conservation-area,provinces/bagmati/districts/dolakha.md,provinces/bagmati/visitor_ready/dolakha.yaml
np-bagmati-dolakha-rolwaling-valley,Bagmati,Dolakha,Rolwaling Valley,Trekking areas and mountain destinations,Gaurishankar Rural Municipality,Major,Established,CORRIDOR,DYNAMIC_CHECK_REQUIRED,RESTRICTED_AREA_PERMIT;DYNAMIC,,provinces/bagmati/districts/dolakha.md,provinces/bagmati/visitor_ready/dolakha.yaml
np-bagmati-dolakha-tsho-rolpa-lake,Bagmati,Dolakha,Tsho Rolpa Lake,Lakes and wetlands,"Rolwaling Valley, Gaurishankar Rural Municipality",Major,Established,WATER,ROUTABLE,RESTRICTED_AREA_PERMIT;DYNAMIC,,provinces/bagmati/districts/dolakha.md,provinces/bagmati/visitor_ready/dolakha.yaml
np-bagmati-dolakha-beding-village,Bagmati,Dolakha,Beding Village,Community tourism and notable villages,"Rolwaling Valley, Gaurishankar Rural Municipality",High,Established,AREA,ROUTABLE,RESTRICTED_AREA_PERMIT;DYNAMIC,,provinces/bagmati/districts/dolakha.md,provinces/bagmati/visitor_ready/dolakha.yaml
np-bagmati-dolakha-na-village,Bagmati,Dolakha,Na Village,Community tourism and notable villages,"Upper Rolwaling Valley, Gaurishankar Rural Municipality",High,Established,AREA,ROUTABLE,RESTRICTED_AREA_PERMIT;DYNAMIC,,provinces/bagmati/districts/dolakha.md,provinces/bagmati/visitor_ready/dolakha.yaml
np-bagmati-dolakha-yalung-ri-trekking-area,Bagmati,Dolakha,Yalung Ri trekking area,Trekking areas and mountain destinations,"Rolwaling Valley, Gaurishankar Rural Municipality",High,First-round researched,ROUTE,ROUTABLE,DYNAMIC,,provinces/bagmati/districts/dolakha.md,provinces/bagmati/visitor_ready/dolakha.yaml
np-bagmati-dolakha-gaurishankar-mountain-viewpoints,Bagmati,Dolakha,Gaurishankar mountain viewpoints,Viewpoints and hill stations,Northern Dolakha,High,Established,AREA,ROUTABLE,NONE,,provinces/bagmati/districts/dolakha.md,provinces/bagmati/visitor_ready/dolakha.yaml
np-bagmati-dolakha-lamabagar,Bagmati,Dolakha,Lamabagar,Community tourism and notable villages,Bigu Rural Municipality,High,Established,AREA,ROUTABLE,RESTRICTED_AREA_PERMIT;BORDER_CONTROL;DYNAMIC,,provinces/bagmati/districts/dolakha.md,provinces/bagmati/visitor_ready/dolakha.yaml
np-bagmati-dolakha-lapchi-valley,Bagmati,Dolakha,Lapchi Valley,Trekking areas and mountain destinations,Bigu Rural Municipality,Major,Established,CORRIDOR,ROUTABLE,RESTRICTED_AREA_PERMIT;BORDER_CONTROL,,provinces/bagmati/districts/dolakha.md,provinces/bagmati/visitor_ready/dolakha.yaml
np-bagmati-dolakha-lapchi-monastery-and-milarepa-meditation-sites,Bagmati,Dolakha,Lapchi Monastery and Milarepa meditation sites,Religious sites and temples,"Lapchi Valley, Bigu Rural Municipality",Major,First-round researched,AREA,ROUTABLE,RESTRICTED_AREA_PERMIT,,provinces/bagmati/districts/dolakha.md,provinces/bagmati/visitor_ready/dolakha.yaml
np-bagmati-dolakha-bigu-gompa,Bagmati,Dolakha,Bigu Gompa,Religious sites and temples,Bigu Rural Municipality,High,First-round researched,POINT,ROUTABLE,NONE,,provinces/bagmati/districts/dolakha.md,provinces/bagmati/visitor_ready/dolakha.yaml
np-bagmati-dolakha-tamakoshi-river-valley,Bagmati,Dolakha,Tamakoshi River valley,Rivers and waterfalls,Central and northern Dolakha,High,Established,CORRIDOR,ROUTABLE,NONE,,provinces/bagmati/districts/dolakha.md,provinces/bagmati/visitor_ready/dolakha.yaml
np-bagmati-dolakha-bigu-valley-landscapes,Bagmati,Dolakha,Bigu valley landscapes,Natural attractions,Bigu Rural Municipality,High,First-round researched,CORRIDOR,DYNAMIC_CHECK_REQUIRED,RESTRICTED_AREA_PERMIT;DYNAMIC,,provinces/bagmati/districts/dolakha.md,provinces/bagmati/visitor_ready/dolakha.yaml
np-bagmati-dolakha-jiri,Bagmati,Dolakha,Jiri,Community tourism and notable villages,Jiri Municipality,Major,Established,AREA,ROUTABLE,NONE,,provinces/bagmati/districts/dolakha.md,provinces/bagmati/visitor_ready/dolakha.yaml
np-bagmati-dolakha-cherdung-danda,Bagmati,Dolakha,Cherdung Danda,Viewpoints and hill stations,Jiri Municipality,High,First-round researched,AREA,ROUTABLE,NONE,,provinces/bagmati/districts/dolakha.md,provinces/bagmati/visitor_ready/dolakha.yaml
np-bagmati-dolakha-kalo-bhir,Bagmati,Dolakha,Kalo Bhir,Viewpoints and hill stations,Jiri Municipality,Emerging,First-round researched,AREA,ROUTABLE,NONE,,provinces/bagmati/districts/dolakha.md,provinces/bagmati/visitor_ready/dolakha.yaml
np-bagmati-dolakha-tony-hagen-park-ramite-danda,Bagmati,Dolakha,Tony Hagen Park / Ramite Danda,Viewpoints and hill stations,Jiri Municipality,High,First-round researched,AREA,ROUTABLE,NONE,,provinces/bagmati/districts/dolakha.md,provinces/bagmati/visitor_ready/dolakha.yaml
np-bagmati-dolakha-jiri-fish-pond-and-linkan-area,Bagmati,Dolakha,Jiri Fish Pond and Linkan area,Lakes and wetlands,"Linkan Bazaar, Jiri Municipality",Local/Emerging,First-round researched,WATER,DYNAMIC_CHECK_REQUIRED,ENTRY_FEE;DYNAMIC,,provinces/bagmati/districts/dolakha.md,provinces/bagmati/visitor_ready/dolakha.yaml
np-bagmati-dolakha-jiri-buddhist-heritage-circuit,Bagmati,Dolakha,Jiri Buddhist heritage circuit,Religious sites and temples,Jiri Municipality,High,Needs local verification,ROUTE,ROUTABLE,NONE,,provinces/bagmati/districts/dolakha.md,provinces/bagmati/visitor_ready/dolakha.yaml
np-bagmati-dolakha-sailung-hills,Bagmati,Dolakha,Sailung hills,Viewpoints and hill stations,Sailung Rural Municipality and Dolakha–Ramechhap border,Major,Established,AREA,ROUTABLE,DYNAMIC,,provinces/bagmati/districts/dolakha.md,provinces/bagmati/visitor_ready/dolakha.yaml
np-bagmati-dolakha-kalinag-temple,Bagmati,Dolakha,Kalinag Temple,Religious sites and temples,"Sunkhani, Kalinchowk Rural Municipality",High,First-round researched,POINT,ROUTABLE,NONE,,provinces/bagmati/districts/dolakha.md,provinces/bagmati/visitor_ready/dolakha.yaml
np-bagmati-dolakha-chaughara-heritage-area,Bagmati,Dolakha,Chaughara heritage area,Historical and cultural places,"Sunkhani, Kalinchowk Rural Municipality",Emerging,Needs local verification,AREA,ROUTABLE,NONE,,provinces/bagmati/districts/dolakha.md,provinces/bagmati/visitor_ready/dolakha.yaml
np-bagmati-kathmandu-kathmandu-durbar-square,Bagmati,Kathmandu,Kathmandu Durbar Square,Historical and cultural places,Kathmandu Metropolitan City,,,POINT,ROUTING_HOLD,NONE,,provinces/bagmati/districts/kathmandu.md,provinces/bagmati/visitor_ready/kathmandu.md
np-bagmati-kathmandu-kirtipur-heritage-town,Bagmati,Kathmandu,Kirtipur heritage town,Historical and cultural places,Kirtipur Municipality,,,AREA,ROUTING_HOLD,NONE,,provinces/bagmati/districts/kathmandu.md,provinces/bagmati/visitor_ready/kathmandu.md
np-bagmati-kathmandu-swayambhunath,Bagmati,Kathmandu,Swayambhunath,Religious sites and temples,Kathmandu Metropolitan City,,,POINT,ROUTING_HOLD,NONE,,provinces/bagmati/districts/kathmandu.md,provinces/bagmati/visitor_ready/kathmandu.md
np-bagmati-kathmandu-boudhanath-stupa,Bagmati,Kathmandu,Boudhanath Stupa,Religious sites and temples,Kathmandu Metropolitan City,,,POINT,ROUTING_HOLD,NONE,,provinces/bagmati/districts/kathmandu.md,provinces/bagmati/visitor_ready/kathmandu.md
np-bagmati-kathmandu-pashupatinath-temple,Bagmati,Kathmandu,Pashupatinath Temple,Religious sites and temples,Kathmandu Metropolitan City,,,POINT,ROUTING_HOLD,NONE,,provinces/bagmati/districts/kathmandu.md,provinces/bagmati/visitor_ready/kathmandu.md
np-bagmati-kathmandu-budhanilkantha-temple,Bagmati,Kathmandu,Budhanilkantha Temple,Religious sites and temples,Budhanilkantha Municipality,,,POINT,ROUTING_HOLD,NONE,,provinces/bagmati/districts/kathmandu.md,provinces/bagmati/visitor_ready/kathmandu.md
np-bagmati-kathmandu-kapan-monastery,Bagmati,Kathmandu,Kapan Monastery,Religious sites and temples,Budhanilkantha Municipality,,,POINT,ROUTING_HOLD,NONE,,provinces/bagmati/districts/kathmandu.md,provinces/bagmati/visitor_ready/kathmandu.md
np-bagmati-kathmandu-pharping-heritage-and-monastery-circuit,Bagmati,Kathmandu,Pharping heritage and monastery circuit,Religious sites and temples,Dakshinkali Municipality,,,ROUTE,ROUTING_HOLD,NONE,,provinces/bagmati/districts/kathmandu.md,provinces/bagmati/visitor_ready/kathmandu.md
np-bagmati-kathmandu-dakshinkali-temple,Bagmati,Kathmandu,Dakshinkali Temple,Religious sites and temples,Dakshinkali Municipality,,,POINT,ROUTING_HOLD,NONE,,provinces/bagmati/districts/kathmandu.md,provinces/bagmati/visitor_ready/kathmandu.md
np-bagmati-kathmandu-chandragiri-hills,Bagmati,Kathmandu,Chandragiri Hills,Viewpoints and hill stations,Chandragiri Municipality,,,AREA,ROUTING_HOLD,NONE,,provinces/bagmati/districts/kathmandu.md,provinces/bagmati/visitor_ready/kathmandu.md
np-bagmati-kathmandu-indra-daha-and-dahachok,Bagmati,Kathmandu,Indra Daha and Dahachok,Viewpoints and hill stations,Chandragiri Municipality,,,AREA,ROUTING_HOLD,NONE,,provinces/bagmati/districts/kathmandu.md,provinces/bagmati/visitor_ready/kathmandu.md
np-bagmati-kathmandu-shivapuri-nagarjun-national-park,Bagmati,Kathmandu,Shivapuri-Nagarjun National Park,"National parks, conservation areas, and wildlife sites",Northern and western Kathmandu Valley,,,PROTECTED_AREA,ROUTING_HOLD,PROTECTED_AREA_ENTRY,shivapuri-nagarjun-national-park,provinces/bagmati/districts/kathmandu.md,provinces/bagmati/visitor_ready/kathmandu.md
np-bagmati-kathmandu-nagarjun-jamacho-hike,Bagmati,Kathmandu,Nagarjun-Jamacho hike,Trekking areas and mountain destinations,Nagarjun forest,,,ROUTE,ROUTING_HOLD,NONE,,provinces/bagmati/districts/kathmandu.md,provinces/bagmati/visitor_ready/kathmandu.md
np-bagmati-kathmandu-sundarijal,Bagmati,Kathmandu,Sundarijal,Rivers and waterfalls,Gokarneshwar Municipality,,,CORRIDOR,ROUTING_HOLD,NONE,,provinces/bagmati/districts/kathmandu.md,provinces/bagmati/visitor_ready/kathmandu.md
np-bagmati-kathmandu-bagdwar,Bagmati,Kathmandu,Bagdwar,Rivers and waterfalls,Shivapuri ridge,,,CORRIDOR,ROUTING_HOLD,NONE,,provinces/bagmati/districts/kathmandu.md,provinces/bagmati/visitor_ready/kathmandu.md
np-bagmati-kathmandu-taudaha-lake,Bagmati,Kathmandu,Taudaha Lake,Lakes and wetlands,Kirtipur/Dakshinkali corridor,,,WATER,ROUTING_HOLD,NONE,,provinces/bagmati/districts/kathmandu.md,provinces/bagmati/visitor_ready/kathmandu.md
np-bagmati-kathmandu-gokarna-forest-and-temple-area,Bagmati,Kathmandu,Gokarna forest and temple area,Natural attractions,Gokarneshwar Municipality,,,AREA,ROUTING_HOLD,NONE,,provinces/bagmati/districts/kathmandu.md,provinces/bagmati/visitor_ready/kathmandu.md
np-bagmati-kathmandu-narayanhiti-palace-museum,Bagmati,Kathmandu,Narayanhiti Palace Museum,"Museums, palaces, forts, and monuments",Kathmandu,,,POINT,ROUTING_HOLD,NONE,,provinces/bagmati/districts/kathmandu.md,provinces/bagmati/visitor_ready/kathmandu.md
np-bagmati-kathmandu-national-museum-of-nepal,Bagmati,Kathmandu,National Museum of Nepal,"Museums, palaces, forts, and monuments","Chhauni, Kathmandu",,,POINT,ROUTING_HOLD,NONE,,provinces/bagmati/districts/kathmandu.md,provinces/bagmati/visitor_ready/kathmandu.md
np-bagmati-kavrepalanchok-namo-buddha,Bagmati,Kavrepalanchok,Namo Buddha,Religious sites and temples,Namobuddha Municipality,Major,Established,POINT,ROUTING_HOLD,NONE,,provinces/bagmati/districts/kavrepalanchok.md,provinces/bagmati/visitor_ready/kavrepalanchok.yaml
np-bagmati-kavrepalanchok-thrangu-tashi-yangtse-monastery,Bagmati,Kavrepalanchok,Thrangu Tashi Yangtse Monastery,Religious sites and temples,Namobuddha Municipality,Major,Established,POINT,ROUTING_HOLD,NONE,,provinces/bagmati/districts/kavrepalanchok.md,provinces/bagmati/visitor_ready/kavrepalanchok.yaml
np-bagmati-kavrepalanchok-panauti-heritage-town,Bagmati,Kavrepalanchok,Panauti heritage town,Historical and cultural places,Panauti Municipality,Major,Established,AREA,ROUTING_HOLD,NONE,,provinces/bagmati/districts/kavrepalanchok.md,provinces/bagmati/visitor_ready/kavrepalanchok.yaml
np-bagmati-kavrepalanchok-indreshwar-mahadev-temple,Bagmati,Kavrepalanchok,Indreshwar Mahadev Temple,Religious sites and temples,Panauti Municipality,Major,Established,POINT,ROUTING_HOLD,NONE,,provinces/bagmati/districts/kavrepalanchok.md,provinces/bagmati/visitor_ready/kavrepalanchok.yaml
np-bagmati-kavrepalanchok-panauti-museum,Bagmati,Kavrepalanchok,Panauti Museum,"Museums, palaces, forts, and monuments",Panauti Municipality,High,Established,POINT,ROUTING_HOLD,NONE,,provinces/bagmati/districts/kavrepalanchok.md,provinces/bagmati/visitor_ready/kavrepalanchok.yaml
np-bagmati-kavrepalanchok-panauti-sacred-confluence,Bagmati,Kavrepalanchok,Panauti sacred confluence,Religious sites and temples,Panauti Municipality,High,Established,POINT,ROUTING_HOLD,NONE,,provinces/bagmati/districts/kavrepalanchok.md,provinces/bagmati/visitor_ready/kavrepalanchok.yaml
np-bagmati-kavrepalanchok-dhulikhel,Bagmati,Kavrepalanchok,Dhulikhel,Major tourist attractions,Dhulikhel Municipality,Major,Established,POINT,ROUTING_HOLD,NONE,,provinces/bagmati/districts/kavrepalanchok.md,provinces/bagmati/visitor_ready/kavrepalanchok.yaml
np-bagmati-kavrepalanchok-dhulikhel-old-town,Bagmati,Kavrepalanchok,Dhulikhel old town,Historical and cultural places,Dhulikhel Municipality,High,Established,AREA,ROUTING_HOLD,NONE,,provinces/bagmati/districts/kavrepalanchok.md,provinces/bagmati/visitor_ready/kavrepalanchok.yaml
np-bagmati-kavrepalanchok-dhulikhel-viewpoints,Bagmati,Kavrepalanchok,Dhulikhel viewpoints,Viewpoints and hill stations,Dhulikhel Municipality,Major,Established,AREA,ROUTING_HOLD,NONE,,provinces/bagmati/districts/kavrepalanchok.md,provinces/bagmati/visitor_ready/kavrepalanchok.yaml
np-bagmati-kavrepalanchok-banepa-old-town,Bagmati,Kavrepalanchok,Banepa old town,Historical and cultural places,Banepa Municipality,High,Established,AREA,ROUTING_HOLD,NONE,,provinces/bagmati/districts/kavrepalanchok.md,provinces/bagmati/visitor_ready/kavrepalanchok.yaml
np-bagmati-kavrepalanchok-chandeshwari-temple,Bagmati,Kavrepalanchok,Chandeshwari Temple,Religious sites and temples,Banepa Municipality,Major,Established,POINT,ROUTING_HOLD,NONE,,provinces/bagmati/districts/kavrepalanchok.md,provinces/bagmati/visitor_ready/kavrepalanchok.yaml
np-bagmati-kavrepalanchok-palanchok-bhagwati-temple,Bagmati,Kavrepalanchok,Palanchok Bhagwati Temple,Religious sites and temples,Panchkhal Municipality,Major,Established,POINT,ROUTING_HOLD,NONE,,provinces/bagmati/districts/kavrepalanchok.md,provinces/bagmati/visitor_ready/kavrepalanchok.yaml
np-bagmati-kavrepalanchok-panchkhal-valley,Bagmati,Kavrepalanchok,Panchkhal Valley,Natural attractions,Panchkhal Municipality,High,Established,CORRIDOR,ROUTING_HOLD,NONE,,provinces/bagmati/districts/kavrepalanchok.md,provinces/bagmati/visitor_ready/kavrepalanchok.yaml
np-bagmati-kavrepalanchok-bethanchok-narayanthan,Bagmati,Kavrepalanchok,Bethanchok Narayanthan,Religious sites and temples,Bethanchok Rural Municipality,Major,Established,POINT,ROUTING_HOLD,NONE,,provinces/bagmati/districts/kavrepalanchok.md,provinces/bagmati/visitor_ready/kavrepalanchok.yaml
np-bagmati-kavrepalanchok-bethanchok-hill,Bagmati,Kavrepalanchok,Bethanchok Hill,Viewpoints and hill stations,Bethanchok Rural Municipality,Major,Established,AREA,ROUTING_HOLD,NONE,,provinces/bagmati/districts/kavrepalanchok.md,provinces/bagmati/visitor_ready/kavrepalanchok.yaml
np-bagmati-kavrepalanchok-balthali-village,Bagmati,Kavrepalanchok,Balthali Village,Community tourism and notable villages,Panauti Municipality,Major,Established,AREA,ROUTING_HOLD,NONE,,provinces/bagmati/districts/kavrepalanchok.md,provinces/bagmati/visitor_ready/kavrepalanchok.yaml
np-bagmati-kavrepalanchok-namo-buddha-balthali-trail,Bagmati,Kavrepalanchok,Namo Buddha–Balthali trail,Trekking areas and mountain destinations,Namobuddha and Panauti municipalities,Major,Established,ROUTE,ROUTING_HOLD,NONE,,provinces/bagmati/districts/kavrepalanchok.md,provinces/bagmati/visitor_ready/kavrepalanchok.yaml
np-bagmati-kavrepalanchok-dhulikhel-namo-buddha-trail,Bagmati,Kavrepalanchok,Dhulikhel–Namo Buddha trail,Trekking areas and mountain destinations,Dhulikhel and Namobuddha municipalities,Major,Established,ROUTE,ROUTING_HOLD,NONE,,provinces/bagmati/districts/kavrepalanchok.md,provinces/bagmati/visitor_ready/kavrepalanchok.yaml
np-bagmati-kavrepalanchok-panauti-balthali-trail,Bagmati,Kavrepalanchok,Panauti–Balthali trail,Trekking areas and mountain destinations,Panauti Municipality,High,Established,ROUTE,ROUTING_HOLD,NONE,,provinces/bagmati/districts/kavrepalanchok.md,provinces/bagmati/visitor_ready/kavrepalanchok.yaml
np-bagmati-kavrepalanchok-dapcha-bazaar,Bagmati,Kavrepalanchok,Dapcha Bazaar,Historical and cultural places,Namobuddha Municipality,High,Established,AREA,ROUTING_HOLD,NONE,,provinces/bagmati/districts/kavrepalanchok.md,provinces/bagmati/visitor_ready/kavrepalanchok.yaml
np-bagmati-kavrepalanchok-timal-region,Bagmati,Kavrepalanchok,Timal region,Historical and cultural places,Temal Rural Municipality,High,Established,AREA,ROUTING_HOLD,NONE,,provinces/bagmati/districts/kavrepalanchok.md,provinces/bagmati/visitor_ready/kavrepalanchok.yaml
np-bagmati-kavrepalanchok-timal-ridge-viewpoints,Bagmati,Kavrepalanchok,Timal ridge viewpoints,Viewpoints and hill stations,Temal Rural Municipality,High,First-round researched,AREA,ROUTING_HOLD,NONE,,provinces/bagmati/districts/kavrepalanchok.md,provinces/bagmati/visitor_ready/kavrepalanchok.yaml
np-bagmati-kavrepalanchok-sanga-ridge,Bagmati,Kavrepalanchok,Sanga ridge,Viewpoints and hill stations,Banepa / Sanga area,High,Established,AREA,ROUTING_HOLD,NONE,,provinces/bagmati/districts/kavrepalanchok.md,provinces/bagmati/visitor_ready/kavrepalanchok.yaml
np-bagmati-kavrepalanchok-kailashnath-mahadev-statue,Bagmati,Kavrepalanchok,Kailashnath Mahadev Statue,Religious sites and temples,Sanga,Major,Established,POINT,ROUTING_HOLD,NONE,,provinces/bagmati/districts/kavrepalanchok.md,provinces/bagmati/visitor_ready/kavrepalanchok.yaml
np-bagmati-kavrepalanchok-nagarkot-eastern-ridge,Bagmati,Kavrepalanchok,Nagarkot eastern ridge,Viewpoints and hill stations,Mandan Deupur / Banepa side,High,Established,AREA,ROUTING_HOLD,NONE,,provinces/bagmati/districts/kavrepalanchok.md,provinces/bagmati/visitor_ready/kavrepalanchok.yaml
np-bagmati-kavrepalanchok-roshi-valley,Bagmati,Kavrepalanchok,Roshi Valley,Natural attractions,Roshi Rural Municipality,High,Established,CORRIDOR,ROUTING_HOLD,NONE,,provinces/bagmati/districts/kavrepalanchok.md,provinces/bagmati/visitor_ready/kavrepalanchok.yaml
np-bagmati-kavrepalanchok-roshi-river-corridor,Bagmati,Kavrepalanchok,Roshi River corridor,Rivers and waterfalls,Roshi and Panauti areas,High,Established,CORRIDOR,ROUTING_HOLD,NONE,,provinces/bagmati/districts/kavrepalanchok.md,provinces/bagmati/visitor_ready/kavrepalanchok.yaml
np-bagmati-kavrepalanchok-tindhare-waterfall,Bagmati,Kavrepalanchok,Tindhare Waterfall,Rivers and waterfalls,Roshi Rural Municipality,High,Established,CORRIDOR,ROUTING_HOLD,NONE,,provinces/bagmati/districts/kavrepalanchok.md,provinces/bagmati/visitor_ready/kavrepalanchok.yaml
np-bagmati-kavrepalanchok-kushadevi-forest-landscape,Bagmati,Kavrepalanchok,Kushadevi forest landscape,Natural attractions,Panauti Municipality,High,First-round researched,AREA,ROUTING_HOLD,NONE,,provinces/bagmati/districts/kavrepalanchok.md,provinces/bagmati/visitor_ready/kavrepalanchok.yaml
np-bagmati-kavrepalanchok-bolde-viewpoint,Bagmati,Kavrepalanchok,Bolde viewpoint,Viewpoints and hill stations,Temal / Bolde area,Medium,Needs local verification,AREA,ROUTING_HOLD,NONE,,provinces/bagmati/districts/kavrepalanchok.md,provinces/bagmati/visitor_ready/kavrepalanchok.yaml
np-bagmati-kavrepalanchok-kavre-bhanjyang,Bagmati,Kavrepalanchok,Kavre Bhanjyang,Viewpoints and hill stations,Dhulikhel / Namobuddha corridor,High,Established,AREA,ROUTING_HOLD,NONE,,provinces/bagmati/districts/kavrepalanchok.md,provinces/bagmati/visitor_ready/kavrepalanchok.yaml
np-bagmati-kavrepalanchok-panchkhal-agro-tourism-belt,Bagmati,Kavrepalanchok,Panchkhal agro-tourism belt,Lesser-known or emerging destinations,Panchkhal Municipality,High,First-round researched,POINT,ROUTING_HOLD,NONE,,provinces/bagmati/districts/kavrepalanchok.md,provinces/bagmati/visitor_ready/kavrepalanchok.yaml
np-bagmati-lalitpur-patan-durbar-square,Bagmati,Lalitpur,Patan Durbar Square,Historical and cultural places,Lalitpur Metropolitan City,,,POINT,ROUTING_HOLD,NONE,,provinces/bagmati/districts/lalitpur.md,provinces/bagmati/visitor_ready/lalitpur.md
np-bagmati-lalitpur-patan-museum,Bagmati,Lalitpur,Patan Museum,"Museums, palaces, forts, and monuments",Patan Durbar Square,,,POINT,ROUTING_HOLD,NONE,,provinces/bagmati/districts/lalitpur.md,provinces/bagmati/visitor_ready/lalitpur.md
np-bagmati-lalitpur-hiranya-varna-mahavihar,Bagmati,Lalitpur,Hiranya Varna Mahavihar,Religious sites and temples,Patan,,,POINT,ROUTING_HOLD,NONE,,provinces/bagmati/districts/lalitpur.md,provinces/bagmati/visitor_ready/lalitpur.md
np-bagmati-lalitpur-mahaboudha-temple,Bagmati,Lalitpur,Mahaboudha Temple,Religious sites and temples,Patan,,,POINT,ROUTING_HOLD,NONE,,provinces/bagmati/districts/lalitpur.md,provinces/bagmati/visitor_ready/lalitpur.md
np-bagmati-lalitpur-kumbeshwar-temple,Bagmati,Lalitpur,Kumbeshwar Temple,Religious sites and temples,Patan,,,POINT,ROUTING_HOLD,NONE,,provinces/bagmati/districts/lalitpur.md,provinces/bagmati/visitor_ready/lalitpur.md
np-bagmati-lalitpur-bajrabarahi-temple-and-forest,Bagmati,Lalitpur,Bajrabarahi Temple and forest,Religious sites and temples,Godawari Municipality,,,AREA,ROUTING_HOLD,NONE,,provinces/bagmati/districts/lalitpur.md,provinces/bagmati/visitor_ready/lalitpur.md
np-bagmati-lalitpur-tika-bhairab-and-lele-valley,Bagmati,Lalitpur,Tika Bhairab and Lele valley,Religious sites and temples,Godawari Municipality,,,CORRIDOR,ROUTING_HOLD,NONE,,provinces/bagmati/districts/lalitpur.md,provinces/bagmati/visitor_ready/lalitpur.md
np-bagmati-lalitpur-karya-binayak-temple,Bagmati,Lalitpur,Karya Binayak Temple,Religious sites and temples,Bungamati area,,,POINT,ROUTING_HOLD,NONE,,provinces/bagmati/districts/lalitpur.md,provinces/bagmati/visitor_ready/lalitpur.md
np-bagmati-lalitpur-bungamati-heritage-village,Bagmati,Lalitpur,Bungamati heritage village,Community tourism and notable villages,Lalitpur Metropolitan City,,,AREA,ROUTING_HOLD,NONE,,provinces/bagmati/districts/lalitpur.md,provinces/bagmati/visitor_ready/lalitpur.md
np-bagmati-lalitpur-khokana-heritage-village,Bagmati,Lalitpur,Khokana heritage village,Community tourism and notable villages,Lalitpur Metropolitan City,,,AREA,ROUTING_HOLD,NONE,,provinces/bagmati/districts/lalitpur.md,provinces/bagmati/visitor_ready/lalitpur.md
np-bagmati-lalitpur-godavari-botanical-garden,Bagmati,Lalitpur,Godavari Botanical Garden,Natural attractions,Godawari Municipality,,,POINT,ROUTING_HOLD,NONE,,provinces/bagmati/districts/lalitpur.md,provinces/bagmati/visitor_ready/lalitpur.md
np-bagmati-lalitpur-phulchowki-hill,Bagmati,Lalitpur,Phulchowki hill,Viewpoints and hill stations,Godawari Municipality,,,AREA,ROUTING_HOLD,NONE,,provinces/bagmati/districts/lalitpur.md,provinces/bagmati/visitor_ready/lalitpur.md
np-bagmati-lalitpur-lakuri-bhanjyang,Bagmati,Lalitpur,Lakuri Bhanjyang,Viewpoints and hill stations,Mahalaxmi Municipality,,,AREA,ROUTING_HOLD,NONE,,provinces/bagmati/districts/lalitpur.md,provinces/bagmati/visitor_ready/lalitpur.md
np-bagmati-lalitpur-nag-daha,Bagmati,Lalitpur,Nag Daha,Lakes and wetlands,"Dhapakhel, Lalitpur",,,WATER,ROUTING_HOLD,NONE,,provinces/bagmati/districts/lalitpur.md,provinces/bagmati/visitor_ready/lalitpur.md
np-bagmati-makwanpur-daman,Bagmati,Makwanpur,Daman,Viewpoints and hill stations,Thaha Municipality,Major,Established,AREA,ROUTABLE,NONE,,provinces/bagmati/districts/makwanpur.md,provinces/bagmati/visitor_ready/makwanpur.yaml
np-bagmati-makwanpur-sim-bhanjyang,Bagmati,Makwanpur,Sim Bhanjyang,Viewpoints and hill stations,Thaha Municipality,Major,Established,AREA,ROUTABLE,NONE,,provinces/bagmati/districts/makwanpur.md,provinces/bagmati/visitor_ready/makwanpur.yaml
np-bagmati-makwanpur-daman-view-tower-area,Bagmati,Makwanpur,Daman View Tower area,Viewpoints and hill stations,Thaha Municipality,High,Established,AREA,ROUTABLE,DYNAMIC,,provinces/bagmati/districts/makwanpur.md,provinces/bagmati/visitor_ready/makwanpur.yaml
np-bagmati-makwanpur-chitlang-village,Bagmati,Makwanpur,Chitlang Village,Community tourism and notable villages,Thaha Municipality,Major,Established,AREA,ROUTABLE,NONE,,provinces/bagmati/districts/makwanpur.md,provinces/bagmati/visitor_ready/makwanpur.yaml
np-bagmati-makwanpur-tistung-heritage-area,Bagmati,Makwanpur,Tistung heritage area,Historical and cultural places,Thaha Municipality,High,Established,CORRIDOR,ROUTABLE,NONE,,provinces/bagmati/districts/makwanpur.md,provinces/bagmati/visitor_ready/makwanpur.yaml
np-bagmati-makwanpur-kulekhani-reservoir-indra-sarovar,Bagmati,Makwanpur,Kulekhani Reservoir / Indra Sarovar,Lakes and wetlands,Indrasarowar Rural Municipality,Major,Established,WATER,ROUTABLE,OPERATOR_DEPENDENT,,provinces/bagmati/districts/makwanpur.md,provinces/bagmati/visitor_ready/makwanpur.yaml
np-bagmati-makwanpur-markhu,Bagmati,Makwanpur,Markhu,Community tourism and notable villages,Indrasarowar Rural Municipality,Major,Established,WATER,ROUTABLE,NONE,,provinces/bagmati/districts/makwanpur.md,provinces/bagmati/visitor_ready/makwanpur.yaml
np-bagmati-makwanpur-kulekhani-dam-viewpoint,Bagmati,Makwanpur,Kulekhani Dam viewpoint,Viewpoints and hill stations,Indrasarowar Rural Municipality,High,Established,AREA,ROUTING_HOLD,NONE,,provinces/bagmati/districts/makwanpur.md,provinces/bagmati/visitor_ready/makwanpur.yaml
np-bagmati-makwanpur-mohini-jharana,Bagmati,Makwanpur,Mohini Jharana,Rivers and waterfalls,Indrasarowar Rural Municipality,High,Established,CORRIDOR,ROUTABLE,DYNAMIC,,provinces/bagmati/districts/makwanpur.md,provinces/bagmati/visitor_ready/makwanpur.yaml
np-bagmati-makwanpur-makwanpurgadhi-fort,Bagmati,Makwanpur,Makwanpurgadhi Fort,"Museums, palaces, forts, and monuments",Makwanpurgadhi Rural Municipality,Major,Established,POINT,ROUTABLE,NONE,,provinces/bagmati/districts/makwanpur.md,provinces/bagmati/visitor_ready/makwanpur.yaml
np-bagmati-makwanpur-makwanpurgadhi-heritage-village,Bagmati,Makwanpur,Makwanpurgadhi heritage village,Historical and cultural places,Makwanpurgadhi Rural Municipality,High,First-round researched,AREA,ROUTABLE,NONE,,provinces/bagmati/districts/makwanpur.md,provinces/bagmati/visitor_ready/makwanpur.yaml
np-bagmati-makwanpur-chisapani-gadhi,Bagmati,Makwanpur,Chisapani Gadhi,"Museums, palaces, forts, and monuments",Bhimphedi region,High,Established,POINT,ROUTABLE,NONE,,provinces/bagmati/districts/makwanpur.md,provinces/bagmati/visitor_ready/makwanpur.yaml
np-bagmati-makwanpur-bhimphedi-heritage-town,Bagmati,Makwanpur,Bhimphedi heritage town,Historical and cultural places,Bhimphedi Rural Municipality,High,Established,AREA,ROUTABLE,NONE,,provinces/bagmati/districts/makwanpur.md,provinces/bagmati/visitor_ready/makwanpur.yaml
np-bagmati-makwanpur-bhimphedi-old-ropeway-heritage,Bagmati,Makwanpur,Bhimphedi old ropeway heritage,"Museums, palaces, forts, and monuments",Bhimphedi Rural Municipality,High,First-round researched,AREA,ROUTABLE,NONE,,provinces/bagmati/districts/makwanpur.md,provinces/bagmati/visitor_ready/makwanpur.yaml
np-bagmati-makwanpur-martyr-memorial-park-shahid-smarak,Bagmati,Makwanpur,Martyr Memorial Park / Shahid Smarak,"Museums, palaces, forts, and monuments",Hetauda Sub-Metropolitan City,Major,Established,POINT,ROUTABLE,NONE,,provinces/bagmati/districts/makwanpur.md,provinces/bagmati/visitor_ready/makwanpur.yaml
np-bagmati-makwanpur-hetauda,Bagmati,Makwanpur,Hetauda,Major tourist attractions,Hetauda Sub-Metropolitan City,High,Established,AREA,ROUTABLE,NONE,,provinces/bagmati/districts/makwanpur.md,provinces/bagmati/visitor_ready/makwanpur.yaml
np-bagmati-makwanpur-bhutandevi-temple,Bagmati,Makwanpur,Bhutandevi Temple,Religious sites and temples,Hetauda Sub-Metropolitan City,Major,Established,POINT,ROUTABLE,NONE,,provinces/bagmati/districts/makwanpur.md,provinces/bagmati/visitor_ready/makwanpur.yaml
np-bagmati-makwanpur-manakamana-temple-hetauda,Bagmati,Makwanpur,"Manakamana Temple, Hetauda",Religious sites and temples,Hetauda Sub-Metropolitan City,High,Established,POINT,ROUTABLE,NONE,,provinces/bagmati/districts/makwanpur.md,provinces/bagmati/visitor_ready/makwanpur.yaml
np-bagmati-makwanpur-pashupatinath-temple-hetauda,Bagmati,Makwanpur,"Pashupatinath Temple, Hetauda",Religious sites and temples,Hetauda Sub-Metropolitan City,Medium,Established,POINT,ROUTABLE,NONE,,provinces/bagmati/districts/makwanpur.md,provinces/bagmati/visitor_ready/makwanpur.yaml
np-bagmati-makwanpur-risheshwar-mahadev,Bagmati,Makwanpur,Risheshwar Mahadev,Religious sites and temples,Daman / Thaha Municipality,High,Established,POINT,ROUTABLE,NONE,,provinces/bagmati/districts/makwanpur.md,provinces/bagmati/visitor_ready/makwanpur.yaml
np-bagmati-makwanpur-bajrabarahi-temple-thaha,Bagmati,Makwanpur,"Bajrabarahi Temple, Thaha",Religious sites and temples,Thaha Municipality,High,Established,POINT,ROUTABLE,NONE,,provinces/bagmati/districts/makwanpur.md,provinces/bagmati/visitor_ready/makwanpur.yaml
np-bagmati-makwanpur-gumba-danda,Bagmati,Makwanpur,Gumba Danda,Viewpoints and hill stations,Hetauda area,High,Established,AREA,ROUTABLE,NONE,,provinces/bagmati/districts/makwanpur.md,provinces/bagmati/visitor_ready/makwanpur.yaml
np-bagmati-makwanpur-rapti-river-corridor,Bagmati,Makwanpur,Rapti River corridor,Rivers and waterfalls,Hetauda and western Makwanpur,High,Established,CORRIDOR,ROUTABLE,NONE,,provinces/bagmati/districts/makwanpur.md,provinces/bagmati/visitor_ready/makwanpur.yaml
np-bagmati-makwanpur-manahari-river-and-forest-landscape,Bagmati,Makwanpur,Manahari River and forest landscape,Natural attractions,Manahari Rural Municipality,High,Established,CORRIDOR,ROUTABLE,NONE,,provinces/bagmati/districts/makwanpur.md,provinces/bagmati/visitor_ready/makwanpur.yaml
np-bagmati-makwanpur-parsa-national-park-sector,Bagmati,Makwanpur,Parsa National Park sector,"National parks, conservation areas, and wildlife sites",Southern Makwanpur,Major,Established,PROTECTED_AREA,ROUTABLE,PROTECTED_AREA_ENTRY,,provinces/bagmati/districts/makwanpur.md,provinces/bagmati/visitor_ready/makwanpur.yaml
np-bagmati-makwanpur-chitwan-parsa-wildlife-corridor,Bagmati,Makwanpur,Chitwan–Parsa wildlife corridor,"National parks, conservation areas, and wildlife sites",Southern and western Makwanpur,High,Established,PROTECTED_AREA,ROUTABLE,PROTECTED_AREA_ENTRY,,provinces/bagmati/districts/makwanpur.md,provinces/bagmati/visitor_ready/makwanpur.yaml
np-bagmati-makwanpur-chitlang-markhu-hiking-route,Bagmati,Makwanpur,Chitlang–Markhu hiking route,Trekking areas and mountain destinations,Thaha and Indrasarowar,Major,Established,ROUTE,ROUTABLE,NONE,,provinces/bagmati/districts/makwanpur.md,provinces/bagmati/visitor_ready/makwanpur.yaml
np-bagmati-makwanpur-daman-simbhanjyang-ridge-trail,Bagmati,Makwanpur,Daman–Simbhanjyang ridge trail,Trekking areas and mountain destinations,Thaha Municipality,High,Established,ROUTE,ROUTABLE,NONE,,provinces/bagmati/districts/makwanpur.md,provinces/bagmati/visitor_ready/makwanpur.yaml
np-bagmati-makwanpur-kanti-rajpath-scenic-corridor,Bagmati,Makwanpur,Kanti Rajpath scenic corridor,Major tourist attractions,Northern Makwanpur,High,First-round researched,CORRIDOR,ROUTABLE,NONE,,provinces/bagmati/districts/makwanpur.md,provinces/bagmati/visitor_ready/makwanpur.yaml
np-bagmati-makwanpur-chitlang-orchards-and-goat-cheese-farms,Bagmati,Makwanpur,Chitlang orchards and goat-cheese farms,Lesser-known or emerging destinations,Thaha Municipality,High,Established,POINT,ROUTING_HOLD,NONE,,provinces/bagmati/districts/makwanpur.md,provinces/bagmati/visitor_ready/makwanpur.yaml
np-bagmati-makwanpur-manahari-community-tourism-area,Bagmati,Makwanpur,Manahari community tourism area,Community tourism and notable villages,Manahari Rural Municipality,Medium,First-round researched,AREA,ROUTING_HOLD,NONE,,provinces/bagmati/districts/makwanpur.md,provinces/bagmati/visitor_ready/makwanpur.yaml
np-bagmati-nuwakot-nuwakot-durbar-complex,Bagmati,Nuwakot,Nuwakot Durbar complex,"Museums, palaces, forts, and monuments",Bidur Municipality,Major,Established,POINT,ROUTABLE,NONE,,provinces/bagmati/districts/nuwakot.md,provinces/bagmati/visitor_ready/nuwakot.yaml
np-bagmati-nuwakot-saat-tale-durbar,Bagmati,Nuwakot,Saat Tale Durbar,"Museums, palaces, forts, and monuments",Nuwakot heritage area,Major,Established,POINT,ROUTING_HOLD,NONE,,provinces/bagmati/districts/nuwakot.md,provinces/bagmati/visitor_ready/nuwakot.yaml
np-bagmati-nuwakot-bhairabi-temple-nuwakot,Bagmati,Nuwakot,"Bhairabi Temple, Nuwakot",Religious sites and temples,Nuwakot heritage area,Major,Established,POINT,ROUTING_HOLD,NONE,,provinces/bagmati/districts/nuwakot.md,provinces/bagmati/visitor_ready/nuwakot.yaml
np-bagmati-nuwakot-taleju-temple-nuwakot,Bagmati,Nuwakot,"Taleju Temple, Nuwakot",Religious sites and temples,Nuwakot heritage area,High,Established,POINT,ROUTING_HOLD,NONE,,provinces/bagmati/districts/nuwakot.md,provinces/bagmati/visitor_ready/nuwakot.yaml
np-bagmati-nuwakot-nuwakot-old-town,Bagmati,Nuwakot,Nuwakot old town,Historical and cultural places,Bidur Municipality,Major,Established,AREA,ROUTING_HOLD,NONE,,provinces/bagmati/districts/nuwakot.md,provinces/bagmati/visitor_ready/nuwakot.yaml
np-bagmati-nuwakot-devighat,Bagmati,Nuwakot,Devighat,Religious sites and temples,Trishuli–Tadi confluence,Major,Established,AREA,ROUTABLE,NONE,,provinces/bagmati/districts/nuwakot.md,provinces/bagmati/visitor_ready/nuwakot.yaml
np-bagmati-nuwakot-prithvi-narayan-shah-memorial-area,Bagmati,Nuwakot,Prithvi Narayan Shah memorial area,"Museums, palaces, forts, and monuments",Devighat,High,Established,AREA,ROUTING_HOLD,NONE,,provinces/bagmati/districts/nuwakot.md,provinces/bagmati/visitor_ready/nuwakot.yaml
np-bagmati-nuwakot-dupcheshwar-mahadev-temple,Bagmati,Nuwakot,Dupcheshwar Mahadev Temple,Religious sites and temples,Dupcheshwar Rural Municipality,Major,Established,POINT,ROUTABLE,DYNAMIC,,provinces/bagmati/districts/nuwakot.md,provinces/bagmati/visitor_ready/nuwakot.yaml
np-bagmati-nuwakot-betrawati,Bagmati,Nuwakot,Betrawati,Historical and cultural places,Bidur / Rasuwa border corridor,High,Established,CORRIDOR,ROUTABLE,NONE,,provinces/bagmati/districts/nuwakot.md,provinces/bagmati/visitor_ready/nuwakot.yaml
np-bagmati-nuwakot-betrawati-treaty-area,Bagmati,Nuwakot,Betrawati treaty area,"Museums, palaces, forts, and monuments",Betrawati,High,First-round researched,CORRIDOR,ROUTABLE,NONE,,provinces/bagmati/districts/nuwakot.md,provinces/bagmati/visitor_ready/nuwakot.yaml
np-bagmati-nuwakot-kakani,Bagmati,Nuwakot,Kakani,Viewpoints and hill stations,Kakani Rural Municipality,Major,Established,AREA,ROUTABLE,NONE,,provinces/bagmati/districts/nuwakot.md,provinces/bagmati/visitor_ready/nuwakot.yaml
np-bagmati-nuwakot-kakani-memorial-park,Bagmati,Nuwakot,Kakani memorial park,"Museums, palaces, forts, and monuments",Kakani Rural Municipality,High,Established,AREA,ROUTABLE,NONE,,provinces/bagmati/districts/nuwakot.md,provinces/bagmati/visitor_ready/nuwakot.yaml
np-bagmati-nuwakot-suryachaur,Bagmati,Nuwakot,Suryachaur,Viewpoints and hill stations,Shivapuri / Likhu side,High,Established,AREA,ROUTABLE,NONE,,provinces/bagmati/districts/nuwakot.md,provinces/bagmati/visitor_ready/nuwakot.yaml
np-bagmati-nuwakot-samari-bhanjyang,Bagmati,Nuwakot,Samari Bhanjyang,Viewpoints and hill stations,Nuwakot district,High,First-round researched,AREA,ROUTABLE,NONE,,provinces/bagmati/districts/nuwakot.md,provinces/bagmati/visitor_ready/nuwakot.yaml
np-bagmati-nuwakot-trishuli-river-rafting-corridor,Bagmati,Nuwakot,Trishuli River rafting corridor,Rivers and waterfalls,Across Nuwakot,Major,Established,CORRIDOR,ROUTABLE,OPERATOR_DEPENDENT,,provinces/bagmati/districts/nuwakot.md,provinces/bagmati/visitor_ready/nuwakot.yaml
np-bagmati-nuwakot-tadi-river-valley,Bagmati,Nuwakot,Tadi River valley,Rivers and waterfalls,Central Nuwakot,High,Established,CORRIDOR,ROUTABLE,NONE,,provinces/bagmati/districts/nuwakot.md,provinces/bagmati/visitor_ready/nuwakot.yaml
np-bagmati-nuwakot-likhu-river-valley,Bagmati,Nuwakot,Likhu River valley,Rivers and waterfalls,Eastern Nuwakot,High,Established,CORRIDOR,ROUTABLE,NONE,,provinces/bagmati/districts/nuwakot.md,provinces/bagmati/visitor_ready/nuwakot.yaml
np-bagmati-nuwakot-chhahare-waterfall-area,Bagmati,Nuwakot,Chhahare waterfall area,Rivers and waterfalls,Eastern Nuwakot,Medium,Needs local verification,CORRIDOR,ROUTABLE,NONE,,provinces/bagmati/districts/nuwakot.md,provinces/bagmati/visitor_ready/nuwakot.yaml
np-bagmati-nuwakot-kispang-village,Bagmati,Nuwakot,Kispang Village,Community tourism and notable villages,Kispang Rural Municipality,High,Established,AREA,ROUTABLE,NONE,,provinces/bagmati/districts/nuwakot.md,provinces/bagmati/visitor_ready/nuwakot.yaml
np-bagmati-nuwakot-ghale-village-landscapes,Bagmati,Nuwakot,Ghale village landscapes,Community tourism and notable villages,Kispang Rural Municipality,High,First-round researched,AREA,ROUTING_HOLD,NONE,,provinces/bagmati/districts/nuwakot.md,provinces/bagmati/visitor_ready/nuwakot.yaml
np-bagmati-nuwakot-dupcheshwar-forest-landscape,Bagmati,Nuwakot,Dupcheshwar forest landscape,Natural attractions,Dupcheshwar Rural Municipality,High,Established,AREA,ROUTABLE,NONE,,provinces/bagmati/districts/nuwakot.md,provinces/bagmati/visitor_ready/nuwakot.yaml
np-bagmati-nuwakot-shivapuri-nagarjun-national-park-buffer-sector,Bagmati,Nuwakot,Shivapuri–Nagarjun National Park buffer sector,"National parks, conservation areas, and wildlife sites",Southern Nuwakot,High,Established,PROTECTED_AREA,ROUTING_HOLD,PROTECTED_AREA_ENTRY,,provinces/bagmati/districts/nuwakot.md,provinces/bagmati/visitor_ready/nuwakot.yaml
np-bagmati-nuwakot-langtang-national-park-sector,Bagmati,Nuwakot,Langtang National Park sector,"National parks, conservation areas, and wildlife sites",Northern/eastern Nuwakot,High,Established,PROTECTED_AREA,ROUTING_HOLD,PROTECTED_AREA_ENTRY,,provinces/bagmati/districts/nuwakot.md,provinces/bagmati/visitor_ready/nuwakot.yaml
np-bagmati-nuwakot-kakani-nuwakot-heritage-trail,Bagmati,Nuwakot,Kakani–Nuwakot heritage trail,Trekking areas and mountain destinations,Kakani to Bidur/Nuwakot,High,First-round researched,ROUTE,ROUTABLE,NONE,,provinces/bagmati/districts/nuwakot.md,provinces/bagmati/visitor_ready/nuwakot.yaml
np-bagmati-nuwakot-dupcheshwar-pilgrimage-trail,Bagmati,Nuwakot,Dupcheshwar pilgrimage trail,Trekking areas and mountain destinations,Dupcheshwar Rural Municipality,High,Established,ROUTE,ROUTABLE,NONE,,provinces/bagmati/districts/nuwakot.md,provinces/bagmati/visitor_ready/nuwakot.yaml
np-bagmati-nuwakot-tadi-valley-cycling-route,Bagmati,Nuwakot,Tadi valley cycling route,Lesser-known or emerging destinations,Central Nuwakot,Medium,First-round researched,CORRIDOR,ROUTABLE,NONE,,provinces/bagmati/districts/nuwakot.md,provinces/bagmati/visitor_ready/nuwakot.yaml
np-bagmati-nuwakot-northern-tamang-villages,Bagmati,Nuwakot,Northern Tamang villages,Community tourism and notable villages,Dupcheshwar and Kispang areas,Medium,Needs local verification,AREA,ROUTABLE,NONE,,provinces/bagmati/districts/nuwakot.md,provinces/bagmati/visitor_ready/nuwakot.yaml
np-bagmati-ramechhap-numbur-cheese-circuit,Bagmati,Ramechhap,Numbur Cheese Circuit,Trekking areas and mountain destinations,Umakunda Rural Municipality,Major,Established,ROUTE,ROUTABLE,DYNAMIC,,provinces/bagmati/districts/ramechhap.md,provinces/bagmati/visitor_ready/ramechhap.yaml
np-bagmati-ramechhap-numbur-himal-region,Bagmati,Ramechhap,Numbur Himal region,Trekking areas and mountain destinations,Northern Ramechhap,Major,Established,ROUTE,ROUTABLE,NONE,,provinces/bagmati/districts/ramechhap.md,provinces/bagmati/visitor_ready/ramechhap.yaml
np-bagmati-ramechhap-jata-pokhari,Bagmati,Ramechhap,Jata Pokhari,Lakes and wetlands,Umakunda Rural Municipality,Major,Established,WATER,ROUTABLE,NONE,,provinces/bagmati/districts/ramechhap.md,provinces/bagmati/visitor_ready/ramechhap.yaml
np-bagmati-ramechhap-panch-pokhari-ramechhap,Bagmati,Ramechhap,"Panch Pokhari, Ramechhap",Lakes and wetlands,Umakunda Rural Municipality,Major,Established,WATER,ROUTABLE,NONE,,provinces/bagmati/districts/ramechhap.md,provinces/bagmati/visitor_ready/ramechhap.yaml
np-bagmati-ramechhap-thulo-sailung,Bagmati,Ramechhap,Thulo Sailung,Viewpoints and hill stations,Doramba Sailung Rural Municipality,Major,Established,AREA,ROUTABLE,NONE,,provinces/bagmati/districts/ramechhap.md,provinces/bagmati/visitor_ready/ramechhap.yaml
np-bagmati-ramechhap-sunapati-hill,Bagmati,Ramechhap,Sunapati Hill,Viewpoints and hill stations,Sunapati Rural Municipality,High,Established,AREA,ROUTABLE,NONE,,provinces/bagmati/districts/ramechhap.md,provinces/bagmati/visitor_ready/ramechhap.yaml
np-bagmati-ramechhap-khandadevi-temple,Bagmati,Ramechhap,Khandadevi Temple,Religious sites and temples,Khandadevi Rural Municipality,Major,Established,POINT,ROUTABLE,NONE,,provinces/bagmati/districts/ramechhap.md,provinces/bagmati/visitor_ready/ramechhap.yaml
np-bagmati-ramechhap-thodung-monastery,Bagmati,Ramechhap,Thodung Monastery,Religious sites and temples,Doramba Sailung region,High,Established,POINT,ROUTABLE,NONE,,provinces/bagmati/districts/ramechhap.md,provinces/bagmati/visitor_ready/ramechhap.yaml
np-bagmati-ramechhap-doramba-cultural-village,Bagmati,Ramechhap,Doramba cultural village,Historical and cultural places,Doramba Sailung Rural Municipality,High,Established,AREA,ROUTABLE,NONE,,provinces/bagmati/districts/ramechhap.md,provinces/bagmati/visitor_ready/ramechhap.yaml
np-bagmati-ramechhap-doramba-memorial-area,Bagmati,Ramechhap,Doramba memorial area,"Museums, palaces, forts, and monuments",Doramba Sailung Rural Municipality,High,Established,AREA,ROUTABLE,NONE,,provinces/bagmati/districts/ramechhap.md,provinces/bagmati/visitor_ready/ramechhap.yaml
np-bagmati-ramechhap-manthali,Bagmati,Ramechhap,Manthali,Major tourist attractions,Manthali Municipality,High,Established,AREA,ROUTABLE,DYNAMIC,,provinces/bagmati/districts/ramechhap.md,provinces/bagmati/visitor_ready/ramechhap.yaml
np-bagmati-ramechhap-ramechhap-airport,Bagmati,Ramechhap,Ramechhap Airport,Major tourist attractions,Manthali Municipality,High,Established,POINT,DYNAMIC_CHECK_REQUIRED,DYNAMIC,,provinces/bagmati/districts/ramechhap.md,provinces/bagmati/visitor_ready/ramechhap.yaml
np-bagmati-ramechhap-ramechhap-bazaar,Bagmati,Ramechhap,Ramechhap Bazaar,Historical and cultural places,Ramechhap Municipality,High,First-round researched,AREA,ROUTABLE,NONE,,provinces/bagmati/districts/ramechhap.md,provinces/bagmati/visitor_ready/ramechhap.yaml
np-bagmati-ramechhap-tamakoshi-river-corridor,Bagmati,Ramechhap,Tamakoshi River corridor,Rivers and waterfalls,Manthali and western Ramechhap,Major,Established,CORRIDOR,ROUTABLE,OPERATOR_DEPENDENT;DYNAMIC,,provinces/bagmati/districts/ramechhap.md,provinces/bagmati/visitor_ready/ramechhap.yaml
np-bagmati-ramechhap-likhu-river-valley,Bagmati,Ramechhap,Likhu River valley,Rivers and waterfalls,Eastern Ramechhap,High,Established,CORRIDOR,ROUTABLE,NONE,,provinces/bagmati/districts/ramechhap.md,provinces/bagmati/visitor_ready/ramechhap.yaml
np-bagmati-ramechhap-khimti-valley,Bagmati,Ramechhap,Khimti valley,Natural attractions,Eastern Ramechhap,High,Established,CORRIDOR,ROUTABLE,NONE,,provinces/bagmati/districts/ramechhap.md,provinces/bagmati/visitor_ready/ramechhap.yaml
np-bagmati-ramechhap-gumdel-village,Bagmati,Ramechhap,Gumdel Village,Community tourism and notable villages,Umakunda Rural Municipality,High,Established,AREA,ROUTABLE,NONE,,provinces/bagmati/districts/ramechhap.md,provinces/bagmati/visitor_ready/ramechhap.yaml
np-bagmati-ramechhap-bamti-bhandar,Bagmati,Ramechhap,Bamti Bhandar,Community tourism and notable villages,Umakunda Rural Municipality,High,Established,AREA,ROUTABLE,NONE,,provinces/bagmati/districts/ramechhap.md,provinces/bagmati/visitor_ready/ramechhap.yaml
np-bagmati-ramechhap-chuchure,Bagmati,Ramechhap,Chuchure,Community tourism and notable villages,Umakunda Rural Municipality,High,First-round researched,AREA,ROUTABLE,NONE,,provinces/bagmati/districts/ramechhap.md,provinces/bagmati/visitor_ready/ramechhap.yaml
np-bagmati-ramechhap-those,Bagmati,Ramechhap,Those,Historical and cultural places,Gokulganga Rural Municipality,High,First-round researched,AREA,ROUTABLE,NONE,,provinces/bagmati/districts/ramechhap.md,provinces/bagmati/visitor_ready/ramechhap.yaml
np-bagmati-ramechhap-bethali,Bagmati,Ramechhap,Bethali,Community tourism and notable villages,Sunapati Rural Municipality,Medium,Needs local verification,AREA,ROUTABLE,NONE,,provinces/bagmati/districts/ramechhap.md,provinces/bagmati/visitor_ready/ramechhap.yaml
np-bagmati-ramechhap-rakathum,Bagmati,Ramechhap,Rakathum,Community tourism and notable villages,Khandadevi Rural Municipality,Medium,First-round researched,AREA,ROUTABLE,NONE,,provinces/bagmati/districts/ramechhap.md,provinces/bagmati/visitor_ready/ramechhap.yaml
np-bagmati-ramechhap-bhaleshwor-mahadev-area,Bagmati,Ramechhap,Bhaleshwor Mahadev area,Religious sites and temples,Ramechhap district,Medium,Needs local verification,AREA,ROUTABLE,NONE,,provinces/bagmati/districts/ramechhap.md,provinces/bagmati/visitor_ready/ramechhap.yaml
np-bagmati-ramechhap-umatirtha,Bagmati,Ramechhap,Umatirtha,Religious sites and temples,Umakunda region,Medium,Needs local verification,POINT,ROUTABLE,NONE,,provinces/bagmati/districts/ramechhap.md,provinces/bagmati/visitor_ready/ramechhap.yaml
np-bagmati-ramechhap-indigenous-peoples-trail-ramechhap-sector,Bagmati,Ramechhap,Indigenous Peoples Trail – Ramechhap sector,Trekking areas and mountain destinations,"Doramba Sailung, Sunapati and Khandadevi",High,Established,ROUTE,ROUTABLE,NONE,,provinces/bagmati/districts/ramechhap.md,provinces/bagmati/visitor_ready/ramechhap.yaml
np-bagmati-ramechhap-sailung-sunrise-viewpoint,Bagmati,Ramechhap,Sailung sunrise viewpoint,Viewpoints and hill stations,Doramba Sailung Rural Municipality,High,Established,AREA,ROUTABLE,NONE,,provinces/bagmati/districts/ramechhap.md,provinces/bagmati/visitor_ready/ramechhap.yaml
np-bagmati-ramechhap-numbur-alpine-meadows,Bagmati,Ramechhap,Numbur alpine meadows,Natural attractions,Umakunda Rural Municipality,High,First-round researched,AREA,ROUTABLE,DYNAMIC,,provinces/bagmati/districts/ramechhap.md,provinces/bagmati/visitor_ready/ramechhap.yaml
np-bagmati-ramechhap-khimti-waterfalls-and-cascades,Bagmati,Ramechhap,Khimti waterfalls and cascades,Rivers and waterfalls,Gokulganga / Khimti corridor,Medium,Needs local verification,CORRIDOR,ROUTABLE,DYNAMIC,,provinces/bagmati/districts/ramechhap.md,provinces/bagmati/visitor_ready/ramechhap.yaml
np-bagmati-ramechhap-manthali-riverbank-recreation-area,Bagmati,Ramechhap,Manthali riverbank recreation area,Lesser-known or emerging destinations,Manthali Municipality,Medium,First-round researched,CORRIDOR,ROUTABLE,DYNAMIC,,provinces/bagmati/districts/ramechhap.md,provinces/bagmati/visitor_ready/ramechhap.yaml
np-bagmati-rasuwa-langtang-national-park,Bagmati,Rasuwa,Langtang National Park,"National parks, conservation areas, and wildlife sites",Northern Rasuwa and adjoining districts,Major,Established,PROTECTED_AREA,DYNAMIC_CHECK_REQUIRED,PROTECTED_AREA_ENTRY;ENTRY_FEE;DYNAMIC,langtang-national-park,provinces/bagmati/districts/rasuwa.md,provinces/bagmati/visitor_ready/rasuwa.yaml
np-bagmati-rasuwa-langtang-valley,Bagmati,Rasuwa,Langtang Valley,Trekking areas and mountain destinations,Gosaikunda Rural Municipality,Major,Established,CORRIDOR,DYNAMIC_CHECK_REQUIRED,PROTECTED_AREA_ENTRY;DYNAMIC,,provinces/bagmati/districts/rasuwa.md,provinces/bagmati/visitor_ready/rasuwa.yaml
np-bagmati-rasuwa-langtang-village,Bagmati,Rasuwa,Langtang Village,Community tourism and notable villages,"Langtang Valley, Gosaikunda Rural Municipality",Major,Established,AREA,ROUTABLE,PROTECTED_AREA_ENTRY,,provinces/bagmati/districts/rasuwa.md,provinces/bagmati/visitor_ready/rasuwa.yaml
np-bagmati-rasuwa-kyanjin-gompa-village,Bagmati,Rasuwa,Kyanjin Gompa Village,Community tourism and notable villages,"Upper Langtang Valley, Gosaikunda Rural Municipality",Major,Established,AREA,ROUTABLE,PROTECTED_AREA_ENTRY;DYNAMIC,,provinces/bagmati/districts/rasuwa.md,provinces/bagmati/visitor_ready/rasuwa.yaml
np-bagmati-rasuwa-kyanjin-gompa-monastery,Bagmati,Rasuwa,Kyanjin Gompa monastery,Religious sites and temples,"Kyanjin, Gosaikunda Rural Municipality",High,Established,POINT,ROUTABLE,NONE,,provinces/bagmati/districts/rasuwa.md,provinces/bagmati/visitor_ready/rasuwa.yaml
np-bagmati-rasuwa-kyanjin-ri,Bagmati,Rasuwa,Kyanjin Ri,Viewpoints and hill stations,"Kyanjin area, Gosaikunda Rural Municipality",Major,Established,AREA,DYNAMIC_CHECK_REQUIRED,ENTRY_FEE;DYNAMIC,,provinces/bagmati/districts/rasuwa.md,provinces/bagmati/visitor_ready/rasuwa.yaml
np-bagmati-rasuwa-tserko-ri,Bagmati,Rasuwa,Tserko Ri,Viewpoints and hill stations,"Upper Langtang Valley, Gosaikunda Rural Municipality",Major,Established,AREA,ROUTABLE,NONE,,provinces/bagmati/districts/rasuwa.md,provinces/bagmati/visitor_ready/rasuwa.yaml
np-bagmati-rasuwa-langshisha-kharka,Bagmati,Rasuwa,Langshisha Kharka,Trekking areas and mountain destinations,"Upper Langtang Valley, Gosaikunda Rural Municipality",High,Established,ROUTE,ROUTABLE,NONE,,provinces/bagmati/districts/rasuwa.md,provinces/bagmati/visitor_ready/rasuwa.yaml
np-bagmati-rasuwa-ganja-la-pass-trekking-route,Bagmati,Rasuwa,Ganja La Pass trekking route,Trekking areas and mountain destinations,Langtang–Helambu high route,High,Established,ROUTE,ROUTABLE,DYNAMIC,,provinces/bagmati/districts/rasuwa.md,provinces/bagmati/visitor_ready/rasuwa.yaml
np-bagmati-rasuwa-yala-peak-approach-area,Bagmati,Rasuwa,Yala Peak approach area,Trekking areas and mountain destinations,Upper Langtang Valley,High,Established,ROUTE,ROUTABLE,CLIMBING_PERMIT;DYNAMIC,,provinces/bagmati/districts/rasuwa.md,provinces/bagmati/visitor_ready/rasuwa.yaml
np-bagmati-rasuwa-gosainkunda-lake,Bagmati,Rasuwa,Gosainkunda Lake,Lakes and wetlands,Gosaikunda Rural Municipality,Major,Established,WATER,DYNAMIC_CHECK_REQUIRED,PROTECTED_AREA_ENTRY;DYNAMIC,,provinces/bagmati/districts/rasuwa.md,provinces/bagmati/visitor_ready/rasuwa.yaml
np-bagmati-rasuwa-gosainkunda-lake-system,Bagmati,Rasuwa,Gosainkunda lake system,Lakes and wetlands,Gosainkunda alpine basin,Major,Established,WATER,ROUTABLE,NONE,,provinces/bagmati/districts/rasuwa.md,provinces/bagmati/visitor_ready/rasuwa.yaml
np-bagmati-rasuwa-saraswati-kunda,Bagmati,Rasuwa,Saraswati Kunda,Lakes and wetlands,Gosainkunda alpine basin,High,Established,WATER,ROUTABLE,NONE,,provinces/bagmati/districts/rasuwa.md,provinces/bagmati/visitor_ready/rasuwa.yaml
np-bagmati-rasuwa-bhairav-kunda-rasuwa,Bagmati,Rasuwa,"Bhairav Kunda, Rasuwa",Lakes and wetlands,Gosainkunda alpine basin,High,Established,WATER,ROUTABLE,NONE,,provinces/bagmati/districts/rasuwa.md,provinces/bagmati/visitor_ready/rasuwa.yaml
np-bagmati-rasuwa-surya-kunda,Bagmati,Rasuwa,Surya Kunda,Lakes and wetlands,Gosainkunda–Lauribina Pass area,High,Established,WATER,DYNAMIC_CHECK_REQUIRED,DYNAMIC,,provinces/bagmati/districts/rasuwa.md,provinces/bagmati/visitor_ready/rasuwa.yaml
np-bagmati-rasuwa-lauribina-pass-and-ridge,Bagmati,Rasuwa,Lauribina Pass and ridge,Viewpoints and hill stations,Gosainkunda trekking route,Major,Established,AREA,ROUTABLE,NONE,,provinces/bagmati/districts/rasuwa.md,provinces/bagmati/visitor_ready/rasuwa.yaml
np-bagmati-rasuwa-cholangpati,Bagmati,Rasuwa,Cholangpati,Community tourism and notable villages,Gosainkunda trekking route,High,Established,AREA,ROUTABLE,NONE,,provinces/bagmati/districts/rasuwa.md,provinces/bagmati/visitor_ready/rasuwa.yaml
np-bagmati-rasuwa-sing-gompa-chandanbari,Bagmati,Rasuwa,Sing Gompa / Chandanbari,Religious sites and temples,Gosaikunda trekking route,High,Established,POINT,ROUTABLE,NONE,,provinces/bagmati/districts/rasuwa.md,provinces/bagmati/visitor_ready/rasuwa.yaml
np-bagmati-rasuwa-dhunche,Bagmati,Rasuwa,Dhunche,Major tourist attractions,Gosaikunda Rural Municipality,High,Established,AREA,ROUTABLE,PROTECTED_AREA_ENTRY,,provinces/bagmati/districts/rasuwa.md,provinces/bagmati/visitor_ready/rasuwa.yaml
np-bagmati-rasuwa-syabrubesi,Bagmati,Rasuwa,Syabrubesi,Major tourist attractions,Gosaikunda Rural Municipality,Major,Established,AREA,DYNAMIC_CHECK_REQUIRED,DYNAMIC,,provinces/bagmati/districts/rasuwa.md,provinces/bagmati/visitor_ready/rasuwa.yaml
np-bagmati-rasuwa-tamang-heritage-trail,Bagmati,Rasuwa,Tamang Heritage Trail,Trekking areas and mountain destinations,Gatlang–Tatopani–Thuman–Briddim circuit,Major,Established,ROUTE,DYNAMIC_CHECK_REQUIRED,DYNAMIC,,provinces/bagmati/districts/rasuwa.md,provinces/bagmati/visitor_ready/rasuwa.yaml
np-bagmati-rasuwa-gatlang-village,Bagmati,Rasuwa,Gatlang Village,Community tourism and notable villages,Aamachhodingmo Rural Municipality,Major,Established,AREA,ROUTABLE,DYNAMIC,,provinces/bagmati/districts/rasuwa.md,provinces/bagmati/visitor_ready/rasuwa.yaml
np-bagmati-rasuwa-parvati-kunda-chhodingmo-kunda,Bagmati,Rasuwa,Parvati Kunda / Chhodingmo Kunda,Lakes and wetlands,"Gatlang, Aamachhodingmo Rural Municipality",Major,Established,WATER,ROUTABLE,NONE,,provinces/bagmati/districts/rasuwa.md,provinces/bagmati/visitor_ready/rasuwa.yaml
np-bagmati-rasuwa-goljung-village,Bagmati,Rasuwa,Goljung Village,Community tourism and notable villages,Aamachhodingmo Rural Municipality,High,First-round researched,AREA,DYNAMIC_CHECK_REQUIRED,DYNAMIC,,provinces/bagmati/districts/rasuwa.md,provinces/bagmati/visitor_ready/rasuwa.yaml
np-bagmati-rasuwa-tatopani-rasuwa,Bagmati,Rasuwa,"Tatopani, Rasuwa",Natural attractions,"Aamachhodingmo Rural Municipality, Tamang Heritage Trail",High,Needs access verification,POINT,ROUTABLE,ENTRY_FEE;DYNAMIC,,provinces/bagmati/districts/rasuwa.md,provinces/bagmati/visitor_ready/rasuwa.yaml
np-bagmati-rasuwa-nagthali-danda,Bagmati,Rasuwa,Nagthali Danda,Viewpoints and hill stations,"Thuman area, Aamachhodingmo Rural Municipality",Major,Established,AREA,DYNAMIC_CHECK_REQUIRED,DYNAMIC,,provinces/bagmati/districts/rasuwa.md,provinces/bagmati/visitor_ready/rasuwa.yaml
np-bagmati-rasuwa-thuman-village,Bagmati,Rasuwa,Thuman Village,Community tourism and notable villages,Aamachhodingmo Rural Municipality,Major,Established,AREA,ROUTABLE,NONE,,provinces/bagmati/districts/rasuwa.md,provinces/bagmati/visitor_ready/rasuwa.yaml
np-bagmati-rasuwa-briddim-village,Bagmati,Rasuwa,Briddim Village,Community tourism and notable villages,Gosaikunda Rural Municipality,Major,Established,AREA,DYNAMIC_CHECK_REQUIRED,DYNAMIC,,provinces/bagmati/districts/rasuwa.md,provinces/bagmati/visitor_ready/rasuwa.yaml
np-bagmati-rasuwa-chilime-valley,Bagmati,Rasuwa,Chilime Valley,Natural attractions,Aamachhodingmo Rural Municipality,High,First-round researched,CORRIDOR,ROUTABLE,DYNAMIC,,provinces/bagmati/districts/rasuwa.md,provinces/bagmati/visitor_ready/rasuwa.yaml
np-bagmati-rasuwa-bhote-koshi-trishuli-headwater-corridor,Bagmati,Rasuwa,Bhote Koshi–Trishuli headwater corridor,Rivers and waterfalls,Northern and central Rasuwa,High,Established,CORRIDOR,ROUTABLE,BORDER_CONTROL,,provinces/bagmati/districts/rasuwa.md,provinces/bagmati/visitor_ready/rasuwa.yaml
np-bagmati-rasuwa-rasuwagadhi-fort,Bagmati,Rasuwa,Rasuwagadhi Fort,"Museums, palaces, forts, and monuments","Rasuwagadhi border area, Gosaikunda Rural Municipality",Major,Established,POINT,DYNAMIC_CHECK_REQUIRED,BORDER_CONTROL;DYNAMIC,,provinces/bagmati/districts/rasuwa.md,provinces/bagmati/visitor_ready/rasuwa.yaml
np-bagmati-rasuwa-rasuwagadhi-border-and-old-trade-route,Bagmati,Rasuwa,Rasuwagadhi border and old trade route,Historical and cultural places,Northern Rasuwa,High,Established,CORRIDOR,ROUTABLE,BORDER_CONTROL;DYNAMIC,,provinces/bagmati/districts/rasuwa.md,provinces/bagmati/visitor_ready/rasuwa.yaml
np-bagmati-rasuwa-naukunda-lake-area,Bagmati,Rasuwa,Naukunda lake area,Lakes and wetlands,Naukunda Rural Municipality,High,Needs local verification,WATER,ROUTABLE,DYNAMIC,,provinces/bagmati/districts/rasuwa.md,provinces/bagmati/visitor_ready/rasuwa.yaml
np-bagmati-rasuwa-uttargaya-dham-betrawati-confluence,Bagmati,Rasuwa,Uttargaya Dham / Betrawati confluence,Religious sites and temples,"Uttargaya Rural Municipality, Rasuwa–Nuwakot boundary",High,Established,POINT,DYNAMIC_CHECK_REQUIRED,DYNAMIC,,provinces/bagmati/districts/rasuwa.md,provinces/bagmati/visitor_ready/rasuwa.yaml
np-bagmati-sindhuli-sindhuligadhi-fort,Bagmati,Sindhuli,Sindhuligadhi Fort,"Museums, palaces, forts, and monuments",Kamalamai Municipality,Major,Established,AREA,ROUTABLE,NONE,,provinces/bagmati/districts/sindhuli.md,provinces/bagmati/visitor_ready/sindhuli.yaml
np-bagmati-sindhuli-sindhuligadhi-viewpoint,Bagmati,Sindhuli,Sindhuligadhi viewpoint,Viewpoints and hill stations,Kamalamai Municipality,Major,Established,AREA,ROUTING_HOLD,NONE,,provinces/bagmati/districts/sindhuli.md,provinces/bagmati/visitor_ready/sindhuli.yaml
np-bagmati-sindhuli-sindhuligadhi-war-memorial,Bagmati,Sindhuli,Sindhuligadhi War Memorial,"Museums, palaces, forts, and monuments",Kamalamai Municipality,High,Established,POINT,ROUTING_HOLD,NONE,,provinces/bagmati/districts/sindhuli.md,provinces/bagmati/visitor_ready/sindhuli.yaml
np-bagmati-sindhuli-hariharpurgadhi,Bagmati,Sindhuli,Hariharpurgadhi,"Museums, palaces, forts, and monuments",Hariharpurgadhi Rural Municipality,Major,Established,AREA,ROUTABLE,NONE,,provinces/bagmati/districts/sindhuli.md,provinces/bagmati/visitor_ready/sindhuli.yaml
np-bagmati-sindhuli-bp-highway-scenic-corridor,Bagmati,Sindhuli,BP Highway scenic corridor,Major tourist attractions,Northern and central Sindhuli,Major,Established,CORRIDOR,ROUTABLE,NONE,,provinces/bagmati/districts/sindhuli.md,provinces/bagmati/visitor_ready/sindhuli.yaml
np-bagmati-sindhuli-selfie-danda,Bagmati,Sindhuli,Selfie Danda,Viewpoints and hill stations,BP Highway corridor,High,Established,AREA,ROUTING_HOLD,NONE,,provinces/bagmati/districts/sindhuli.md,provinces/bagmati/visitor_ready/sindhuli.yaml
np-bagmati-sindhuli-phikkal-hill,Bagmati,Sindhuli,Phikkal Hill,Viewpoints and hill stations,Phikkal Rural Municipality,Major,Established,AREA,ROUTABLE,NONE,,provinces/bagmati/districts/sindhuli.md,provinces/bagmati/visitor_ready/sindhuli.yaml
np-bagmati-sindhuli-kamalamai-temple,Bagmati,Sindhuli,Kamalamai Temple,Religious sites and temples,Kamalamai Municipality,Major,Established,POINT,ROUTABLE,NONE,,provinces/bagmati/districts/sindhuli.md,provinces/bagmati/visitor_ready/sindhuli.yaml
np-bagmati-sindhuli-kusheshwar-mahadev-dumja,Bagmati,Sindhuli,"Kusheshwar Mahadev, Dumja",Religious sites and temples,Sunkoshi Rural Municipality,Major,Established,POINT,ROUTABLE,NONE,,provinces/bagmati/districts/sindhuli.md,provinces/bagmati/visitor_ready/sindhuli.yaml
np-bagmati-sindhuli-dumja-heritage-area,Bagmati,Sindhuli,Dumja heritage area,Historical and cultural places,Sunkoshi Rural Municipality,High,Established,AREA,ROUTABLE,NONE,,provinces/bagmati/districts/sindhuli.md,provinces/bagmati/visitor_ready/sindhuli.yaml
np-bagmati-sindhuli-bp-koirala-ancestral-memorial-area,Bagmati,Sindhuli,BP Koirala ancestral / memorial area,"Museums, palaces, forts, and monuments","Dumja, Sunkoshi Rural Municipality",High,First-round researched,AREA,ROUTING_HOLD,NONE,,provinces/bagmati/districts/sindhuli.md,provinces/bagmati/visitor_ready/sindhuli.yaml
np-bagmati-sindhuli-marin-valley,Bagmati,Sindhuli,Marin Valley,Natural attractions,Marin Rural Municipality,Major,Established,CORRIDOR,ROUTABLE,NONE,,provinces/bagmati/districts/sindhuli.md,provinces/bagmati/visitor_ready/sindhuli.yaml
np-bagmati-sindhuli-kamala-river-valley,Bagmati,Sindhuli,Kamala River valley,Rivers and waterfalls,Eastern and southern Sindhuli,Major,Established,CORRIDOR,ROUTABLE,DYNAMIC,,provinces/bagmati/districts/sindhuli.md,provinces/bagmati/visitor_ready/sindhuli.yaml
np-bagmati-sindhuli-sunkoshi-river-corridor,Bagmati,Sindhuli,Sunkoshi River corridor,Rivers and waterfalls,Northern Sindhuli boundary,Major,Established,CORRIDOR,ROUTABLE,OPERATOR_DEPENDENT;DYNAMIC,,provinces/bagmati/districts/sindhuli.md,provinces/bagmati/visitor_ready/sindhuli.yaml
np-bagmati-sindhuli-khurkot,Bagmati,Sindhuli,Khurkot,Major tourist attractions,Sunkoshi Rural Municipality,High,Established,CORRIDOR,ROUTABLE,NONE,,provinces/bagmati/districts/sindhuli.md,provinces/bagmati/visitor_ready/sindhuli.yaml
np-bagmati-sindhuli-ratanchura-junar-orchards,Bagmati,Sindhuli,Ratanchura junar orchards,Community tourism and notable villages,Kamalamai / Ratanchura area,Major,Established,AREA,ROUTABLE,DYNAMIC,,provinces/bagmati/districts/sindhuli.md,provinces/bagmati/visitor_ready/sindhuli.yaml
np-bagmati-sindhuli-sindhuli-junar-trail,Bagmati,Sindhuli,Sindhuli junar trail,Lesser-known or emerging destinations,Highland orchard belt,High,First-round researched,ROUTE,ROUTABLE,DYNAMIC,,provinces/bagmati/districts/sindhuli.md,provinces/bagmati/visitor_ready/sindhuli.yaml
np-bagmati-sindhuli-tinpatan-valley,Bagmati,Sindhuli,Tinpatan Valley,Natural attractions,Tinpatan Rural Municipality,High,Established,CORRIDOR,ROUTABLE,NONE,,provinces/bagmati/districts/sindhuli.md,provinces/bagmati/visitor_ready/sindhuli.yaml
np-bagmati-sindhuli-dudhauli-wetland-and-river-landscape,Bagmati,Sindhuli,Dudhauli wetland and river landscape,Lakes and wetlands,Dudhauli Municipality,High,First-round researched,WATER,ROUTABLE,DYNAMIC,,provinces/bagmati/districts/sindhuli.md,provinces/bagmati/visitor_ready/sindhuli.yaml
np-bagmati-sindhuli-chure-forest-corridor,Bagmati,Sindhuli,Chure forest corridor,"National parks, conservation areas, and wildlife sites",Southern Sindhuli,High,Established,PROTECTED_AREA,ROUTABLE,PROTECTED_AREA_ENTRY,,provinces/bagmati/districts/sindhuli.md,provinces/bagmati/visitor_ready/sindhuli.yaml
np-bagmati-sindhuli-mahabharat-ridge-trails,Bagmati,Sindhuli,Mahabharat ridge trails,Trekking areas and mountain destinations,Northern and central Sindhuli,High,First-round researched,ROUTE,ROUTABLE,NONE,,provinces/bagmati/districts/sindhuli.md,provinces/bagmati/visitor_ready/sindhuli.yaml
np-bagmati-sindhuli-hariharpurgadhi-heritage-trail,Bagmati,Sindhuli,Hariharpurgadhi heritage trail,Trekking areas and mountain destinations,Hariharpurgadhi Rural Municipality,High,First-round researched,ROUTE,ROUTABLE,NONE,,provinces/bagmati/districts/sindhuli.md,provinces/bagmati/visitor_ready/sindhuli.yaml
np-bagmati-sindhuli-sindhuligadhi-heritage-trail,Bagmati,Sindhuli,Sindhuligadhi heritage trail,Trekking areas and mountain destinations,Kamalamai Municipality,High,Established,ROUTE,ROUTABLE,NONE,,provinces/bagmati/districts/sindhuli.md,provinces/bagmati/visitor_ready/sindhuli.yaml
np-bagmati-sindhuli-majhi-riverside-communities,Bagmati,Sindhuli,Majhi riverside communities,Community tourism and notable villages,Sunkoshi corridor,Medium,First-round researched,CORRIDOR,ROUTABLE,NONE,,provinces/bagmati/districts/sindhuli.md,provinces/bagmati/visitor_ready/sindhuli.yaml
np-bagmati-sindhuli-bhadrakali-hill-area,Bagmati,Sindhuli,Bhadrakali hill area,Religious sites and temples,Sindhuli district,Medium,Needs local verification,AREA,ROUTABLE,NONE,,provinces/bagmati/districts/sindhuli.md,provinces/bagmati/visitor_ready/sindhuli.yaml
np-bagmati-sindhuli-betini-tal,Bagmati,Sindhuli,Betini Tal,Lakes and wetlands,Sindhuli district,Medium,Needs local verification,WATER,ROUTABLE,NONE,,provinces/bagmati/districts/sindhuli.md,provinces/bagmati/visitor_ready/sindhuli.yaml
np-bagmati-sindhupalchok-helambu-trekking-region,Bagmati,Sindhupalchok,Helambu trekking region,Trekking areas and mountain destinations,Helambu Rural Municipality,Major,Established,ROUTE,ROUTABLE,NONE,,provinces/bagmati/districts/sindhupalchok.md,provinces/bagmati/visitor_ready/sindhupalchok.yaml
np-bagmati-sindhupalchok-tarkeghyang-village,Bagmati,Sindhupalchok,Tarkeghyang Village,Community tourism and notable villages,Helambu Rural Municipality,Major,Established,AREA,ROUTABLE,NONE,,provinces/bagmati/districts/sindhupalchok.md,provinces/bagmati/visitor_ready/sindhupalchok.yaml
np-bagmati-sindhupalchok-sermathang-village,Bagmati,Sindhupalchok,Sermathang Village,Community tourism and notable villages,Helambu Rural Municipality,High,Established,AREA,ROUTABLE,NONE,,provinces/bagmati/districts/sindhupalchok.md,provinces/bagmati/visitor_ready/sindhupalchok.yaml
np-bagmati-sindhupalchok-melamchi-ghyang,Bagmati,Sindhupalchok,Melamchi Ghyang,Community tourism and notable villages,Helambu Rural Municipality,High,Established,AREA,ROUTABLE,NONE,,provinces/bagmati/districts/sindhupalchok.md,provinces/bagmati/visitor_ready/sindhupalchok.yaml
np-bagmati-sindhupalchok-ama-yangri,Bagmati,Sindhupalchok,Ama Yangri,Viewpoints and hill stations,Helambu Rural Municipality,Major,Established,AREA,ROUTABLE,NONE,,provinces/bagmati/districts/sindhupalchok.md,provinces/bagmati/visitor_ready/sindhupalchok.yaml
np-bagmati-sindhupalchok-palchok-bhagwati-temple,Bagmati,Sindhupalchok,Palchok Bhagwati Temple,Religious sites and temples,Helambu Rural Municipality,High,Established,POINT,ROUTABLE,NONE,,provinces/bagmati/districts/sindhupalchok.md,provinces/bagmati/visitor_ready/sindhupalchok.yaml
np-bagmati-sindhupalchok-larke-ghyang-religious-area,Bagmati,Sindhupalchok,Larke Ghyang religious area,Religious sites and temples,Helambu region,High,First-round researched,AREA,ROUTABLE,NONE,,provinces/bagmati/districts/sindhupalchok.md,provinces/bagmati/visitor_ready/sindhupalchok.yaml
np-bagmati-sindhupalchok-panch-pokhari,Bagmati,Sindhupalchok,Panch Pokhari,Lakes and wetlands,Panchpokhari Thangpal Rural Municipality,Major,Established,WATER,ROUTABLE,NONE,,provinces/bagmati/districts/sindhupalchok.md,provinces/bagmati/visitor_ready/sindhupalchok.yaml
np-bagmati-sindhupalchok-panch-pokhari-trekking-route,Bagmati,Sindhupalchok,Panch Pokhari trekking route,Trekking areas and mountain destinations,Panchpokhari Thangpal Rural Municipality,Major,Established,ROUTE,ROUTABLE,NONE,,provinces/bagmati/districts/sindhupalchok.md,provinces/bagmati/visitor_ready/sindhupalchok.yaml
np-bagmati-sindhupalchok-bhotang-village,Bagmati,Sindhupalchok,Bhotang Village,Community tourism and notable villages,Panchpokhari Thangpal Rural Municipality,High,First-round researched,ROUTE,ROUTABLE,NONE,,provinces/bagmati/districts/sindhupalchok.md,provinces/bagmati/visitor_ready/sindhupalchok.yaml
np-bagmati-sindhupalchok-jugal-himal-trekking-region,Bagmati,Sindhupalchok,Jugal Himal trekking region,Trekking areas and mountain destinations,Jugal and Panchpokhari Thangpal rural municipalities,Major,Established,ROUTE,ROUTABLE,NONE,,provinces/bagmati/districts/sindhupalchok.md,provinces/bagmati/visitor_ready/sindhupalchok.yaml
np-bagmati-sindhupalchok-ne-pemasal-sacred-valley,Bagmati,Sindhupalchok,Ne-Pemasal sacred valley,Trekking areas and mountain destinations,Jugal Rural Municipality,High,Needs local verification,CORRIDOR,ROUTABLE,NONE,,provinces/bagmati/districts/sindhupalchok.md,provinces/bagmati/visitor_ready/sindhupalchok.yaml
np-bagmati-sindhupalchok-langtang-national-park-sector,Bagmati,Sindhupalchok,Langtang National Park sector,"National parks, conservation areas, and wildlife sites",Northern and northwestern Sindhupalchok,Major,Established,PROTECTED_AREA,ROUTING_HOLD,PROTECTED_AREA_ENTRY,,provinces/bagmati/districts/sindhupalchok.md,provinces/bagmati/visitor_ready/sindhupalchok.yaml
np-bagmati-sindhupalchok-bhairav-kunda,Bagmati,Sindhupalchok,Bhairav Kunda,Lakes and wetlands,Bhotekoshi / Listikot region,Major,Established,WATER,ROUTABLE,NONE,,provinces/bagmati/districts/sindhupalchok.md,provinces/bagmati/visitor_ready/sindhupalchok.yaml
np-bagmati-sindhupalchok-tatopani-hot-springs,Bagmati,Sindhupalchok,Tatopani hot springs,Natural attractions,"Tatopani, Bhotekoshi Rural Municipality",Major,Established,AREA,DYNAMIC_CHECK_REQUIRED,BORDER_CONTROL;DYNAMIC,,provinces/bagmati/districts/sindhupalchok.md,provinces/bagmati/visitor_ready/sindhupalchok.yaml
np-bagmati-sindhupalchok-kodari-tatopani-border-landscape,Bagmati,Sindhupalchok,Kodari–Tatopani border landscape,Historical and cultural places,Bhotekoshi Rural Municipality,High,Established,CORRIDOR,ROUTABLE,BORDER_CONTROL,,provinces/bagmati/districts/sindhupalchok.md,provinces/bagmati/visitor_ready/sindhupalchok.yaml
np-bagmati-sindhupalchok-bhote-koshi-rafting-corridor,Bagmati,Sindhupalchok,Bhote Koshi rafting corridor,Rivers and waterfalls,Bhotekoshi and Bahrabise areas,Major,Established,CORRIDOR,ROUTABLE,OPERATOR_DEPENDENT,,provinces/bagmati/districts/sindhupalchok.md,provinces/bagmati/visitor_ready/sindhupalchok.yaml
np-bagmati-sindhupalchok-bhote-koshi-canyoning-areas,Bagmati,Sindhupalchok,Bhote Koshi canyoning areas,Major tourist attractions,Bhotekoshi valley,High,Established,AREA,ROUTABLE,NONE,,provinces/bagmati/districts/sindhupalchok.md,provinces/bagmati/visitor_ready/sindhupalchok.yaml
np-bagmati-sindhupalchok-bhote-koshi-bungee-and-canyon-swing-site,Bagmati,Sindhupalchok,Bhote Koshi bungee and canyon swing site,Major tourist attractions,"Listikot area, Bhotekoshi Rural Municipality",Major,Established,POINT,ROUTABLE,NONE,,provinces/bagmati/districts/sindhupalchok.md,provinces/bagmati/visitor_ready/sindhupalchok.yaml
np-bagmati-sindhupalchok-sukute-beach-and-sunkoshi-rafting-corridor,Bagmati,Sindhupalchok,Sukute Beach and Sunkoshi rafting corridor,Rivers and waterfalls,Sunkoshi Rural Municipality / Sunkoshi River,Major,Established,CORRIDOR,ROUTABLE,OPERATOR_DEPENDENT,,provinces/bagmati/districts/sindhupalchok.md,provinces/bagmati/visitor_ready/sindhupalchok.yaml
np-bagmati-sindhupalchok-balephi-sunkoshi-river-landscape,Bagmati,Sindhupalchok,Balephi–Sunkoshi river landscape,Natural attractions,Balephi and adjoining river corridor,High,First-round researched,CORRIDOR,ROUTABLE,NONE,,provinces/bagmati/districts/sindhupalchok.md,provinces/bagmati/visitor_ready/sindhupalchok.yaml
np-bagmati-sindhupalchok-gaurati-bhimsen-temple,Bagmati,Sindhupalchok,Gaurati Bhimsen Temple,Religious sites and temples,Chautara Sangachokgadhi Municipality,Major,Established,POINT,ROUTABLE,NONE,,provinces/bagmati/districts/sindhupalchok.md,provinces/bagmati/visitor_ready/sindhupalchok.yaml
np-bagmati-sindhupalchok-chautara,Bagmati,Sindhupalchok,Chautara,Community tourism and notable villages,Chautara Sangachokgadhi Municipality,High,Established,AREA,ROUTABLE,NONE,,provinces/bagmati/districts/sindhupalchok.md,provinces/bagmati/visitor_ready/sindhupalchok.yaml
np-bagmati-sindhupalchok-tauthali-tripura-sundari-temple,Bagmati,Sindhupalchok,Tauthali Tripura Sundari Temple,Religious sites and temples,Tripurasundari Rural Municipality,High,Established,POINT,ROUTABLE,NONE,,provinces/bagmati/districts/sindhupalchok.md,provinces/bagmati/visitor_ready/sindhupalchok.yaml
np-bagmati-sindhupalchok-tauthali-heritage-village,Bagmati,Sindhupalchok,Tauthali heritage village,Historical and cultural places,Tripurasundari Rural Municipality,High,First-round researched,AREA,ROUTABLE,NONE,,provinces/bagmati/districts/sindhupalchok.md,provinces/bagmati/visitor_ready/sindhupalchok.yaml
np-bagmati-sindhupalchok-sunkoshi-kafeshwar-mahadev-temple,Bagmati,Sindhupalchok,Sunkoshi Kafeshwar Mahadev Temple,Religious sites and temples,Sunkoshi river region,High,Needs local verification,POINT,ROUTABLE,NONE,,provinces/bagmati/districts/sindhupalchok.md,provinces/bagmati/visitor_ready/sindhupalchok.yaml
np-bagmati-sindhupalchok-kshemadevi-temple,Bagmati,Sindhupalchok,Kshemadevi Temple,Religious sites and temples,Sindhupalchok,Emerging,Needs local verification,POINT,ROUTABLE,NONE,,provinces/bagmati/districts/sindhupalchok.md,provinces/bagmati/visitor_ready/sindhupalchok.yaml
np-bagmati-sindhupalchok-melamchi-valley,Bagmati,Sindhupalchok,Melamchi Valley,Natural attractions,Melamchi Municipality and upper watershed,High,Established,CORRIDOR,ROUTABLE,NONE,,provinces/bagmati/districts/sindhupalchok.md,provinces/bagmati/visitor_ready/sindhupalchok.yaml
np-bagmati-sindhupalchok-indrawati-river-valley,Bagmati,Sindhupalchok,Indrawati River valley,Rivers and waterfalls,Central Sindhupalchok,High,Established,CORRIDOR,ROUTABLE,NONE,,provinces/bagmati/districts/sindhupalchok.md,provinces/bagmati/visitor_ready/sindhupalchok.yaml
np-bagmati-sindhupalchok-bahrabise-hill-and-river-gateway,Bagmati,Sindhupalchok,Bahrabise hill and river gateway,Community tourism and notable villages,Bahrabise Municipality,High,First-round researched,CORRIDOR,ROUTABLE,NONE,,provinces/bagmati/districts/sindhupalchok.md,provinces/bagmati/visitor_ready/sindhupalchok.yaml
np-bagmati-sindhupalchok-listikot-cultural-landscape,Bagmati,Sindhupalchok,Listikot cultural landscape,Historical and cultural places,Bhotekoshi Rural Municipality,Emerging,Needs local verification,AREA,ROUTABLE,BORDER_CONTROL,,provinces/bagmati/districts/sindhupalchok.md,provinces/bagmati/visitor_ready/sindhupalchok.yaml
np-koshi-bhojpur-arun-river-corridor,Koshi,Bhojpur,Arun River Corridor,River landscape and adventure potential,Arun Rural Municipality,Major,,CORRIDOR,ROUTING_HOLD,NONE,,provinces/koshi/districts/bhojpur.md,provinces/koshi/visitor-ready/bhojpur.md
np-koshi-bhojpur-bhojpur-khukuri-craft-centres,Koshi,Bhojpur,Bhojpur Khukuri Craft Centres,Traditional handicrafts,Bhojpur Municipality and Taksar,Major,,POINT,ROUTING_HOLD,NONE,,provinces/koshi/districts/bhojpur.md,provinces/koshi/visitor-ready/bhojpur.md
np-koshi-bhojpur-hatuwagadhi-durbar,Koshi,Bhojpur,Hatuwagadhi Durbar,"Fort, palace and historical site",Hatuwagadhi Rural Municipality,Major,,POINT,ROUTING_HOLD,NONE,,provinces/koshi/districts/bhojpur.md,provinces/koshi/visitor-ready/bhojpur.md
np-koshi-bhojpur-maiyung-danda,Koshi,Bhojpur,Maiyung Danda,"Viewpoint, grassland and trekking area",Temkemaiyung Rural Municipality,Major,,ROUTE,ROUTING_HOLD,NONE,,provinces/koshi/districts/bhojpur.md,provinces/koshi/visitor-ready/bhojpur.md
np-koshi-bhojpur-mundhum-trail,Koshi,Bhojpur,Mundhum Trail,Cultural trekking route,Temkemaiyung and adjoining areas,Major,,ROUTE,ROUTING_HOLD,NONE,,provinces/koshi/districts/bhojpur.md,provinces/koshi/visitor-ready/bhojpur.md
np-koshi-bhojpur-salpa-pokhari,Koshi,Bhojpur,Salpa Pokhari,"Sacred lake, pilgrimage and trekking destination",Salpasilichho Rural Municipality,Major,,WATER,ROUTING_HOLD,NONE,,provinces/koshi/districts/bhojpur.md,provinces/koshi/visitor-ready/bhojpur.md
np-koshi-bhojpur-silichung-peak,Koshi,Bhojpur,Silichung Peak,Mountain viewpoint and trekking destination,Salpasilichho Rural Municipality,Major,,ROUTE,ROUTING_HOLD,NONE,,provinces/koshi/districts/bhojpur.md,provinces/koshi/visitor-ready/bhojpur.md
np-koshi-bhojpur-temke-danda,Koshi,Bhojpur,Temke Danda,Viewpoint and hill destination,Temkemaiyung Rural Municipality,Major,,AREA,ROUTING_HOLD,NONE,,provinces/koshi/districts/bhojpur.md,provinces/koshi/visitor-ready/bhojpur.md
np-koshi-bhojpur-bhojpur-bazaar,Koshi,Bhojpur,Bhojpur Bazaar,Cultural town and handicraft centre,Bhojpur Municipality,High,,AREA,ROUTING_HOLD,NONE,,provinces/koshi/districts/bhojpur.md,provinces/koshi/visitor-ready/bhojpur.md
np-koshi-bhojpur-bidhya-pokhari,Koshi,Bhojpur,Bidhya Pokhari,"Pond, wetland and religious/natural site",Hatuwagadhi Rural Municipality,Emerging,,WATER,ROUTING_HOLD,NONE,,provinces/koshi/districts/bhojpur.md,provinces/koshi/visitor-ready/bhojpur.md
np-koshi-bhojpur-chakhewa-danda,Koshi,Bhojpur,Chakhewa Danda,Viewpoint and trekking stop,Temkemaiyung area,High,,ROUTE,ROUTING_HOLD,NONE,,provinces/koshi/districts/bhojpur.md,provinces/koshi/visitor-ready/bhojpur.md
np-koshi-bhojpur-chamere-gufa,Koshi,Bhojpur,Chamere Gufa,Cave,Hatuwagadhi Rural Municipality,Emerging,,POINT,ROUTING_HOLD,NONE,,provinces/koshi/districts/bhojpur.md,provinces/koshi/visitor-ready/bhojpur.md
np-koshi-bhojpur-dimalung-park,Koshi,Bhojpur,Dimalung Park,Park and local recreation site,Hatuwagadhi Rural Municipality,Local/Emerging,,POINT,ROUTING_HOLD,NONE,,provinces/koshi/districts/bhojpur.md,provinces/koshi/visitor-ready/bhojpur.md
np-koshi-bhojpur-dingla-bazaar,Koshi,Bhojpur,Dingla Bazaar,Historical market and cultural town,Shadananda Municipality,High,,AREA,ROUTING_HOLD,NONE,,provinces/koshi/districts/bhojpur.md,provinces/koshi/visitor-ready/bhojpur.md
np-koshi-bhojpur-dobhane,Koshi,Bhojpur,Dobhane,Trekking village and gateway,Salpasilichho Rural Municipality,High,,ROUTE,ROUTING_HOLD,NONE,,provinces/koshi/districts/bhojpur.md,provinces/koshi/visitor-ready/bhojpur.md
np-koshi-bhojpur-hans-pokhari,Koshi,Bhojpur,Hans Pokhari,"Lake, wetland and wildlife area",Temkemaiyung Rural Municipality,High,,WATER,ROUTING_HOLD,NONE,,provinces/koshi/districts/bhojpur.md,provinces/koshi/visitor-ready/bhojpur.md
np-koshi-bhojpur-indreni-jharna,Koshi,Bhojpur,Indreni Jharna,Waterfall,Hatuwagadhi Rural Municipality,Emerging,,POINT,ROUTING_HOLD,NONE,,provinces/koshi/districts/bhojpur.md,provinces/koshi/visitor-ready/bhojpur.md
np-koshi-bhojpur-mahavir-waterfall,Koshi,Bhojpur,Mahavir Waterfall,Waterfall,Temkemaiyung Rural Municipality,Emerging,,POINT,ROUTING_HOLD,NONE,,provinces/koshi/districts/bhojpur.md,provinces/koshi/visitor-ready/bhojpur.md
np-koshi-bhojpur-maluwa-pokhari,Koshi,Bhojpur,Maluwa Pokhari,Lake and natural attraction,Temkemaiyung Rural Municipality,Emerging,,WATER,ROUTING_HOLD,NONE,,provinces/koshi/districts/bhojpur.md,provinces/koshi/visitor-ready/bhojpur.md
np-koshi-bhojpur-ramchandra-temple,Koshi,Bhojpur,Ramchandra Temple,Religious site,Shadananda Municipality,High,,POINT,ROUTING_HOLD,NONE,,provinces/koshi/districts/bhojpur.md,provinces/koshi/visitor-ready/bhojpur.md
np-koshi-bhojpur-rawa-dhap,Koshi,Bhojpur,Rawa Dhap,Highland wetland and Mundhum Trail stop,Northern Bhojpur,High,,WATER,ROUTING_HOLD,NONE,,provinces/koshi/districts/bhojpur.md,provinces/koshi/visitor-ready/bhojpur.md
np-koshi-bhojpur-sahid-samadhi-sthal,Koshi,Bhojpur,Sahid Samadhi Sthal,Memorial and historical site,Hatuwagadhi Rural Municipality,Local/Emerging,,POINT,ROUTING_HOLD,NONE,,provinces/koshi/districts/bhojpur.md,provinces/koshi/visitor-ready/bhojpur.md
np-koshi-bhojpur-salpa-bhanjyang,Koshi,Bhojpur,Salpa Bhanjyang,Mountain pass and trekking stop,Salpasilichho Rural Municipality,High,,ROUTE,ROUTING_HOLD,NONE,,provinces/koshi/districts/bhojpur.md,provinces/koshi/visitor-ready/bhojpur.md
np-koshi-bhojpur-sawa-waterfall,Koshi,Bhojpur,Sawa Waterfall,Waterfall,Temkemaiyung Rural Municipality,Emerging,,POINT,ROUTING_HOLD,NONE,,provinces/koshi/districts/bhojpur.md,provinces/koshi/visitor-ready/bhojpur.md
np-koshi-bhojpur-selme-danda,Koshi,Bhojpur,Selme Danda,"Hill, viewpoint and hiking area",Temkemaiyung Rural Municipality,Emerging,,AREA,ROUTING_HOLD,NONE,,provinces/koshi/districts/bhojpur.md,provinces/koshi/visitor-ready/bhojpur.md
np-koshi-bhojpur-shila-sutkeri,Koshi,Bhojpur,Shila Sutkeri,Geological or culturally significant site,Hatuwagadhi Rural Municipality,Emerging,,POINT,ROUTING_HOLD,NONE,,provinces/koshi/districts/bhojpur.md,provinces/koshi/visitor-ready/bhojpur.md
np-koshi-bhojpur-siddhakali-temple,Koshi,Bhojpur,Siddhakali Temple,Religious site,Bhojpur Municipality,High,,POINT,ROUTING_HOLD,NONE,,provinces/koshi/districts/bhojpur.md,provinces/koshi/visitor-ready/bhojpur.md
np-koshi-bhojpur-suntale-danda,Koshi,Bhojpur,Suntale Danda,Viewpoint,Bhojpur Municipality Ward 3 area,High,,POINT,ROUTING_HOLD,NONE,,provinces/koshi/districts/bhojpur.md,provinces/koshi/visitor-ready/bhojpur.md
np-koshi-bhojpur-taksar-bazaar,Koshi,Bhojpur,Taksar Bazaar,Historical and cultural settlement,Bhojpur Municipality,High,,AREA,ROUTING_HOLD,NONE,,provinces/koshi/districts/bhojpur.md,provinces/koshi/visitor-ready/bhojpur.md
np-koshi-bhojpur-tawa-bhanjyang,Koshi,Bhojpur,Tawa Bhanjyang,Viewpoint and trekking location,Temkemaiyung Rural Municipality,High,,ROUTE,ROUTING_HOLD,NONE,,provinces/koshi/districts/bhojpur.md,provinces/koshi/visitor-ready/bhojpur.md
np-koshi-dhankuta-bhedetar,Koshi,Dhankuta,Bhedetar,Hill station and viewpoint,Sangurigadhi Rural Municipality,Major,,AREA,ROUTING_HOLD,NONE,,provinces/koshi/districts/dhankuta.md,provinces/koshi/visitor-ready/dhankuta.md
np-koshi-dhankuta-charles-point,Koshi,Dhankuta,Charles Point,Viewpoint,"Bhedetar, Sangurigadhi Rural Municipality",Major,,POINT,ROUTING_HOLD,NONE,,provinces/koshi/districts/dhankuta.md,provinces/koshi/visitor-ready/dhankuta.md
np-koshi-dhankuta-hile-bazaar,Koshi,Dhankuta,Hile Bazaar,Hill town and cultural market,Dhankuta Municipality,Major,,AREA,ROUTING_HOLD,NONE,,provinces/koshi/districts/dhankuta.md,provinces/koshi/visitor-ready/dhankuta.md
np-koshi-dhankuta-kopche-heritage-trail,Koshi,Dhankuta,Kopche Heritage Trail,Heritage walking route,Dhankuta Bazaar,Major,,ROUTE,ROUTING_HOLD,NONE,,provinces/koshi/districts/dhankuta.md,provinces/koshi/visitor-ready/dhankuta.md
np-koshi-dhankuta-namaste-jharana,Koshi,Dhankuta,Namaste Jharana,Waterfall,Sangurigadhi Rural Municipality,Major,,POINT,ROUTING_HOLD,NONE,,provinces/koshi/districts/dhankuta.md,provinces/koshi/visitor-ready/dhankuta.md
np-koshi-dhankuta-namje-village,Koshi,Dhankuta,Namje Village,Cultural village and community tourism,Sangurigadhi Rural Municipality–6,Major,,AREA,ROUTING_HOLD,NONE,,provinces/koshi/districts/dhankuta.md,provinces/koshi/visitor-ready/dhankuta.md
np-koshi-dhankuta-namje-thumki-community-homestay,Koshi,Dhankuta,Namje–Thumki Community Homestay,Community homestay and Magar culture,Sangurigadhi Rural Municipality–6,Major,,POINT,ROUTING_HOLD,NONE,,provinces/koshi/districts/dhankuta.md,provinces/koshi/visitor-ready/dhankuta.md
np-koshi-dhankuta-rajarani-wetland,Koshi,Dhankuta,Rajarani Wetland,Wetland and biodiversity,Chaubise Rural Municipality,Major,,WATER,ROUTING_HOLD,NONE,,provinces/koshi/districts/dhankuta.md,provinces/koshi/visitor-ready/dhankuta.md
np-koshi-dhankuta-rani-tal-rani-lake,Koshi,Dhankuta,Rani Tal / Rani Lake,"Lake, wetland and birdwatching",Chaubise Rural Municipality,Major,,WATER,ROUTING_HOLD,NONE,,provinces/koshi/districts/dhankuta.md,provinces/koshi/visitor-ready/dhankuta.md
np-koshi-dhankuta-aathpahariya-baunna-chulo-ghar,Koshi,Dhankuta,Aathpahariya Baunna Chulo Ghar,Indigenous cultural heritage,Dhankuta Municipality,High,,POINT,ROUTING_HOLD,NONE,,provinces/koshi/districts/dhankuta.md,provinces/koshi/visitor-ready/dhankuta.md
np-koshi-dhankuta-banjhakri-park,Koshi,Dhankuta,Banjhakri Park,Cultural park,Mahalaxmi Municipality,High,,POINT,ROUTING_HOLD,NONE,,provinces/koshi/districts/dhankuta.md,provinces/koshi/visitor-ready/dhankuta.md
np-koshi-dhankuta-chintang-devi-temple,Koshi,Dhankuta,Chintang Devi Temple,Religious site,Chhathar Jorpati area,High,,POINT,ROUTING_HOLD,NONE,,provinces/koshi/districts/dhankuta.md,provinces/koshi/visitor-ready/dhankuta.md
np-koshi-dhankuta-chuliban-view-tower,Koshi,Dhankuta,Chuliban View Tower,Viewpoint,Dhankuta Municipality,High,,POINT,ROUTING_HOLD,NONE,,provinces/koshi/districts/dhankuta.md,provinces/koshi/visitor-ready/dhankuta.md
np-koshi-dhankuta-dhankuta-bazaar,Koshi,Dhankuta,Dhankuta Bazaar,Historical hill town,Dhankuta Municipality,High,,AREA,ROUTING_HOLD,NONE,,provinces/koshi/districts/dhankuta.md,provinces/koshi/visitor-ready/dhankuta.md
np-koshi-dhankuta-jitpur-bazaar,Koshi,Dhankuta,Jitpur Bazaar,Historical market settlement,Mahalaxmi Municipality,High,,AREA,ROUTING_HOLD,NONE,,provinces/koshi/districts/dhankuta.md,provinces/koshi/visitor-ready/dhankuta.md
np-koshi-dhankuta-kopche-heritage-settlement,Koshi,Dhankuta,Kopche Heritage Settlement,Historical neighbourhood and community tourism,Dhankuta Municipality,High,,POINT,ROUTING_HOLD,NONE,,provinces/koshi/districts/dhankuta.md,provinces/koshi/visitor-ready/dhankuta.md
np-koshi-dhankuta-latibhanjyang-shiva-statue,Koshi,Dhankuta,Latibhanjyang Shiva Statue,Religious site and viewpoint,Mahalaxmi Municipality,High,,POINT,ROUTING_HOLD,NONE,,provinces/koshi/districts/dhankuta.md,provinces/koshi/visitor-ready/dhankuta.md
np-koshi-dhankuta-leguwa-arun-river-confluence-area,Koshi,Dhankuta,Leguwa–Arun River Confluence Area,River scenery,Mahalaxmi Municipality,High,,CORRIDOR,ROUTING_HOLD,NONE,,provinces/koshi/districts/dhankuta.md,provinces/koshi/visitor-ready/dhankuta.md
np-koshi-dhankuta-nageshwar-temple,Koshi,Dhankuta,Nageshwar Temple,Religious site,"Leguwa, Mahalaxmi Municipality",High,,POINT,ROUTING_HOLD,NONE,,provinces/koshi/districts/dhankuta.md,provinces/koshi/visitor-ready/dhankuta.md
np-koshi-dhankuta-pakhribas-agricultural-research-centre,Koshi,Dhankuta,Pakhribas Agricultural Research Centre,Agro-tourism and education,Pakhribas Municipality,High,,POINT,ROUTING_HOLD,NONE,,provinces/koshi/districts/dhankuta.md,provinces/koshi/visitor-ready/dhankuta.md
np-koshi-dhankuta-pakhribas-bazaar,Koshi,Dhankuta,Pakhribas Bazaar,Scenic hill town,Pakhribas Municipality,High,,AREA,ROUTING_HOLD,NONE,,provinces/koshi/districts/dhankuta.md,provinces/koshi/visitor-ready/dhankuta.md
np-koshi-dhankuta-pathibhara-temple-near-hile,Koshi,Dhankuta,Pathibhara Temple near Hile,Religious and pilgrimage site,Hile area,High,,POINT,ROUTING_HOLD,NONE,,provinces/koshi/districts/dhankuta.md,provinces/koshi/visitor-ready/dhankuta.md
np-koshi-dhankuta-rajarani-valley,Koshi,Dhankuta,Rajarani Valley,Valley landscape and cultural destination,Chaubise Rural Municipality,High,,CORRIDOR,ROUTING_HOLD,NONE,,provinces/koshi/districts/dhankuta.md,provinces/koshi/visitor-ready/dhankuta.md
np-koshi-dhankuta-sadam-tourism-area,Koshi,Dhankuta,Sadam Tourism Area,Rural nature destination,Chaubise Rural Municipality Ward 5,Emerging,,AREA,ROUTING_HOLD,NONE,,provinces/koshi/districts/dhankuta.md,provinces/koshi/visitor-ready/dhankuta.md
np-koshi-dhankuta-syaule-sipting-aathpahariya-community-homestay,Koshi,Dhankuta,Syaule–Sipting Aathpahariya Community Homestay,Community and Indigenous cultural tourism,Dhankuta Municipality Ward 3,High,,POINT,ROUTING_HOLD,NONE,,provinces/koshi/districts/dhankuta.md,provinces/koshi/visitor-ready/dhankuta.md
np-koshi-dhankuta-thumki-hill,Koshi,Dhankuta,Thumki Hill,Viewpoint and village hike,Sangurigadhi Rural Municipality,High,,AREA,ROUTING_HOLD,NONE,,provinces/koshi/districts/dhankuta.md,provinces/koshi/visitor-ready/dhankuta.md
np-koshi-ilam-antu-danda,Koshi,Ilam,Antu Danda,Sunrise viewpoint,Suryodaya Municipality,Major,,POINT,ROUTING_HOLD,NONE,,provinces/koshi/districts/ilam.md,provinces/koshi/visitor-ready/ilam.md
np-koshi-ilam-chhintapu,Koshi,Ilam,Chhintapu,Trekking peak and wildlife area,Sandakpur Rural Municipality,Major,,ROUTE,ROUTING_HOLD,NONE,,provinces/koshi/districts/ilam.md,provinces/koshi/visitor-ready/ilam.md
np-koshi-ilam-didi-bahini-jharana,Koshi,Ilam,Didi Bahini Jharana,Waterfall,Rong Rural Municipality,Major,,POINT,ROUTING_HOLD,NONE,,provinces/koshi/districts/ilam.md,provinces/koshi/visitor-ready/ilam.md
np-koshi-ilam-fensong-gumba,Koshi,Ilam,Fensong Gumba,Buddhist monastery and Lepcha heritage,Suryodaya Municipality,Major,,POINT,ROUTING_HOLD,NONE,,provinces/koshi/districts/ilam.md,provinces/koshi/visitor-ready/ilam.md
np-koshi-ilam-gajurmukhi-dham,Koshi,Ilam,Gajurmukhi Dham,Cave-temple and religious destination,Western Ilam,Major,,POINT,ROUTING_HOLD,NONE,,provinces/koshi/districts/ilam.md,provinces/koshi/visitor-ready/ilam.md
np-koshi-ilam-ilam-tea-factory,Koshi,Ilam,Ilam Tea Factory,Industrial heritage and tea tourism,Ilam Municipality,Major,,POINT,ROUTING_HOLD,NONE,,provinces/koshi/districts/ilam.md,provinces/koshi/visitor-ready/ilam.md
np-koshi-ilam-kanyam-tea-garden,Koshi,Ilam,Kanyam Tea Garden,Tea landscape and agro-tourism,Suryodaya Municipality,Major,,AREA,ROUTING_HOLD,NONE,,provinces/koshi/districts/ilam.md,provinces/koshi/visitor-ready/ilam.md
np-koshi-ilam-lepcha-museum-at-fensong-gumba,Koshi,Ilam,Lepcha Museum at Fensong Gumba,Indigenous cultural museum,Suryodaya Municipality,Major,,POINT,ROUTING_HOLD,NONE,,provinces/koshi/districts/ilam.md,provinces/koshi/visitor-ready/ilam.md
np-koshi-ilam-mai-pokhari,Koshi,Ilam,Mai Pokhari,Ramsar wetland and sacred lake,Sandakpur Rural Municipality,Major,,WATER,ROUTING_HOLD,NONE,,provinces/koshi/districts/ilam.md,provinces/koshi/visitor-ready/ilam.md
np-koshi-ilam-mangmalung,Koshi,Ilam,Mangmalung,"Kirat religious, forest and cave destination",Mangsebung area,Major,,AREA,ROUTING_HOLD,NONE,,provinces/koshi/districts/ilam.md,provinces/koshi/visitor-ready/ilam.md
np-koshi-ilam-meghma,Koshi,Ilam,Meghma,Border-ridge trekking and monastery destination,Maijogmai corridor,Major,,ROUTE,ROUTING_HOLD,BORDER_CONTROL,,provinces/koshi/districts/ilam.md,provinces/koshi/visitor-ready/ilam.md
np-koshi-ilam-patenagi,Koshi,Ilam,Patenagi,Viewpoint and red panda habitat,Rong Rural Municipality,Major,,POINT,ROUTING_HOLD,NONE,,provinces/koshi/districts/ilam.md,provinces/koshi/visitor-ready/ilam.md
np-koshi-ilam-sandakpur,Koshi,Ilam,Sandakpur,Mountain viewpoint and trekking destination,Sandakpur Rural Municipality,Major,,ROUTE,ROUTING_HOLD,NONE,,provinces/koshi/districts/ilam.md,provinces/koshi/visitor-ready/ilam.md
np-koshi-ilam-sanu-pathibhara-temple,Koshi,Ilam,Sanu Pathibhara Temple,Religious site and viewpoint,Kutidanda–Hanspokhari area,Major,,POINT,ROUTING_HOLD,NONE,,provinces/koshi/districts/ilam.md,provinces/koshi/visitor-ready/ilam.md
np-koshi-ilam-shree-antu,Koshi,Ilam,Shree Antu,Rural tourism and homestay destination,Suryodaya Municipality,Major,,POINT,ROUTING_HOLD,NONE,,provinces/koshi/districts/ilam.md,provinces/koshi/visitor-ready/ilam.md
np-koshi-ilam-siddhithumka-chuli,Koshi,Ilam,Siddhithumka Chuli,Sunrise viewpoint,Deumai Municipality,Major,,POINT,ROUTING_HOLD,NONE,,provinces/koshi/districts/ilam.md,provinces/koshi/visitor-ready/ilam.md
np-koshi-ilam-antu-pokhari,Koshi,Ilam,Antu Pokhari,Lake and recreation,Suryodaya Municipality,High,,WATER,ROUTING_HOLD,NONE,,provinces/koshi/districts/ilam.md,provinces/koshi/visitor-ready/ilam.md
np-koshi-ilam-fikkal-bazaar,Koshi,Ilam,Fikkal Bazaar,Tourism gateway,Suryodaya Municipality,High,,AREA,ROUTING_HOLD,NONE,,provinces/koshi/districts/ilam.md,provinces/koshi/visitor-ready/ilam.md
np-koshi-ilam-google-point,Koshi,Ilam,Google Point,Viewpoint,Rong Rural Municipality–3,High,,POINT,ROUTING_HOLD,NONE,,provinces/koshi/districts/ilam.md,provinces/koshi/visitor-ready/ilam.md
np-koshi-ilam-gufathumki,Koshi,Ilam,Gufathumki,Cave and hill destination,Deumai Municipality,High,,AREA,ROUTING_HOLD,NONE,,provinces/koshi/districts/ilam.md,provinces/koshi/visitor-ready/ilam.md
np-koshi-ilam-ilam-bazaar,Koshi,Ilam,Ilam Bazaar,Historical hill town,Ilam Municipality,High,,AREA,ROUTING_HOLD,NONE,,provinces/koshi/districts/ilam.md,provinces/koshi/visitor-ready/ilam.md
np-koshi-ilam-jaubari,Koshi,Ilam,Jaubari,Hill settlement and trekking stop,Maijogmai Rural Municipality,High,,ROUTE,ROUTING_HOLD,NONE,,provinces/koshi/districts/ilam.md,provinces/koshi/visitor-ready/ilam.md
np-koshi-ilam-jhau-pokhari,Koshi,Ilam,Jhau Pokhari,Pond and recreation,Deumai Municipality Ward 8,High,,WATER,ROUTING_HOLD,NONE,,provinces/koshi/districts/ilam.md,provinces/koshi/visitor-ready/ilam.md
np-koshi-ilam-kuibhir-tourism-area,Koshi,Ilam,Kuibhir Tourism Area,Cliff and viewpoint,Deumai Municipality Ward 1,High,,AREA,ROUTING_HOLD,NONE,,provinces/koshi/districts/ilam.md,provinces/koshi/visitor-ready/ilam.md
np-koshi-ilam-kuinetar-omkareshwar-temple,Koshi,Ilam,Kuinetar Omkareshwar Temple,Religious and natural tourism,Chulachuli Rural Municipality,High,,POINT,ROUTING_HOLD,NONE,,provinces/koshi/districts/ilam.md,provinces/koshi/visitor-ready/ilam.md
np-koshi-ilam-mahabhir-rock-climbing-area,Koshi,Ilam,Mahabhir Rock Climbing Area,Adventure tourism,Rong Rural Municipality,High,,AREA,ROUTING_HOLD,NONE,,provinces/koshi/districts/ilam.md,provinces/koshi/visitor-ready/ilam.md
np-koshi-ilam-mai-beni,Koshi,Ilam,Mai Beni,River confluence and pilgrimage site,Near Ilam Bazaar,High,,CORRIDOR,ROUTING_HOLD,NONE,,provinces/koshi/districts/ilam.md,provinces/koshi/visitor-ready/ilam.md
np-koshi-ilam-namsaling-village,Koshi,Ilam,Namsaling Village,Community and rural tourism,Maijogmai Rural Municipality,High,,AREA,ROUTING_HOLD,NONE,,provinces/koshi/districts/ilam.md,provinces/koshi/visitor-ready/ilam.md
np-koshi-ilam-nayabazar,Koshi,Ilam,Nayabazar,Historic hill market,Maijogmai Rural Municipality,High,,AREA,ROUTING_HOLD,NONE,,provinces/koshi/districts/ilam.md,provinces/koshi/visitor-ready/ilam.md
np-koshi-ilam-panchakanya-tourism-area,Koshi,Ilam,Panchakanya Tourism Area,Tea landscape and rural destination,Suryodaya Municipality,High,,AREA,ROUTING_HOLD,NONE,,provinces/koshi/districts/ilam.md,provinces/koshi/visitor-ready/ilam.md
np-koshi-ilam-pashupatinagar,Koshi,Ilam,Pashupatinagar,Border town and cultural market,Suryodaya Municipality,High,,AREA,ROUTING_HOLD,BORDER_CONTROL,,provinces/koshi/districts/ilam.md,provinces/koshi/visitor-ready/ilam.md
np-koshi-ilam-ramite-danda-sakphara,Koshi,Ilam,"Ramite Danda, Sakphara",Viewpoint,Chulachuli Rural Municipality,High,,POINT,ROUTING_HOLD,NONE,,provinces/koshi/districts/ilam.md,provinces/koshi/visitor-ready/ilam.md
np-koshi-ilam-rani-forest,Koshi,Ilam,Rani Forest,Forest walk,Suryodaya Municipality,High,,AREA,ROUTING_HOLD,NONE,,provinces/koshi/districts/ilam.md,provinces/koshi/visitor-ready/ilam.md
np-koshi-ilam-siddhi-thumka,Koshi,Ilam,Siddhi Thumka,Sunrise and sunset viewpoint,Ilam Municipality area,High,,POINT,ROUTING_HOLD,NONE,,provinces/koshi/districts/ilam.md,provinces/koshi/visitor-ready/ilam.md
np-koshi-ilam-suryodaya-tea-tasting-and-promotion-centre,Koshi,Ilam,Suryodaya Tea Tasting and Promotion Centre,Tea culture and agro-tourism,Suryodaya Municipality,High,,POINT,ROUTING_HOLD,NONE,,provinces/koshi/districts/ilam.md,provinces/koshi/visitor-ready/ilam.md
np-koshi-ilam-three-tier-waterfall,Koshi,Ilam,Three-tier Waterfall,Waterfall,Suryodaya Municipality,High,,POINT,ROUTING_HOLD,NONE,,provinces/koshi/districts/ilam.md,provinces/koshi/visitor-ready/ilam.md
np-koshi-ilam-tinkune-pokhari,Koshi,Ilam,Tinkune Pokhari,Pond and wetland,Chulachuli Rural Municipality,High,,WATER,ROUTING_HOLD,NONE,,provinces/koshi/districts/ilam.md,provinces/koshi/visitor-ready/ilam.md
np-koshi-jhapa-arjundhara-jaleshwar-dham,Koshi,Jhapa,Arjundhara Jaleshwar Dham,Hindu pilgrimage site,Arjundhara Municipality,Major,,POINT,ROUTING_HOLD,NONE,,provinces/koshi/districts/jhapa.md,provinces/koshi/visitor-ready/jhapa.md
np-koshi-jhapa-bahundangi-elephant-corridor,Koshi,Jhapa,Bahundangi Elephant Corridor,Wildlife and eco-tourism landscape,Bahundangi,Major,,CORRIDOR,ROUTING_HOLD,NONE,,provinces/koshi/districts/jhapa.md,provinces/koshi/visitor-ready/jhapa.md
np-koshi-jhapa-domukha-tourism-area,Koshi,Jhapa,Domukha Tourism Area,Riverbank recreation,Shivasatakshi Municipality,Major,,CORRIDOR,ROUTING_HOLD,NONE,,provinces/koshi/districts/jhapa.md,provinces/koshi/visitor-ready/jhapa.md
np-koshi-jhapa-jamunkhadi-simsar,Koshi,Jhapa,Jamunkhadi Simsar,"Wetland, wildlife and recreation",Kankai Municipality,Major,,WATER,ROUTING_HOLD,NONE,,provinces/koshi/districts/jhapa.md,provinces/koshi/visitor-ready/jhapa.md
np-koshi-jhapa-kakarbhitta-border-gate,Koshi,Jhapa,Kakarbhitta Border Gate,International border gateway,Mechinagar Municipality,Major,,POINT,ROUTING_HOLD,BORDER_CONTROL,,provinces/koshi/districts/jhapa.md,provinces/koshi/visitor-ready/jhapa.md
np-koshi-jhapa-kankai-dham-kotihom,Koshi,Jhapa,Kankai Dham / Kotihom,Hindu pilgrimage complex,Kankai Municipality,Major,,POINT,ROUTING_HOLD,NONE,,provinces/koshi/districts/jhapa.md,provinces/koshi/visitor-ready/jhapa.md
np-koshi-jhapa-kechana-kawal,Koshi,Jhapa,Kechana Kawal,Geographical landmark and wetland landscape,Kachankawal Rural Municipality,Major,,WATER,ROUTING_HOLD,NONE,,provinces/koshi/districts/jhapa.md,provinces/koshi/visitor-ready/jhapa.md
np-koshi-jhapa-kichakbadh-archaeological-site,Koshi,Jhapa,Kichakbadh Archaeological Site,Archaeological and mythological site,Bhadrapur area,Major,,POINT,ROUTING_HOLD,NONE,,provinces/koshi/districts/jhapa.md,provinces/koshi/visitor-ready/jhapa.md
np-koshi-jhapa-mini-mountain-bahundangi,Koshi,Jhapa,Mini Mountain Bahundangi,Viewpoint,Mechinagar Municipality,Major,,POINT,ROUTING_HOLD,NONE,,provinces/koshi/districts/jhapa.md,provinces/koshi/visitor-ready/jhapa.md
np-koshi-jhapa-satakshi-dham,Koshi,Jhapa,Satakshi Dham,Hindu pilgrimage and forest attraction,Shivasatakshi Municipality,Major,,AREA,ROUTING_HOLD,NONE,,provinces/koshi/districts/jhapa.md,provinces/koshi/visitor-ready/jhapa.md
np-koshi-jhapa-bhelagudi-wetland,Koshi,Jhapa,Bhelagudi Wetland,Wetland and picnic destination,Haldibari Rural Municipality,High,,WATER,ROUTING_HOLD,NONE,,provinces/koshi/districts/jhapa.md,provinces/koshi/visitor-ready/jhapa.md
np-koshi-jhapa-birat-pokhari,Koshi,Jhapa,Birat Pokhari,Historical pond,Birtamod area,High,,WATER,ROUTING_HOLD,NONE,,provinces/koshi/districts/jhapa.md,provinces/koshi/visitor-ready/jhapa.md
np-koshi-jhapa-burney-tea-estate,Koshi,Jhapa,Burney Tea Estate,Tea landscape,Buddhashanti Rural Municipality,High,,AREA,ROUTING_HOLD,NONE,,provinces/koshi/districts/jhapa.md,provinces/koshi/visitor-ready/jhapa.md
np-koshi-jhapa-chillagadh,Koshi,Jhapa,Chillagadh,Historical and cultural heritage,Shivasatakshi Municipality,High,,AREA,ROUTING_HOLD,NONE,,provinces/koshi/districts/jhapa.md,provinces/koshi/visitor-ready/jhapa.md
np-koshi-jhapa-damak-tourism-park-birat-buddha-village,Koshi,Jhapa,Damak Tourism Park / Birat Buddha Village,Developing Buddhist tourism project,Damak,Developing,,AREA,ROUTING_HOLD,NONE,,provinces/koshi/districts/jhapa.md,provinces/koshi/visitor-ready/jhapa.md
np-koshi-jhapa-dhanushkoti-dham,Koshi,Jhapa,Dhanushkoti Dham,Religious and mythological site,Kankai–Domukha area,High,,POINT,ROUTING_HOLD,NONE,,provinces/koshi/districts/jhapa.md,provinces/koshi/visitor-ready/jhapa.md
np-koshi-jhapa-dharagola-view-tower,Koshi,Jhapa,Dharagola View Tower,Viewpoint,Buddhashanti Rural Municipality Ward 7,High,,POINT,ROUTING_HOLD,NONE,,provinces/koshi/districts/jhapa.md,provinces/koshi/visitor-ready/jhapa.md
np-koshi-jhapa-dhulabari-tea-estate,Koshi,Jhapa,Dhulabari Tea Estate,Tea garden,Mechinagar Municipality,High,,POINT,ROUTING_HOLD,NONE,,provinces/koshi/districts/jhapa.md,provinces/koshi/visitor-ready/jhapa.md
np-koshi-jhapa-gauradaha-dah-pokhari,Koshi,Jhapa,Gauradaha Dah Pokhari,Historic pond,Gauradaha Municipality,High,,WATER,ROUTING_HOLD,NONE,,provinces/koshi/districts/jhapa.md,provinces/koshi/visitor-ready/jhapa.md
np-koshi-jhapa-kechana-jhil,Koshi,Jhapa,Kechana Jhil,Lake and wetland,Kachankawal Rural Municipality,High,,WATER,ROUTING_HOLD,NONE,,provinces/koshi/districts/jhapa.md,provinces/koshi/visitor-ready/jhapa.md
np-koshi-jhapa-mahendra-park,Koshi,Jhapa,Mahendra Park,Urban park,Bhadrapur Municipality,High,,POINT,ROUTING_HOLD,NONE,,provinces/koshi/districts/jhapa.md,provinces/koshi/visitor-ready/jhapa.md
np-koshi-jhapa-pau-pathibhara-temple,Koshi,Jhapa,Pau Pathibhara Temple,Religious site and viewpoint,"Charali, Mechinagar",High,,POINT,ROUTING_HOLD,NONE,,provinces/koshi/districts/jhapa.md,provinces/koshi/visitor-ready/jhapa.md
np-koshi-jhapa-salbari-park,Koshi,Jhapa,Salbari Park,Forest park,Arjundhara Municipality,High,,AREA,ROUTING_HOLD,NONE,,provinces/koshi/districts/jhapa.md,provinces/koshi/visitor-ready/jhapa.md
np-koshi-khotang-baraha-pokhari,Koshi,Khotang,Baraha Pokhari,Sacred lake and pilgrimage,Barahapokhari Rural Municipality,Major,,WATER,ROUTING_HOLD,NONE,,provinces/koshi/districts/khotang.md,provinces/koshi/visitor-ready/khotang.md
np-koshi-khotang-dhiplung-waterfall,Koshi,Khotang,Dhiplung Waterfall,Waterfall,Diprung Chuichumma Rural Municipality,Major,,POINT,ROUTING_HOLD,NONE,,provinces/koshi/districts/khotang.md,provinces/koshi/visitor-ready/khotang.md
np-koshi-khotang-halesi-cave-complex,Koshi,Khotang,Halesi Cave Complex,Multi-faith sacred cave system,Halesi Tuwachung Municipality,Major,,POINT,ROUTING_HOLD,NONE,,provinces/koshi/districts/khotang.md,provinces/koshi/visitor-ready/khotang.md
np-koshi-khotang-halesi-mahadev-temple,Koshi,Khotang,Halesi Mahadev Temple,Hindu pilgrimage and sacred cave,Halesi Tuwachung Municipality,Major,,POINT,ROUTING_HOLD,NONE,,provinces/koshi/districts/khotang.md,provinces/koshi/visitor-ready/khotang.md
np-koshi-khotang-jantedhunga,Koshi,Khotang,Jantedhunga,Historical and cultural hill,Jantedhunga Rural Municipality,Major,,AREA,ROUTING_HOLD,NONE,,provinces/koshi/districts/khotang.md,provinces/koshi/visitor-ready/khotang.md
np-koshi-khotang-kepilasgadhi-fort,Koshi,Khotang,Kepilasgadhi Fort,Historical fort,Kepilasgadhi Rural Municipality,Major,,POINT,ROUTING_HOLD,NONE,,provinces/koshi/districts/khotang.md,provinces/koshi/visitor-ready/khotang.md
np-koshi-khotang-majhuwagadhi,Koshi,Khotang,Majhuwagadhi,Historical fort and viewpoint,Diktel Rupakot Majhuwagadhi Municipality,Major,,POINT,ROUTING_HOLD,NONE,,provinces/koshi/districts/khotang.md,provinces/koshi/visitor-ready/khotang.md
np-koshi-khotang-maratika-cave,Koshi,Khotang,Maratika Cave,Buddhist pilgrimage cave,Halesi area,Major,,POINT,ROUTING_HOLD,NONE,,provinces/koshi/districts/khotang.md,provinces/koshi/visitor-ready/khotang.md
np-koshi-khotang-rupakot-danda,Koshi,Khotang,Rupakot Danda,Hill viewpoint and religious site,Diktel Rupakot Majhuwagadhi Municipality,Major,,AREA,ROUTING_HOLD,NONE,,provinces/koshi/districts/khotang.md,provinces/koshi/visitor-ready/khotang.md
np-koshi-khotang-tuwachung-jayajum-hill,Koshi,Khotang,Tuwachung–Jayajum Hill,Kirat sacred site and viewpoint,Halesi Tuwachung Municipality,Major,,AREA,ROUTING_HOLD,NONE,,provinces/koshi/districts/khotang.md,provinces/koshi/visitor-ready/khotang.md
np-koshi-khotang-bhulbhule-dudhkunda-deudham,Koshi,Khotang,Bhulbhule Dudhkunda Deudham,Sacred spring and pilgrimage,Nerpa Ward 6,High,,POINT,ROUTING_HOLD,NONE,,provinces/koshi/districts/khotang.md,provinces/koshi/visitor-ready/khotang.md
np-koshi-khotang-indrani-pokhari,Koshi,Khotang,Indrani Pokhari,Sacred pond and Kirat site,Khotehang Rural Municipality Ward 6,High,,WATER,ROUTING_HOLD,NONE,,provinces/koshi/districts/khotang.md,provinces/koshi/visitor-ready/khotang.md
np-koshi-khotang-kangsahop-lake,Koshi,Khotang,Kangsahop Lake,Artificial lake and boating,Kharmi–Bhangedar Ward 11,Emerging/High,,WATER,ROUTING_HOLD,OPERATOR_DEPENDENT,,provinces/koshi/districts/khotang.md,provinces/koshi/visitor-ready/khotang.md
np-koshi-khotang-lakuchumbu-waterfall,Koshi,Khotang,Lakuchumbu Waterfall,Waterfall,Khotehang Rural Municipality Ward 3,High,,POINT,ROUTING_HOLD,NONE,,provinces/koshi/districts/khotang.md,provinces/koshi/visitor-ready/khotang.md
np-koshi-khotang-mahuregadhi,Koshi,Khotang,Mahuregadhi,Historical fort and viewpoint,Diktel Rupakot Majhuwagadhi Municipality,High,,POINT,ROUTING_HOLD,NONE,,provinces/koshi/districts/khotang.md,provinces/koshi/visitor-ready/khotang.md
np-koshi-khotang-paruhang-sumnima-park,Koshi,Khotang,Paruhang–Sumnima Park,Kirat religious and cultural park,Khotehang Rural Municipality Ward 5,High,,POINT,ROUTING_HOLD,NONE,,provinces/koshi/districts/khotang.md,provinces/koshi/visitor-ready/khotang.md
np-koshi-khotang-sapsudhapa,Koshi,Khotang,Sapsudhapa,Religious and natural site,Diktel Rupakot Majhuwagadhi Municipality,High,,POINT,ROUTING_HOLD,NONE,,provinces/koshi/districts/khotang.md,provinces/koshi/visitor-ready/khotang.md
np-koshi-khotang-soldhunga-tourism-area,Koshi,Khotang,Soldhunga Tourism Area,Rock formation and viewpoint,Khotehang Rural Municipality,High,,AREA,ROUTING_HOLD,NONE,,provinces/koshi/districts/khotang.md,provinces/koshi/visitor-ready/khotang.md
np-koshi-khotang-yalambar-park,Koshi,Khotang,Yalambar Park,Kirat cultural park,Khotehang Rural Municipality Ward 2,High,,POINT,ROUTING_HOLD,NONE,,provinces/koshi/districts/khotang.md,provinces/koshi/visitor-ready/khotang.md
np-koshi-morang-betana-wetland,Koshi,Morang,Betana Wetland,"Wetland, wildlife and boating",Belbari Municipality,Major,,WATER,ROUTING_HOLD,OPERATOR_DEPENDENT,,provinces/koshi/districts/morang.md,provinces/koshi/visitor-ready/morang.md
np-koshi-morang-betini-wetland,Koshi,Morang,Betini Wetland,Wetland and birdwatching,Urlabari Municipality,Major,,WATER,ROUTING_HOLD,NONE,,provinces/koshi/districts/morang.md,provinces/koshi/visitor-ready/morang.md
np-koshi-morang-bhulke-wetland,Koshi,Morang,Bhulke Wetland,Wetland and eco-tourism,Pathari Shanishchare Municipality,Major,,WATER,ROUTING_HOLD,NONE,,provinces/koshi/districts/morang.md,provinces/koshi/visitor-ready/morang.md
np-koshi-morang-birat-palace-archaeological-site-bhediyari-dhisko,Koshi,Morang,Birat Palace Archaeological Site / Bhediyari Dhisko,Archaeological and historical site,Biratnagar–18,Major,,POINT,ROUTING_HOLD,NONE,,provinces/koshi/districts/morang.md,provinces/koshi/visitor-ready/morang.md
np-koshi-morang-dhanpalgadhi,Koshi,Morang,Dhanpalgadhi,Historical fort and Tharu religious site,Belbari Municipality,Major,,POINT,ROUTING_HOLD,NONE,,provinces/koshi/districts/morang.md,provinces/koshi/visitor-ready/morang.md
np-koshi-morang-hasina-wetland-hasina-simsar,Koshi,Morang,Hasina Wetland / Hasina Simsar,Wetland and recreation,Sundarharaicha Municipality Ward 5,Major,,WATER,ROUTING_HOLD,NONE,,provinces/koshi/districts/morang.md,provinces/koshi/visitor-ready/morang.md
np-koshi-morang-jefale-danda,Koshi,Morang,Jefale Danda,Hill station and viewpoint,Kerabari Rural Municipality,Major,,AREA,ROUTING_HOLD,NONE,,provinces/koshi/districts/morang.md,provinces/koshi/visitor-ready/morang.md
np-koshi-morang-kanepokhari-lake,Koshi,Morang,Kanepokhari Lake,Lake and recreation,Kanepokhari Rural Municipality,Major,,WATER,ROUTING_HOLD,NONE,,provinces/koshi/districts/morang.md,provinces/koshi/visitor-ready/morang.md
np-koshi-morang-rajarani-pond,Koshi,Morang,Rajarani Pond,Sacred pond and Dhimal heritage,Letang Municipality Ward 1,Major,,WATER,ROUTING_HOLD,NONE,,provinces/koshi/districts/morang.md,provinces/koshi/visitor-ready/morang.md
np-koshi-morang-baghjhora,Koshi,Morang,Baghjhora,Forest and stream destination,Sundarharaicha Municipality,High,,AREA,ROUTING_HOLD,NONE,,provinces/koshi/districts/morang.md,provinces/koshi/visitor-ready/morang.md
np-koshi-morang-biratnagar-jute-mills,Koshi,Morang,Biratnagar Jute Mills,Industrial and political heritage,Biratnagar,Major heritage potential,,POINT,ROUTING_HOLD,NONE,,provinces/koshi/districts/morang.md,provinces/koshi/visitor-ready/morang.md
np-koshi-morang-interfaith-peace-park,Koshi,Morang,Interfaith Peace Park,Religious harmony park,Letang Municipality Ward 1,High,,POINT,ROUTING_HOLD,NONE,,provinces/koshi/districts/morang.md,provinces/koshi/visitor-ready/morang.md
np-koshi-morang-jhalajhali-wetland,Koshi,Morang,Jhalajhali Wetland,Wetland,Belbari Municipality,High,,WATER,ROUTING_HOLD,NONE,,provinces/koshi/districts/morang.md,provinces/koshi/visitor-ready/morang.md
np-koshi-morang-kali-mandir,Koshi,Morang,Kali Mandir,Hindu religious site,Biratnagar,High,,POINT,ROUTING_HOLD,NONE,,provinces/koshi/districts/morang.md,provinces/koshi/visitor-ready/morang.md
np-koshi-morang-lampate-wetland,Koshi,Morang,Lampate Wetland,Wetland,Urlabari Municipality,High,,WATER,ROUTING_HOLD,NONE,,provinces/koshi/districts/morang.md,provinces/koshi/visitor-ready/morang.md
np-koshi-morang-raniban-eco-tourism-area,Koshi,Morang,Raniban Eco-tourism Area,Forest and eco-tourism,Letang Municipality,High,,AREA,ROUTING_HOLD,NONE,,provinces/koshi/districts/morang.md,provinces/koshi/visitor-ready/morang.md
np-koshi-morang-sunawarshi-pond,Koshi,Morang,Sunawarshi Pond,Sacred pond and Indigenous culture,Ratuwamai Municipality Ward 5,High,,WATER,ROUTING_HOLD,NONE,,provinces/koshi/districts/morang.md,provinces/koshi/visitor-ready/morang.md
np-koshi-okhaldhunga-champadevi-temple,Koshi,Okhaldhunga,Champadevi Temple,Hindu pilgrimage and hill destination,Champadevi Rural Municipality,Major,,AREA,ROUTING_HOLD,NONE,,provinces/koshi/districts/okhaldhunga.md,provinces/koshi/visitor-ready/okhaldhunga.md
np-koshi-okhaldhunga-khiji-tholedemba,Koshi,Okhaldhunga,Khiji Tholedemba,High-altitude viewpoint and trekking,Khijidemba Rural Municipality,Major,,ROUTE,ROUTING_HOLD,NONE,,provinces/koshi/districts/okhaldhunga.md,provinces/koshi/visitor-ready/okhaldhunga.md
np-koshi-okhaldhunga-libju-religious-site,Koshi,Okhaldhunga,Libju Religious Site,Kirat sacred site,Manebhanjyang Rural Municipality,Major,,POINT,ROUTING_HOLD,NONE,,provinces/koshi/districts/okhaldhunga.md,provinces/koshi/visitor-ready/okhaldhunga.md
np-koshi-okhaldhunga-patale-viewpoint,Koshi,Okhaldhunga,Patale Viewpoint,Himalayan viewpoint,Northern Okhaldhunga,Major,,POINT,ROUTING_HOLD,NONE,,provinces/koshi/districts/okhaldhunga.md,provinces/koshi/visitor-ready/okhaldhunga.md
np-koshi-okhaldhunga-pokali-waterfall,Koshi,Okhaldhunga,Pokali Waterfall,Waterfall,Likhu Rural Municipality,Major,,POINT,ROUTING_HOLD,NONE,,provinces/koshi/districts/okhaldhunga.md,provinces/koshi/visitor-ready/okhaldhunga.md
np-koshi-okhaldhunga-ratmate-waterfall,Koshi,Okhaldhunga,Ratmate Waterfall,Waterfall,Chisankhugadhi Rural Municipality,Major,,POINT,ROUTING_HOLD,NONE,,provinces/koshi/districts/okhaldhunga.md,provinces/koshi/visitor-ready/okhaldhunga.md
np-koshi-okhaldhunga-chandi-devi-temple-and-chandisthan-cave,Koshi,Okhaldhunga,Chandi Devi Temple and Chandisthan Cave,Temple and sacred cave,"Ragani, Champadevi Rural Municipality",High,,POINT,ROUTING_HOLD,NONE,,provinces/koshi/districts/okhaldhunga.md,provinces/koshi/visitor-ready/okhaldhunga.md
np-koshi-okhaldhunga-chisankhugadhi,Koshi,Okhaldhunga,Chisankhugadhi,Historical fort,Chisankhugadhi Rural Municipality,High,,POINT,ROUTING_HOLD,NONE,,provinces/koshi/districts/okhaldhunga.md,provinces/koshi/visitor-ready/okhaldhunga.md
np-koshi-okhaldhunga-okhaldhunga-gadhi,Koshi,Okhaldhunga,Okhaldhunga Gadhi,Historical fort,Siddhicharan area,High,,POINT,ROUTING_HOLD,NONE,,provinces/koshi/districts/okhaldhunga.md,provinces/koshi/visitor-ready/okhaldhunga.md
np-koshi-okhaldhunga-prapcha-tourism-park,Koshi,Okhaldhunga,Prapcha Tourism Park,Developing recreation site,Molung Rural Municipality Ward 3,Developing,,POINT,ROUTING_HOLD,NONE,,provinces/koshi/districts/okhaldhunga.md,provinces/koshi/visitor-ready/okhaldhunga.md
np-koshi-okhaldhunga-rumjatar,Koshi,Okhaldhunga,Rumjatar,Highland settlement and gateway,Siddhicharan Municipality,High,,AREA,ROUTING_HOLD,NONE,,provinces/koshi/districts/okhaldhunga.md,provinces/koshi/visitor-ready/okhaldhunga.md
np-koshi-okhaldhunga-siddhicharan-shrestha-birthplace-area,Koshi,Okhaldhunga,Siddhicharan Shrestha Birthplace Area,Literary heritage,Okhaldhunga Bazaar,High,,AREA,ROUTING_HOLD,NONE,,provinces/koshi/districts/okhaldhunga.md,provinces/koshi/visitor-ready/okhaldhunga.md
np-koshi-okhaldhunga-srijana-srasta-park,Koshi,Okhaldhunga,Srijana / Srasta Park,Literary memorial park,Siddhicharan Municipality,High,,POINT,ROUTING_HOLD,NONE,,provinces/koshi/districts/okhaldhunga.md,provinces/koshi/visitor-ready/okhaldhunga.md
np-koshi-okhaldhunga-tolu-gumba,Koshi,Okhaldhunga,Tolu Gumba,Buddhist monastery,Jantarkhani area,High,,POINT,ROUTING_HOLD,NONE,,provinces/koshi/districts/okhaldhunga.md,provinces/koshi/visitor-ready/okhaldhunga.md
np-koshi-panchthar-chiwabhanjyang,Koshi,Panchthar,Chiwabhanjyang,Border pass and viewpoint,Yangwarak Rural Municipality,Major,,POINT,ROUTING_HOLD,BORDER_CONTROL,,provinces/koshi/districts/panchthar.md,provinces/koshi/visitor-ready/panchthar.md
np-koshi-panchthar-hilihang-palace,Koshi,Panchthar,Hilihang Palace,Historical palace and viewpoint,Hilihang Rural Municipality,Major,,POINT,ROUTING_HOLD,NONE,,provinces/koshi/districts/panchthar.md,provinces/koshi/visitor-ready/panchthar.md
np-koshi-panchthar-kummayak-kussayak,Koshi,Panchthar,Kummayak–Kussayak,Kirat sacred and historical site,Kummayak Rural Municipality,Major,,POINT,ROUTING_HOLD,NONE,,provinces/koshi/districts/panchthar.md,provinces/koshi/visitor-ready/panchthar.md
np-koshi-panchthar-labrekuti-silauti,Koshi,Panchthar,Labrekuti–Silauti,Kirat pilgrimage and historical site,Phidim–Phalgunanda border,Major,,POINT,ROUTING_HOLD,NONE,,provinces/koshi/districts/panchthar.md,provinces/koshi/visitor-ready/panchthar.md
np-koshi-panchthar-mahaguru-phalgunanda-mausoleum,Koshi,Panchthar,Mahaguru Phalgunanda Mausoleum,Religious memorial,Silauti–Labrekuti,Major,,POINT,ROUTING_HOLD,NONE,,provinces/koshi/districts/panchthar.md,provinces/koshi/visitor-ready/panchthar.md
np-koshi-panchthar-phalot,Koshi,Panchthar,Phalot,High-altitude meadow and viewpoint,Phalelung Rural Municipality,Major,,POINT,ROUTING_HOLD,NONE,,provinces/koshi/districts/panchthar.md,provinces/koshi/visitor-ready/panchthar.md
np-koshi-panchthar-phokte-danda,Koshi,Panchthar,Phokte Danda,Himalayan viewpoint,Phalelung Rural Municipality,Major,,POINT,ROUTING_HOLD,NONE,,provinces/koshi/districts/panchthar.md,provinces/koshi/visitor-ready/panchthar.md
np-koshi-panchthar-sadhutar,Koshi,Panchthar,Sadhutar,Hill viewpoint and pond,Phidim Municipality Ward 8,Major,,WATER,ROUTING_HOLD,NONE,,provinces/koshi/districts/panchthar.md,provinces/koshi/visitor-ready/panchthar.md
np-koshi-panchthar-sehonamlang,Koshi,Panchthar,Sehonamlang,Mundhumi sacred hill and caves,Phalgunanda Rural Municipality,Major,,AREA,ROUTING_HOLD,NONE,,provinces/koshi/districts/panchthar.md,provinces/koshi/visitor-ready/panchthar.md
np-koshi-panchthar-sumhatlung,Koshi,Panchthar,Sumhatlung,Kirat sacred and historical site,Phidim Municipality,Major,,POINT,ROUTING_HOLD,NONE,,provinces/koshi/districts/panchthar.md,provinces/koshi/visitor-ready/panchthar.md
np-koshi-panchthar-timbu-pokhari,Koshi,Panchthar,Timbu Pokhari,Sacred alpine lake and trek,Yangwarak Rural Municipality,Major,,WATER,ROUTING_HOLD,NONE,,provinces/koshi/districts/panchthar.md,provinces/koshi/visitor-ready/panchthar.md
np-koshi-panchthar-aagejung-monastery,Koshi,Panchthar,Aagejung Monastery,Historic Buddhist monastery,Phalelung Rural Municipality Ward 1,High,,POINT,ROUTING_HOLD,NONE,,provinces/koshi/districts/panchthar.md,provinces/koshi/visitor-ready/panchthar.md
np-koshi-panchthar-battise-waterfall,Koshi,Panchthar,Battise Waterfall,Waterfall,Phalgunanda Rural Municipality Ward 2,High,,POINT,ROUTING_HOLD,NONE,,provinces/koshi/districts/panchthar.md,provinces/koshi/visitor-ready/panchthar.md
np-koshi-panchthar-bhote-gadhi,Koshi,Panchthar,Bhote Gadhi,Historical fort,Yangwarak Rural Municipality,High,,POINT,ROUTING_HOLD,NONE,,provinces/koshi/districts/panchthar.md,provinces/koshi/visitor-ready/panchthar.md
np-koshi-panchthar-gumse-pathibhara,Koshi,Panchthar,Gumse Pathibhara,Religious site and viewpoint,Yangwarak Rural Municipality,High,,POINT,ROUTING_HOLD,NONE,,provinces/koshi/districts/panchthar.md,provinces/koshi/visitor-ready/panchthar.md
np-koshi-panchthar-gupteshwar-mahadev,Koshi,Panchthar,Gupteshwar Mahadev,Sacred cave,Yangwarak Rural Municipality,High,,POINT,ROUTING_HOLD,NONE,,provinces/koshi/districts/panchthar.md,provinces/koshi/visitor-ready/panchthar.md
np-koshi-panchthar-hile-pokhari,Koshi,Panchthar,Hile Pokhari,Pond and wetland,Miklajung Rural Municipality,High,,WATER,ROUTING_HOLD,NONE,,provinces/koshi/districts/panchthar.md,provinces/koshi/visitor-ready/panchthar.md
np-koshi-panchthar-jor-pokhari,Koshi,Panchthar,Jor Pokhari,Twin sacred ponds,Hilihang Rural Municipality,High,,WATER,ROUTING_HOLD,NONE,,provinces/koshi/districts/panchthar.md,provinces/koshi/visitor-ready/panchthar.md
np-koshi-sankhuwasabha-arun-valley,Koshi,Sankhuwasabha,Arun Valley,River valley and trekking landscape,Sankhuwasabha,Major,,CORRIDOR,ROUTING_HOLD,NONE,,provinces/koshi/districts/sankhuwasabha.md,provinces/koshi/visitor-ready/sankhuwasabha.md
np-koshi-sankhuwasabha-barun-valley,Koshi,Sankhuwasabha,Barun Valley,Himalayan valley,Makalu Barun National Park,Major,,CORRIDOR,ROUTING_HOLD,NONE,,provinces/koshi/districts/sankhuwasabha.md,provinces/koshi/visitor-ready/sankhuwasabha.md
np-koshi-sankhuwasabha-chhyankuti-danda,Koshi,Sankhuwasabha,Chhyankuti Danda,Himalayan viewpoint,Khandbari area,Major,,POINT,ROUTING_HOLD,NONE,,provinces/koshi/districts/sankhuwasabha.md,provinces/koshi/visitor-ready/sankhuwasabha.md
np-koshi-sankhuwasabha-gupha-pokhari,Koshi,Sankhuwasabha,Gupha Pokhari,Highland lake and viewpoint,Chainpur Municipality Ward 1,Major,,WATER,ROUTING_HOLD,NONE,,provinces/koshi/districts/sankhuwasabha.md,provinces/koshi/visitor-ready/sankhuwasabha.md
np-koshi-sankhuwasabha-kimathanka,Koshi,Sankhuwasabha,Kimathanka,Nepal–China border village,Bhotkhola Rural Municipality,Major,,AREA,ROUTING_HOLD,BORDER_CONTROL,,provinces/koshi/districts/sankhuwasabha.md,provinces/koshi/visitor-ready/sankhuwasabha.md
np-koshi-sankhuwasabha-makalu-barun-national-park,Koshi,Sankhuwasabha,Makalu Barun National Park,National park and wildlife,Northern Sankhuwasabha,Major,,PROTECTED_AREA,ROUTING_HOLD,PROTECTED_AREA_ENTRY,makalu-barun-national-park,provinces/koshi/districts/sankhuwasabha.md,provinces/koshi/visitor-ready/sankhuwasabha.md
np-koshi-sankhuwasabha-makalu-base-camp,Koshi,Sankhuwasabha,Makalu Base Camp,High-altitude trekking destination,Makalu Rural Municipality,Major,,ROUTE,ROUTING_HOLD,NONE,,provinces/koshi/districts/sankhuwasabha.md,provinces/koshi/visitor-ready/sankhuwasabha.md
np-koshi-sankhuwasabha-milke-danda,Koshi,Sankhuwasabha,Milke Danda,Rhododendron ridge and viewpoint,Chichila–Silichong,Major,,AREA,ROUTING_HOLD,NONE,,provinces/koshi/districts/sankhuwasabha.md,provinces/koshi/visitor-ready/sankhuwasabha.md
np-koshi-sankhuwasabha-mount-makalu,Koshi,Sankhuwasabha,Mount Makalu,Mountain and expedition destination,Makalu Rural Municipality,Major,,POINT,ROUTING_HOLD,NONE,,provinces/koshi/districts/sankhuwasabha.md,provinces/koshi/visitor-ready/sankhuwasabha.md
np-koshi-sankhuwasabha-sabha-pokhari,Koshi,Sankhuwasabha,Sabha Pokhari,Sacred alpine lake,Silichong Rural Municipality,Major,,WATER,ROUTING_HOLD,NONE,,provinces/koshi/districts/sankhuwasabha.md,provinces/koshi/visitor-ready/sankhuwasabha.md
np-koshi-sankhuwasabha-shipton-la,Koshi,Sankhuwasabha,Shipton La,Mountain pass,Makalu Base Camp route,Major,,POINT,ROUTING_HOLD,NONE,,provinces/koshi/districts/sankhuwasabha.md,provinces/koshi/visitor-ready/sankhuwasabha.md
np-koshi-sankhuwasabha-tinjure-milke-jaljale-corridor,Koshi,Sankhuwasabha,Tinjure–Milke–Jaljale Corridor,Rhododendron conservation area,Chichila–Silichong,Major,,PROTECTED_AREA,ROUTING_HOLD,PROTECTED_AREA_ENTRY,,provinces/koshi/districts/sankhuwasabha.md,provinces/koshi/visitor-ready/sankhuwasabha.md
np-koshi-sankhuwasabha-chainpur-gadhi,Koshi,Sankhuwasabha,Chainpur Gadhi,Historical fort,Chainpur Municipality,High,,POINT,ROUTING_HOLD,NONE,,provinces/koshi/districts/sankhuwasabha.md,provinces/koshi/visitor-ready/sankhuwasabha.md
np-koshi-sankhuwasabha-chainpur-karuwa-park,Koshi,Sankhuwasabha,Chainpur Karuwa Park,Handicraft heritage park,Chainpur Municipality,High,,POINT,ROUTING_HOLD,NONE,,provinces/koshi/districts/sankhuwasabha.md,provinces/koshi/visitor-ready/sankhuwasabha.md
np-koshi-sankhuwasabha-hedangna-gadhi,Koshi,Sankhuwasabha,Hedangna Gadhi,Historical fort,Northern Sankhuwasabha,High,,POINT,ROUTING_HOLD,NONE,,provinces/koshi/districts/sankhuwasabha.md,provinces/koshi/visitor-ready/sankhuwasabha.md
np-koshi-sankhuwasabha-seduwa,Koshi,Sankhuwasabha,Seduwa,National park gateway,Makalu Rural Municipality,High,,PROTECTED_AREA,ROUTING_HOLD,PROTECTED_AREA_ENTRY,,provinces/koshi/districts/sankhuwasabha.md,provinces/koshi/visitor-ready/sankhuwasabha.md
np-koshi-sankhuwasabha-tashigaon,Koshi,Sankhuwasabha,Tashigaon,Sherpa village,Makalu Rural Municipality,High,,AREA,ROUTING_HOLD,NONE,,provinces/koshi/districts/sankhuwasabha.md,provinces/koshi/visitor-ready/sankhuwasabha.md
np-koshi-sankhuwasabha-tumlingtar,Koshi,Sankhuwasabha,Tumlingtar,Air gateway,Khandbari Municipality,Major gateway,,POINT,ROUTING_HOLD,NONE,,provinces/koshi/districts/sankhuwasabha.md,provinces/koshi/visitor-ready/sankhuwasabha.md
np-koshi-solukhumbu-ama-dablam,Koshi,Solukhumbu,Ama Dablam,Mountain and climbing destination,Khumbu,Major,,POINT,ROUTING_HOLD,NONE,,provinces/koshi/districts/solukhumbu.md,provinces/koshi/visitor-ready/solukhumbu.md
np-koshi-solukhumbu-cho-la-pass,Koshi,Solukhumbu,Cho La Pass,High mountain pass,Three Passes Trek,Major,,POINT,ROUTING_HOLD,NONE,,provinces/koshi/districts/solukhumbu.md,provinces/koshi/visitor-ready/solukhumbu.md
np-koshi-solukhumbu-dharmadanda,Koshi,Solukhumbu,Dharmadanda,Viewpoint and sacred hill,Sotang–Thulung Dudhkoshi border,Major,,AREA,ROUTING_HOLD,NONE,,provinces/koshi/districts/solukhumbu.md,provinces/koshi/visitor-ready/solukhumbu.md
np-koshi-solukhumbu-dingboche,Koshi,Solukhumbu,Dingboche,Sherpa settlement and trekking hub,Imja Valley,Major,,ROUTE,ROUTING_HOLD,NONE,,provinces/koshi/districts/solukhumbu.md,provinces/koshi/visitor-ready/solukhumbu.md
np-koshi-solukhumbu-dudhkunda-lake,Koshi,Solukhumbu,Dudhkunda Lake,Sacred alpine lake,Solududhkunda Municipality,Major,,WATER,ROUTING_HOLD,NONE,,provinces/koshi/districts/solukhumbu.md,provinces/koshi/visitor-ready/solukhumbu.md
np-koshi-solukhumbu-everest-base-camp,Koshi,Solukhumbu,Everest Base Camp,High-altitude trekking destination,Khumbu Pasang Lhamu Rural Municipality,Major,,ROUTE,ROUTING_HOLD,NONE,,provinces/koshi/districts/solukhumbu.md,provinces/koshi/visitor-ready/solukhumbu.md
np-koshi-solukhumbu-gokyo-lakes,Koshi,Solukhumbu,Gokyo Lakes,Ramsar alpine lake system,Gokyo Valley,Major,,WATER,ROUTING_HOLD,NONE,,provinces/koshi/districts/solukhumbu.md,provinces/koshi/visitor-ready/solukhumbu.md
np-koshi-solukhumbu-gokyo-ri,Koshi,Solukhumbu,Gokyo Ri,Himalayan viewpoint,Gokyo Valley,Major,,POINT,ROUTING_HOLD,NONE,,provinces/koshi/districts/solukhumbu.md,provinces/koshi/visitor-ready/solukhumbu.md
np-koshi-solukhumbu-gorakshep,Koshi,Solukhumbu,Gorakshep,High-altitude settlement,Khumbu,Major,,POINT,ROUTING_HOLD,NONE,,provinces/koshi/districts/solukhumbu.md,provinces/koshi/visitor-ready/solukhumbu.md
np-koshi-solukhumbu-hinku-valley,Koshi,Solukhumbu,Hinku Valley,Himalayan valley,Mahakulung Rural Municipality,Major,,CORRIDOR,ROUTING_HOLD,NONE,,provinces/koshi/districts/solukhumbu.md,provinces/koshi/visitor-ready/solukhumbu.md
np-koshi-solukhumbu-imja-tsho,Koshi,Solukhumbu,Imja Tsho,Glacial lake,Imja Valley,Major,,WATER,ROUTING_HOLD,NONE,,provinces/koshi/districts/solukhumbu.md,provinces/koshi/visitor-ready/solukhumbu.md
np-koshi-solukhumbu-island-peak-imja-tse,Koshi,Solukhumbu,Island Peak / Imja Tse,Climbing peak,Imja Valley,Major,,POINT,ROUTING_HOLD,NONE,,provinces/koshi/districts/solukhumbu.md,provinces/koshi/visitor-ready/solukhumbu.md
np-koshi-solukhumbu-junbesi-village,Koshi,Solukhumbu,Junbesi Village,Sherpa cultural village,Solududhkunda Municipality,Major,,AREA,ROUTING_HOLD,NONE,,provinces/koshi/districts/solukhumbu.md,provinces/koshi/visitor-ready/solukhumbu.md
np-koshi-solukhumbu-kala-patthar,Koshi,Solukhumbu,Kala Patthar,Mountain viewpoint,Gorakshep area,Major,,POINT,ROUTING_HOLD,NONE,,provinces/koshi/districts/solukhumbu.md,provinces/koshi/visitor-ready/solukhumbu.md
np-koshi-solukhumbu-khiraule-monastery,Koshi,Solukhumbu,Khiraule Monastery,Historic Buddhist monastery,Mahakulung Rural Municipality,Major,,POINT,ROUTING_HOLD,NONE,,provinces/koshi/districts/solukhumbu.md,provinces/koshi/visitor-ready/solukhumbu.md
np-koshi-solukhumbu-khumbu-glacier,Koshi,Solukhumbu,Khumbu Glacier,Glacier,Everest Base Camp route,Major,,POINT,ROUTING_HOLD,NONE,,provinces/koshi/districts/solukhumbu.md,provinces/koshi/visitor-ready/solukhumbu.md
np-koshi-solukhumbu-khumbu-icefall,Koshi,Solukhumbu,Khumbu Icefall,Glacier feature,Everest expedition route,Major,,POINT,ROUTING_HOLD,NONE,,provinces/koshi/districts/solukhumbu.md,provinces/koshi/visitor-ready/solukhumbu.md
np-koshi-solukhumbu-khumjung-village,Koshi,Solukhumbu,Khumjung Village,Sherpa village and heritage,Khumbu,Major,,AREA,ROUTING_HOLD,NONE,,provinces/koshi/districts/solukhumbu.md,provinces/koshi/visitor-ready/solukhumbu.md
np-koshi-solukhumbu-kongma-la-pass,Koshi,Solukhumbu,Kongma La Pass,High mountain pass,Three Passes Trek,Major,,POINT,ROUTING_HOLD,NONE,,provinces/koshi/districts/solukhumbu.md,provinces/koshi/visitor-ready/solukhumbu.md
np-koshi-solukhumbu-mera-peak,Koshi,Solukhumbu,Mera Peak,Trekking peak,Mahakulung Rural Municipality,Major,,ROUTE,ROUTING_HOLD,NONE,,provinces/koshi/districts/solukhumbu.md,provinces/koshi/visitor-ready/solukhumbu.md
np-koshi-solukhumbu-mount-everest-sagarmatha,Koshi,Solukhumbu,Mount Everest / Sagarmatha,Mountain and expedition destination,Khumbu Pasang Lhamu Rural Municipality,Major,,POINT,ROUTING_HOLD,NONE,,provinces/koshi/districts/solukhumbu.md,provinces/koshi/visitor-ready/solukhumbu.md
np-koshi-solukhumbu-namche-bazaar,Koshi,Solukhumbu,Namche Bazaar,Sherpa town and trekking hub,Khumbu,Major,,ROUTE,ROUTING_HOLD,NONE,,provinces/koshi/districts/solukhumbu.md,provinces/koshi/visitor-ready/solukhumbu.md
np-koshi-solukhumbu-ngozumpa-glacier,Koshi,Solukhumbu,Ngozumpa Glacier,Glacier,Gokyo Valley,Major,,POINT,ROUTING_HOLD,NONE,,provinces/koshi/districts/solukhumbu.md,provinces/koshi/visitor-ready/solukhumbu.md
np-koshi-solukhumbu-panch-pokhari-mahakulung,Koshi,Solukhumbu,"Panch Pokhari, Mahakulung",Sacred glacial lake cluster,Mahakulung Rural Municipality,Major,,WATER,ROUTING_HOLD,NONE,,provinces/koshi/districts/solukhumbu.md,provinces/koshi/visitor-ready/solukhumbu.md
np-koshi-solukhumbu-pikey-peak,Koshi,Solukhumbu,Pikey Peak,Himalayan viewpoint and trek,Likhu Pike area,Major,,ROUTE,ROUTING_HOLD,NONE,,provinces/koshi/districts/solukhumbu.md,provinces/koshi/visitor-ready/solukhumbu.md
np-koshi-solukhumbu-renjo-la-pass,Koshi,Solukhumbu,Renjo La Pass,High mountain pass,Three Passes Trek,Major,,POINT,ROUTING_HOLD,NONE,,provinces/koshi/districts/solukhumbu.md,provinces/koshi/visitor-ready/solukhumbu.md
np-koshi-solukhumbu-sagarmatha-national-park,Koshi,Solukhumbu,Sagarmatha National Park,UNESCO national park,Khumbu Pasang Lhamu Rural Municipality,Major,,PROTECTED_AREA,ROUTING_HOLD,PROTECTED_AREA_ENTRY,sagarmatha-national-park,provinces/koshi/districts/solukhumbu.md,provinces/koshi/visitor-ready/solukhumbu.md
np-koshi-solukhumbu-taksindu-monastery,Koshi,Solukhumbu,Taksindu Monastery,Historic Buddhist monastery,Solududhkunda Municipality,Major,,POINT,ROUTING_HOLD,NONE,,provinces/koshi/districts/solukhumbu.md,provinces/koshi/visitor-ready/solukhumbu.md
np-koshi-solukhumbu-tengboche-monastery,Koshi,Solukhumbu,Tengboche Monastery,Buddhist monastery,Tengboche,Major,,POINT,ROUTING_HOLD,NONE,,provinces/koshi/districts/solukhumbu.md,provinces/koshi/visitor-ready/solukhumbu.md
np-koshi-solukhumbu-thupten-chholing-monastery,Koshi,Solukhumbu,Thupten Chholing Monastery,Buddhist monastery,Junbesi area,Major,,POINT,ROUTING_HOLD,NONE,,provinces/koshi/districts/solukhumbu.md,provinces/koshi/visitor-ready/solukhumbu.md
np-koshi-solukhumbu-lukla,Koshi,Solukhumbu,Lukla,Air gateway,Khumbu Pasang Lhamu Rural Municipality,Major gateway,,POINT,ROUTING_HOLD,NONE,,provinces/koshi/districts/solukhumbu.md,provinces/koshi/visitor-ready/solukhumbu.md
np-koshi-solukhumbu-pangboche-monastery-and-village,Koshi,Solukhumbu,Pangboche Monastery and Village,Monastery and Sherpa settlement,Pangboche,High,,AREA,ROUTING_HOLD,NONE,,provinces/koshi/districts/solukhumbu.md,provinces/koshi/visitor-ready/solukhumbu.md
np-koshi-solukhumbu-phaplu,Koshi,Solukhumbu,Phaplu,Air gateway,Solududhkunda Municipality,Major gateway,,POINT,ROUTING_HOLD,NONE,,provinces/koshi/districts/solukhumbu.md,provinces/koshi/visitor-ready/solukhumbu.md
np-koshi-solukhumbu-thame-village-and-monastery,Koshi,Solukhumbu,Thame Village and Monastery,Sherpa village and monastery,Thame Valley,High,,AREA,ROUTING_HOLD,NONE,,provinces/koshi/districts/solukhumbu.md,provinces/koshi/visitor-ready/solukhumbu.md
np-koshi-sunsari-amha-simsar-amaha-wetland,Koshi,Sunsari,Amha Simsar / Amaha Wetland,Wetland and birdwatching,Barju Rural Municipality,Major,,WATER,ROUTING_HOLD,NONE,,provinces/koshi/districts/sunsari.md,provinces/koshi/visitor-ready/sunsari.md
np-koshi-sunsari-barahakshetra-temple,Koshi,Sunsari,Barahakshetra Temple,Hindu pilgrimage site,Barahakshetra Municipality,Major,,POINT,ROUTING_HOLD,NONE,,provinces/koshi/districts/sunsari.md,provinces/koshi/visitor-ready/sunsari.md
np-koshi-sunsari-budha-subba-temple,Koshi,Sunsari,Budha Subba Temple,Kirat and Hindu site,"Vijayapur, Dharan",Major,,POINT,ROUTING_HOLD,NONE,,provinces/koshi/districts/sunsari.md,provinces/koshi/visitor-ready/sunsari.md
np-koshi-sunsari-chatara,Koshi,Sunsari,Chatara,Religious gateway and river town,Barahakshetra Municipality,Major,,CORRIDOR,ROUTING_HOLD,NONE,,provinces/koshi/districts/sunsari.md,provinces/koshi/visitor-ready/sunsari.md
np-koshi-sunsari-chataradham,Koshi,Sunsari,Chataradham,Religious pilgrimage destination,Chatara,Major,,POINT,ROUTING_HOLD,NONE,,provinces/koshi/districts/sunsari.md,provinces/koshi/visitor-ready/sunsari.md
np-koshi-sunsari-dantakali-temple,Koshi,Sunsari,Dantakali Temple,Shakti Peeth,"Vijayapur, Dharan",Major,,POINT,ROUTING_HOLD,NONE,,provinces/koshi/districts/sunsari.md,provinces/koshi/visitor-ready/sunsari.md
np-koshi-sunsari-koshi-barrage-viewpoint,Koshi,Sunsari,Koshi Barrage Viewpoint,River viewpoint and birdwatching,Koshi River,Major,,CORRIDOR,ROUTING_HOLD,NONE,,provinces/koshi/districts/sunsari.md,provinces/koshi/visitor-ready/sunsari.md
np-koshi-sunsari-koshi-tappu-ramsar-site,Koshi,Sunsari,Koshi Tappu Ramsar Site,Wetland of international importance,Koshi floodplain,Major,,WATER,ROUTING_HOLD,NONE,,provinces/koshi/districts/sunsari.md,provinces/koshi/visitor-ready/sunsari.md
np-koshi-sunsari-koshi-tappu-wildlife-reserve,Koshi,Sunsari,Koshi Tappu Wildlife Reserve,Wildlife reserve and wetland,Sunsari–Saptari–Udayapur,Major,,PROTECTED_AREA,ROUTING_HOLD,PROTECTED_AREA_ENTRY,koshi-tappu-wildlife-reserve,provinces/koshi/districts/sunsari.md,provinces/koshi/visitor-ready/sunsari.md
np-koshi-sunsari-pindeshwar-temple,Koshi,Sunsari,Pindeshwar Temple,Hindu pilgrimage site,"Vijayapur, Dharan",Major,,POINT,ROUTING_HOLD,NONE,,provinces/koshi/districts/sunsari.md,provinces/koshi/visitor-ready/sunsari.md
np-koshi-sunsari-ramdhuni-temple,Koshi,Sunsari,Ramdhuni Temple,Hindu pilgrimage and sacred fire site,Ramdhuni Municipality,Major,,POINT,ROUTING_HOLD,NONE,,provinces/koshi/districts/sunsari.md,provinces/koshi/visitor-ready/sunsari.md
np-koshi-sunsari-tal-talaiya,Koshi,Sunsari,Tal Talaiya,"Wetland, park and boating",Itahari,Major,,WATER,ROUTING_HOLD,OPERATOR_DEPENDENT,,provinces/koshi/districts/sunsari.md,provinces/koshi/visitor-ready/sunsari.md
np-koshi-sunsari-vijayapur-hill,Koshi,Sunsari,Vijayapur Hill,Historical and religious landscape,Dharan,Major,,AREA,ROUTING_HOLD,NONE,,provinces/koshi/districts/sunsari.md,provinces/koshi/visitor-ready/sunsari.md
np-koshi-sunsari-chinde-danda,Koshi,Sunsari,Chinde Danda,Viewpoint and hike,Dharan area,High,,POINT,ROUTING_HOLD,NONE,,provinces/koshi/districts/sunsari.md,provinces/koshi/visitor-ready/sunsari.md
np-koshi-sunsari-mechikali-pokhari,Koshi,Sunsari,Mechikali Pokhari,Pond and recreation,Itahari,High,,WATER,ROUTING_HOLD,NONE,,provinces/koshi/districts/sunsari.md,provinces/koshi/visitor-ready/sunsari.md
np-koshi-sunsari-panchakanya-forest,Koshi,Sunsari,Panchakanya Forest,Forest recreation,Dharan,High,,AREA,ROUTING_HOLD,NONE,,provinces/koshi/districts/sunsari.md,provinces/koshi/visitor-ready/sunsari.md
np-koshi-sunsari-srilanka-tappu,Koshi,Sunsari,Srilanka Tappu,River island and wetland,Koshi floodplain,High,,WATER,ROUTING_HOLD,NONE,,provinces/koshi/districts/sunsari.md,provinces/koshi/visitor-ready/sunsari.md
np-koshi-sunsari-vijayapur-gadhi,Koshi,Sunsari,Vijayapur Gadhi,Historical fort,Dharan,High,,POINT,ROUTING_HOLD,NONE,,provinces/koshi/districts/sunsari.md,provinces/koshi/visitor-ready/sunsari.md
np-koshi-taplejung-diki-chhyoling-monastery,Koshi,Taplejung,Diki Chhyoling Monastery,Historic Buddhist monastery,Olangchung Gola,Major,,POINT,ROUTING_HOLD,NONE,,provinces/koshi/districts/taplejung.md,provinces/koshi/visitor-ready/taplejung.md
np-koshi-taplejung-fungfunge-phungphunge-waterfall,Koshi,Taplejung,Fungfunge / Phungphunge Waterfall,Waterfall,Meringden Rural Municipality,Major,,POINT,ROUTING_HOLD,NONE,,provinces/koshi/districts/taplejung.md,provinces/koshi/visitor-ready/taplejung.md
np-koshi-taplejung-ghunsa-village,Koshi,Taplejung,Ghunsa Village,Sherpa village and trekking hub,Phaktanglung Rural Municipality,Major,,ROUTE,ROUTING_HOLD,NONE,,provinces/koshi/districts/taplejung.md,provinces/koshi/visitor-ready/taplejung.md
np-koshi-taplejung-kanchenjunga-conservation-area,Koshi,Taplejung,Kanchenjunga Conservation Area,Conservation area and trekking,Northern Taplejung,Major,,PROTECTED_AREA,ROUTING_HOLD,PROTECTED_AREA_ENTRY,kanchenjunga-conservation-area,provinces/koshi/districts/taplejung.md,provinces/koshi/visitor-ready/taplejung.md
np-koshi-taplejung-kanchenjunga-north-base-camp-pang-pema,Koshi,Taplejung,Kanchenjunga North Base Camp / Pang Pema,High-altitude trekking destination,Phaktanglung Rural Municipality,Major,,ROUTE,ROUTING_HOLD,NONE,,provinces/koshi/districts/taplejung.md,provinces/koshi/visitor-ready/taplejung.md
np-koshi-taplejung-kanchenjunga-south-base-camp-oktang,Koshi,Taplejung,Kanchenjunga South Base Camp / Oktang,High-altitude trekking destination,Sirijangha Rural Municipality,Major,,ROUTE,ROUTING_HOLD,NONE,,provinces/koshi/districts/taplejung.md,provinces/koshi/visitor-ready/taplejung.md
np-koshi-taplejung-lhonak-valley,Koshi,Taplejung,Lhonak Valley,Alpine valley,Phaktanglung Rural Municipality,Major,,CORRIDOR,ROUTING_HOLD,NONE,,provinces/koshi/districts/taplejung.md,provinces/koshi/visitor-ready/taplejung.md
np-koshi-taplejung-mount-kanchenjunga,Koshi,Taplejung,Mount Kanchenjunga,Mountain and expedition destination,Northern Taplejung,Major,,POINT,ROUTING_HOLD,NONE,,provinces/koshi/districts/taplejung.md,provinces/koshi/visitor-ready/taplejung.md
np-koshi-taplejung-olangchung-gola,Koshi,Taplejung,Olangchung Gola,Historic trans-Himalayan village,Phaktanglung Rural Municipality Ward 7,Major,,AREA,ROUTING_HOLD,NONE,,provinces/koshi/districts/taplejung.md,provinces/koshi/visitor-ready/taplejung.md
np-koshi-taplejung-pathibhara-devi-temple,Koshi,Taplejung,Pathibhara Devi Temple,Pilgrimage site and viewpoint,Taplejung,Major,,POINT,ROUTING_HOLD,NONE,,provinces/koshi/districts/taplejung.md,provinces/koshi/visitor-ready/taplejung.md
np-koshi-taplejung-sele-la,Koshi,Taplejung,Sele La,High mountain pass,Kanchenjunga circuit,Major,,POINT,ROUTING_HOLD,NONE,,provinces/koshi/districts/taplejung.md,provinces/koshi/visitor-ready/taplejung.md
np-koshi-taplejung-timbung-pokhari,Koshi,Taplejung,Timbung Pokhari,Sacred alpine lake,Sidingwa–Panchthar border area,Major,,WATER,ROUTING_HOLD,NONE,,provinces/koshi/districts/taplejung.md,provinces/koshi/visitor-ready/taplejung.md
np-koshi-taplejung-tiptala-tipta-la-border-pass,Koshi,Taplejung,Tiptala / Tipta La Border Pass,Nepal–China border pass,North of Olangchung Gola,Major,,POINT,ROUTING_HOLD,BORDER_CONTROL,,provinces/koshi/districts/taplejung.md,provinces/koshi/visitor-ready/taplejung.md
np-koshi-taplejung-yalung-glacier,Koshi,Taplejung,Yalung Glacier,Glacier,Sirijangha Rural Municipality,Major,,POINT,ROUTING_HOLD,NONE,,provinces/koshi/districts/taplejung.md,provinces/koshi/visitor-ready/taplejung.md
np-koshi-taplejung-yalung-valley,Koshi,Taplejung,Yalung Valley,Glacier valley,Sirijangha Rural Municipality,Major,,CORRIDOR,ROUTING_HOLD,NONE,,provinces/koshi/districts/taplejung.md,provinces/koshi/visitor-ready/taplejung.md
np-koshi-taplejung-gumbadanda,Koshi,Taplejung,Gumbadanda,Buddhist cultural village and homestay,Phungling Municipality,High,,AREA,ROUTING_HOLD,NONE,,provinces/koshi/districts/taplejung.md,provinces/koshi/visitor-ready/taplejung.md
np-koshi-taplejung-lelep-village,Koshi,Taplejung,Lelep Village,Conservation gateway,Phaktanglung Rural Municipality,High,,AREA,ROUTING_HOLD,NONE,,provinces/koshi/districts/taplejung.md,provinces/koshi/visitor-ready/taplejung.md
np-koshi-taplejung-limbu-museum-mamangkhe,Koshi,Taplejung,"Limbu Museum, Mamangkhe",Cultural museum,Sirijangha Rural Municipality,High,,POINT,ROUTING_HOLD,NONE,,provinces/koshi/districts/taplejung.md,provinces/koshi/visitor-ready/taplejung.md
np-koshi-taplejung-sirijangha-cave,Koshi,Taplejung,Sirijangha Cave,Historical and religious cave,Sirijangha Rural Municipality,High,,POINT,ROUTING_HOLD,NONE,,provinces/koshi/districts/taplejung.md,provinces/koshi/visitor-ready/taplejung.md
np-koshi-taplejung-suketar,Koshi,Taplejung,Suketar,Air gateway,Phungling Municipality,Major gateway,,POINT,ROUTING_HOLD,NONE,,provinces/koshi/districts/taplejung.md,provinces/koshi/visitor-ready/taplejung.md
np-koshi-taplejung-tato-pani,Koshi,Taplejung,Tato Pani,Natural hot spring,Sirijangha Rural Municipality,High,,POINT,ROUTING_HOLD,NONE,,provinces/koshi/districts/taplejung.md,provinces/koshi/visitor-ready/taplejung.md
np-koshi-tehrathum-basantapur,Koshi,Tehrathum,Basantapur,Hill station and rhododendron gateway,Laligurans Municipality,Major,,AREA,ROUTING_HOLD,NONE,,provinces/koshi/districts/tehrathum.md,provinces/koshi/visitor-ready/tehrathum.md
np-koshi-tehrathum-changlung-cave,Koshi,Tehrathum,Changlung Cave,Cave and geological attraction,Chhathar Rural Municipality Ward 6,Major,,POINT,ROUTING_HOLD,NONE,,provinces/koshi/districts/tehrathum.md,provinces/koshi/visitor-ready/tehrathum.md
np-koshi-tehrathum-chotlung-park,Koshi,Tehrathum,Chotlung Park,Limbu cultural park,"Basantapur, Laligurans Municipality Ward 3",Major,,POINT,ROUTING_HOLD,NONE,,provinces/koshi/districts/tehrathum.md,provinces/koshi/visitor-ready/tehrathum.md
np-koshi-tehrathum-hyatrung-waterfall,Koshi,Tehrathum,Hyatrung Waterfall,Waterfall,Phedap Rural Municipality Wards 4–5,Major,,POINT,ROUTING_HOLD,NONE,,provinces/koshi/districts/tehrathum.md,provinces/koshi/visitor-ready/tehrathum.md
np-koshi-tehrathum-menchhayayem-danda,Koshi,Tehrathum,Menchhayayem Danda,Himalayan viewpoint,Menchhayayem Rural Municipality,Major,,POINT,ROUTING_HOLD,NONE,,provinces/koshi/districts/tehrathum.md,provinces/koshi/visitor-ready/tehrathum.md
np-koshi-tehrathum-tinjure-danda,Koshi,Tehrathum,Tinjure Danda,Rhododendron forest and viewpoint,Laligurans Municipality,Major,,AREA,ROUTING_HOLD,NONE,,provinces/koshi/districts/tehrathum.md,provinces/koshi/visitor-ready/tehrathum.md
np-koshi-tehrathum-tinjure-milke-jaljale-corridor,Koshi,Tehrathum,Tinjure–Milke–Jaljale Corridor,Rhododendron biodiversity and trekking,Laligurans and adjoining districts,Major,,CORRIDOR,ROUTING_HOLD,NONE,,provinces/koshi/districts/tehrathum.md,provinces/koshi/visitor-ready/tehrathum.md
np-koshi-tehrathum-marga-pokhari,Koshi,Tehrathum,Marga Pokhari,Sacred natural pond,Chhathar Rural Municipality,High,,WATER,ROUTING_HOLD,NONE,,provinces/koshi/districts/tehrathum.md,provinces/koshi/visitor-ready/tehrathum.md
np-koshi-tehrathum-morahang-bazaar,Koshi,Tehrathum,Morahang Bazaar,Historic hill settlement,Menchhayayem Rural Municipality,High,,AREA,ROUTING_HOLD,NONE,,provinces/koshi/districts/tehrathum.md,provinces/koshi/visitor-ready/tehrathum.md
np-koshi-tehrathum-myanglung-bazaar,Koshi,Tehrathum,Myanglung Bazaar,Historical hill town,Myanglung Municipality,High,,AREA,ROUTING_HOLD,NONE,,provinces/koshi/districts/tehrathum.md,provinces/koshi/visitor-ready/tehrathum.md
np-koshi-tehrathum-myanglung-cat-stone-chichi-lung,Koshi,Tehrathum,Myanglung Cat Stone / Chichi Lung,Cultural landmark,Myanglung Municipality,High,,POINT,ROUTING_HOLD,NONE,,provinces/koshi/districts/tehrathum.md,provinces/koshi/visitor-ready/tehrathum.md
np-koshi-tehrathum-panchakanya-chhathar-pokhari,Koshi,Tehrathum,Panchakanya Chhathar Pokhari,Pond and religious landscape,Chhathar Rural Municipality,High,,WATER,ROUTING_HOLD,NONE,,provinces/koshi/districts/tehrathum.md,provinces/koshi/visitor-ready/tehrathum.md
np-koshi-tehrathum-sankranti-bazaar,Koshi,Tehrathum,Sankranti Bazaar,Historic market and Aathrai gateway,Aathrai Rural Municipality,High,,AREA,ROUTING_HOLD,NONE,,provinces/koshi/districts/tehrathum.md,provinces/koshi/visitor-ready/tehrathum.md
np-koshi-udayapur-chaudandigadhi-fort,Koshi,Udayapur,Chaudandigadhi Fort,Historical fort and viewpoint,Chaudandigadhi Municipality,Major,,POINT,ROUTING_HOLD,NONE,,provinces/koshi/districts/udayapur.md,provinces/koshi/visitor-ready/udayapur.md
np-koshi-udayapur-koshi-tappu-wildlife-reserve-udayapur-section,Koshi,Udayapur,Koshi Tappu Wildlife Reserve – Udayapur section,Wildlife and wetland,Belaka Municipality side,Major,,PROTECTED_AREA,ROUTING_HOLD,PROTECTED_AREA_ENTRY,,provinces/koshi/districts/udayapur.md,provinces/koshi/visitor-ready/udayapur.md
np-koshi-udayapur-limchungbung-everest-viewpoint-debate-danda,Koshi,Udayapur,Limchungbung Everest Viewpoint / Debate Danda,Himalayan viewpoint,Limchungbung Rural Municipality,Major,,POINT,ROUTING_HOLD,NONE,,provinces/koshi/districts/udayapur.md,provinces/koshi/visitor-ready/udayapur.md
np-koshi-udayapur-rauta-pokhari-and-rauta-mahadev,Koshi,Udayapur,Rauta Pokhari and Rauta Mahadev,Sacred pond and pilgrimage cluster,Rautamai Rural Municipality,Major,,WATER,ROUTING_HOLD,NONE,,provinces/koshi/districts/udayapur.md,provinces/koshi/visitor-ready/udayapur.md
np-koshi-udayapur-tapli-pokhari,Koshi,Udayapur,Tapli Pokhari,Sacred pond and viewpoint,Tapli Rural Municipality,Major,,WATER,ROUTING_HOLD,NONE,,provinces/koshi/districts/udayapur.md,provinces/koshi/visitor-ready/udayapur.md
np-koshi-udayapur-triveni-dham,Koshi,Udayapur,Triveni Dham,River confluence and pilgrimage,Katari Municipality,Major,,CORRIDOR,ROUTING_HOLD,NONE,,provinces/koshi/districts/udayapur.md,provinces/koshi/visitor-ready/udayapur.md
np-koshi-udayapur-udayapurgadhi,Koshi,Udayapur,Udayapurgadhi,Historical fort and viewpoint,Udayapurgadhi Rural Municipality Ward 5,Major,,POINT,ROUTING_HOLD,NONE,,provinces/koshi/districts/udayapur.md,provinces/koshi/visitor-ready/udayapur.md
np-koshi-udayapur-basaha-than-shivalaya,Koshi,Udayapur,Basaha Than Shivalaya,Hindu temple,Chaudandigadhi Municipality Ward 4,High,,POINT,ROUTING_HOLD,NONE,,provinces/koshi/districts/udayapur.md,provinces/koshi/visitor-ready/udayapur.md
np-koshi-udayapur-dwardani-devi-sthan,Koshi,Udayapur,Dwardani Devi Sthan,Religious site,Chaudandigadhi Municipality Ward 7,High,,POINT,ROUTING_HOLD,NONE,,provinces/koshi/districts/udayapur.md,provinces/koshi/visitor-ready/udayapur.md
np-koshi-udayapur-kanya-aulshree-gumba,Koshi,Udayapur,Kanya Aulshree Gumba,Buddhist monastery,Chaudandigadhi Municipality Ward 7,High,,POINT,ROUTING_HOLD,NONE,,provinces/koshi/districts/udayapur.md,provinces/koshi/visitor-ready/udayapur.md
np-koshi-udayapur-lingeshwar-shivalaya,Koshi,Udayapur,Lingeshwar Shivalaya,Hindu temple,Chaudandigadhi Municipality Ward 6,High,,POINT,ROUTING_HOLD,NONE,,provinces/koshi/districts/udayapur.md,provinces/koshi/visitor-ready/udayapur.md
np-koshi-udayapur-mini-apraha-waterfall,Koshi,Udayapur,Mini Apraha Waterfall,Waterfall,Chaudandigadhi Municipality Ward 8,High,,POINT,ROUTING_HOLD,NONE,,provinces/koshi/districts/udayapur.md,provinces/koshi/visitor-ready/udayapur.md
np-koshi-udayapur-sapta-koshi-river-corridor,Koshi,Udayapur,Sapta Koshi River Corridor,River and nature destination,Belaka Municipality,High,,CORRIDOR,ROUTING_HOLD,NONE,,provinces/koshi/districts/udayapur.md,provinces/koshi/visitor-ready/udayapur.md
np-koshi-udayapur-than-pokhari-than,Koshi,Udayapur,Than Pokhari Than,Sacred pond and religious site,Chaudandigadhi Municipality Ward 9,High,,WATER,ROUTING_HOLD,NONE,,provinces/koshi/districts/udayapur.md,provinces/koshi/visitor-ready/udayapur.md
np-madhesh-bara-gadhimai-temple,Madhesh,Bara,Gadhimai Temple,Religious sites and temples,"Bariyarpur, Mahagadhimai Municipality",Major,Established,POINT,ROUTING_HOLD,NONE,,provinces/madhesh/districts/bara.md,provinces/madhesh/visitor-ready/bara.md
np-madhesh-bara-bariyarpur-pilgrimage-and-fair-area,Madhesh,Bara,Bariyarpur pilgrimage and fair area,Historical and cultural places,Mahagadhimai Municipality,Major,Established,AREA,ROUTING_HOLD,NONE,,provinces/madhesh/districts/bara.md,provinces/madhesh/visitor-ready/bara.md
np-madhesh-bara-simraungadh-medieval-capital-site,Madhesh,Bara,Simraungadh medieval capital site,Historical and cultural places,Simraungadh Municipality,Major,Established,POINT,ROUTING_HOLD,NONE,,provinces/madhesh/districts/bara.md,provinces/madhesh/visitor-ready/bara.md
np-madhesh-bara-simraungadh-earthen-fortifications-and-moat-system,Madhesh,Bara,Simraungadh earthen fortifications and moat system,"Museums, palaces, forts, and monuments",Simraungadh Municipality,Major,Established,POINT,ROUTING_HOLD,NONE,,provinces/madhesh/districts/bara.md,provinces/madhesh/visitor-ready/bara.md
np-madhesh-bara-simraungadh-palace-ranivas-area,Madhesh,Bara,Simraungadh palace / Ranivas area,"Museums, palaces, forts, and monuments",Simraungadh Municipality,Major,First-round researched,AREA,ROUTING_HOLD,NONE,,provinces/madhesh/districts/bara.md,provinces/madhesh/visitor-ready/bara.md
np-madhesh-bara-kankali-temple-simraungadh,Madhesh,Bara,"Kankali Temple, Simraungadh",Religious sites and temples,Simraungadh Municipality,Major,Established,POINT,ROUTING_HOLD,NONE,,provinces/madhesh/districts/bara.md,provinces/madhesh/visitor-ready/bara.md
np-madhesh-bara-simraungadh-archaeological-sculpture-find-landscape,Madhesh,Bara,Simraungadh archaeological sculpture-find landscape,Historical and cultural places,Simraungadh Municipality,High,Established,AREA,ROUTING_HOLD,NONE,,provinces/madhesh/districts/bara.md,provinces/madhesh/visitor-ready/bara.md
np-madhesh-bara-simraungadh-heritage-town-and-mithila-cultural-landscape,Madhesh,Bara,Simraungadh heritage town and Mithila cultural landscape,Community tourism and notable villages,Simraungadh Municipality,High,First-round researched,AREA,ROUTING_HOLD,NONE,,provinces/madhesh/districts/bara.md,provinces/madhesh/visitor-ready/bara.md
np-madhesh-bara-parsa-national-park-bara-sector,Madhesh,Bara,Parsa National Park – Bara sector,"National parks, conservation areas, and wildlife sites",Northern Bara,Major,Established,PROTECTED_AREA,ROUTING_HOLD,PROTECTED_AREA_ENTRY,,provinces/madhesh/districts/bara.md,provinces/madhesh/visitor-ready/bara.md
np-madhesh-bara-amlekhganj-pathlaiya-forest-gateway,Madhesh,Bara,Amlekhganj–Pathlaiya forest gateway,Major tourist attractions,Jitpur Simara Sub-Metropolitan City / northern Bara,High,Established,AREA,ROUTING_HOLD,PROTECTED_AREA_ENTRY,,provinces/madhesh/districts/bara.md,provinces/madhesh/visitor-ready/bara.md
np-madhesh-bara-halkhoria-daha,Madhesh,Bara,Halkhoria Daha,Lakes and wetlands,Northern Bara / Parsa National Park landscape,High,Needs local verification,WATER,ROUTING_HOLD,DYNAMIC,,provinces/madhesh/districts/bara.md,provinces/madhesh/visitor-ready/bara.md
np-madhesh-bara-nijgadh-forest-landscape,Madhesh,Bara,Nijgadh forest landscape,Natural attractions,Nijgadh Municipality,High,Established,AREA,ROUTING_HOLD,NONE,,provinces/madhesh/districts/bara.md,provinces/madhesh/visitor-ready/bara.md
np-madhesh-bara-nijgadh-chure-foothills,Madhesh,Bara,Nijgadh Chure foothills,Viewpoints and hill stations,Northern Nijgadh Municipality,High,First-round researched,AREA,ROUTING_HOLD,NONE,,provinces/madhesh/districts/bara.md,provinces/madhesh/visitor-ready/bara.md
np-madhesh-bara-tangiya-basti-forest-edge-landscape,Madhesh,Bara,Tangiya Basti forest-edge landscape,Community tourism and notable villages,Nijgadh area,Medium,Needs local verification,AREA,ROUTING_HOLD,NONE,,provinces/madhesh/districts/bara.md,provinces/madhesh/visitor-ready/bara.md
np-madhesh-bara-pasaha-river-corridor,Madhesh,Bara,Pasaha River corridor,Rivers and waterfalls,Central and northern Bara,High,Established,CORRIDOR,ROUTING_HOLD,DYNAMIC,,provinces/madhesh/districts/bara.md,provinces/madhesh/visitor-ready/bara.md
np-madhesh-bara-dudhaura-dudhora-river-corridor,Madhesh,Bara,Dudhaura / Dudhora River corridor,Rivers and waterfalls,Nijgadh–Jitpur Simara area,High,Established,CORRIDOR,ROUTING_HOLD,NONE,,provinces/madhesh/districts/bara.md,provinces/madhesh/visitor-ready/bara.md
np-madhesh-bara-lal-bakaiya-river-corridor-bara-sector,Madhesh,Bara,Lal Bakaiya River corridor – Bara sector,Rivers and waterfalls,Eastern Bara,Medium,Established,CORRIDOR,ROUTING_HOLD,NONE,,provinces/madhesh/districts/bara.md,provinces/madhesh/visitor-ready/bara.md
np-madhesh-bara-bakaiya-chure-forest-transition,Madhesh,Bara,Bakaiya–Chure forest transition,Natural attractions,Northeastern Bara,Medium,First-round researched,AREA,ROUTING_HOLD,NONE,,provinces/madhesh/districts/bara.md,provinces/madhesh/visitor-ready/bara.md
np-madhesh-bara-kalaiya-historic-town-core,Madhesh,Bara,Kalaiya historic town core,Historical and cultural places,Kalaiya Sub-Metropolitan City,High,First-round researched,AREA,ROUTING_HOLD,NONE,,provinces/madhesh/districts/bara.md,provinces/madhesh/visitor-ready/bara.md
np-madhesh-bara-jeetpur-simara-transport-and-industrial-heritage-corridor,Madhesh,Bara,Jeetpur–Simara transport and industrial heritage corridor,Historical and cultural places,Jitpur Simara Sub-Metropolitan City,Medium,First-round researched,CORRIDOR,ROUTING_HOLD,NONE,,provinces/madhesh/districts/bara.md,provinces/madhesh/visitor-ready/bara.md
np-madhesh-dhanusha-janaki-mandir,Madhesh,Dhanusha,Janaki Mandir,Religious sites and temples,Janakpurdham Sub-Metropolitan City,Major,Established,POINT,ROUTING_HOLD,NONE,,provinces/madhesh/districts/dhanusha.md,provinces/madhesh/visitor-ready/dhanusha.md
np-madhesh-dhanusha-ram-janaki-vivah-mandap,Madhesh,Dhanusha,Ram Janaki Vivah Mandap,"Museums, palaces, forts, and monuments","Janaki Mandir complex, Janakpurdham",Major,Established,POINT,ROUTING_HOLD,NONE,,provinces/madhesh/districts/dhanusha.md,provinces/madhesh/visitor-ready/dhanusha.md
np-madhesh-dhanusha-ram-mandir,Madhesh,Dhanusha,Ram Mandir,Religious sites and temples,Janakpurdham,Major,Established,POINT,ROUTING_HOLD,NONE,,provinces/madhesh/districts/dhanusha.md,provinces/madhesh/visitor-ready/dhanusha.md
np-madhesh-dhanusha-rajdevi-mandir,Madhesh,Dhanusha,Rajdevi Mandir,Religious sites and temples,"Ram Mandir complex, Janakpurdham",Major,Established,POINT,ROUTING_HOLD,NONE,,provinces/madhesh/districts/dhanusha.md,provinces/madhesh/visitor-ready/dhanusha.md
np-madhesh-dhanusha-rajarshi-janak-mandir,Madhesh,Dhanusha,Rajarshi Janak Mandir,Religious sites and temples,"Janak Chowk, Janakpurdham",High,Established,POINT,ROUTING_HOLD,NONE,,provinces/madhesh/districts/dhanusha.md,provinces/madhesh/visitor-ready/dhanusha.md
np-madhesh-dhanusha-sankat-mochan-temple,Madhesh,Dhanusha,Sankat Mochan Temple,Religious sites and temples,Janakpurdham,High,Established,POINT,ROUTING_HOLD,NONE,,provinces/madhesh/districts/dhanusha.md,provinces/madhesh/visitor-ready/dhanusha.md
np-madhesh-dhanusha-kapileshwar-mahadev-temple,Madhesh,Dhanusha,Kapileshwar Mahadev Temple,Religious sites and temples,"Kapileshwar, Janakpurdham area",High,Established,POINT,ROUTING_HOLD,NONE,,provinces/madhesh/districts/dhanusha.md,provinces/madhesh/visitor-ready/dhanusha.md
np-madhesh-dhanusha-manimandap,Madhesh,Dhanusha,Manimandap,Historical and cultural places,"Rani Bazar, Janakpurdham",Major,Established,POINT,ROUTING_HOLD,DYNAMIC,,provinces/madhesh/districts/dhanusha.md,provinces/madhesh/visitor-ready/dhanusha.md
np-madhesh-dhanusha-sita-pushpa-vatika-manimandap,Madhesh,Dhanusha,"Sita Pushpa Vatika, Manimandap",Major tourist attractions,"Manimandap complex, Rani Bazar",High,First-round researched,POINT,ROUTING_HOLD,DYNAMIC,,provinces/madhesh/districts/dhanusha.md,provinces/madhesh/visitor-ready/dhanusha.md
np-madhesh-dhanusha-dhanushadham-temple,Madhesh,Dhanusha,Dhanushadham Temple,Religious sites and temples,Dhanushadham Municipality,Major,Established,POINT,ROUTING_HOLD,NONE,,provinces/madhesh/districts/dhanusha.md,provinces/madhesh/visitor-ready/dhanusha.md
np-madhesh-dhanusha-dhanushadham-protected-forest,Madhesh,Dhanusha,Dhanushadham Protected Forest,"National parks, conservation areas, and wildlife sites",Dhanushadham Municipality,Major,Established,PROTECTED_AREA,ROUTING_HOLD,PROTECTED_AREA_ENTRY,,provinces/madhesh/districts/dhanusha.md,provinces/madhesh/visitor-ready/dhanusha.md
np-madhesh-dhanusha-mithila-madhya-parikrama-route-dhanusha-sector,Madhesh,Dhanusha,Mithila Madhya Parikrama route – Dhanusha sector,Religious sites and temples,Janakpur and Dhanusha countryside,Major,Established,ROUTE,ROUTING_HOLD,BORDER_CONTROL,,provinces/madhesh/districts/dhanusha.md,provinces/madhesh/visitor-ready/dhanusha.md
np-madhesh-dhanusha-janakpur-inner-parikrama-route,Madhesh,Dhanusha,Janakpur inner Parikrama route,Historical and cultural places,Janakpurdham,High,Established,ROUTE,ROUTING_HOLD,NONE,,provinces/madhesh/districts/dhanusha.md,provinces/madhesh/visitor-ready/dhanusha.md
np-madhesh-dhanusha-dhanush-sagar,Madhesh,Dhanusha,Dhanush Sagar,Lakes and wetlands,Janakpurdham,Major,Established,WATER,ROUTING_HOLD,NONE,,provinces/madhesh/districts/dhanusha.md,provinces/madhesh/visitor-ready/dhanusha.md
np-madhesh-dhanusha-ganga-sagar,Madhesh,Dhanusha,Ganga Sagar,Lakes and wetlands,Janakpurdham,Major,Established,WATER,ROUTING_HOLD,NONE,,provinces/madhesh/districts/dhanusha.md,provinces/madhesh/visitor-ready/dhanusha.md
np-madhesh-dhanusha-ratna-sagar,Madhesh,Dhanusha,Ratna Sagar,Lakes and wetlands,Janakpurdham,High,Established,WATER,ROUTING_HOLD,NONE,,provinces/madhesh/districts/dhanusha.md,provinces/madhesh/visitor-ready/dhanusha.md
np-madhesh-dhanusha-bihar-kunda,Madhesh,Dhanusha,Bihar Kunda,Lakes and wetlands,Janakpurdham,High,First-round researched,WATER,ROUTING_HOLD,NONE,,provinces/madhesh/districts/dhanusha.md,provinces/madhesh/visitor-ready/dhanusha.md
np-madhesh-dhanusha-agni-kunda,Madhesh,Dhanusha,Agni Kunda,Lakes and wetlands,Janakpurdham,High,First-round researched,WATER,ROUTING_HOLD,NONE,,provinces/madhesh/districts/dhanusha.md,provinces/madhesh/visitor-ready/dhanusha.md
np-madhesh-dhanusha-mani-mandap-pond,Madhesh,Dhanusha,Mani Mandap pond,Lakes and wetlands,"Manimandap complex, Rani Bazar",High,Established,WATER,ROUTING_HOLD,NONE,,provinces/madhesh/districts/dhanusha.md,provinces/madhesh/visitor-ready/dhanusha.md
np-madhesh-dhanusha-janakpur-mithila-art-quarter,Madhesh,Dhanusha,Janakpur Mithila art quarter,Historical and cultural places,Janakpurdham,Major,Established,POINT,ROUTING_HOLD,NONE,,provinces/madhesh/districts/dhanusha.md,provinces/madhesh/visitor-ready/dhanusha.md
np-madhesh-dhanusha-janakpur-women-s-development-centre,Madhesh,Dhanusha,Janakpur Women’s Development Centre,"Museums, palaces, forts, and monuments","Kuwa area, Janakpurdham",High,Established,POINT,ROUTING_HOLD,DYNAMIC,,provinces/madhesh/districts/dhanusha.md,provinces/madhesh/visitor-ready/dhanusha.md
np-madhesh-dhanusha-janakpur-jayanagar-railway-heritage,Madhesh,Dhanusha,Janakpur–Jayanagar railway heritage,Historical and cultural places,Janakpur railway station and corridor,High,Established,POINT,ROUTING_HOLD,BORDER_CONTROL,,provinces/madhesh/districts/dhanusha.md,provinces/madhesh/visitor-ready/dhanusha.md
np-madhesh-dhanusha-kamala-river-corridor,Madhesh,Dhanusha,Kamala River corridor,Rivers and waterfalls,Eastern Dhanusha,High,Established,CORRIDOR,ROUTING_HOLD,NONE,,provinces/madhesh/districts/dhanusha.md,provinces/madhesh/visitor-ready/dhanusha.md
np-madhesh-dhanusha-mithila-cultural-festival-landscape,Madhesh,Dhanusha,Mithila cultural festival landscape,Historical and cultural places,Janakpurdham and district pilgrimage sites,High,Established,AREA,ROUTING_HOLD,DYNAMIC,,provinces/madhesh/districts/dhanusha.md,provinces/madhesh/visitor-ready/dhanusha.md
np-madhesh-mahottari-jaleshwar-mahadev-temple,Madhesh,Mahottari,Jaleshwar Mahadev Temple,Religious sites and temples,Jaleshwar Municipality,Major,Established,POINT,ROUTING_HOLD,NONE,,provinces/madhesh/districts/mahottari.md,provinces/madhesh/visitor-ready/mahottari.md
np-madhesh-mahottari-jaleshwar-sacred-pond-and-temple-water-complex,Madhesh,Mahottari,Jaleshwar sacred pond and temple water complex,Lakes and wetlands,Jaleshwar Municipality,Major,Established,WATER,ROUTING_HOLD,NONE,,provinces/madhesh/districts/mahottari.md,provinces/madhesh/visitor-ready/mahottari.md
np-madhesh-mahottari-lakshminarayan-matha-matihani-matha,Madhesh,Mahottari,Lakshminarayan Matha (Matihani Matha),Religious sites and temples,Matihani Municipality,Major,Established,POINT,ROUTING_HOLD,NONE,,provinces/madhesh/districts/mahottari.md,provinces/madhesh/visitor-ready/mahottari.md
np-madhesh-mahottari-matihani-matkor-pond,Madhesh,Mahottari,Matihani Matkor pond,Lakes and wetlands,"Lakshminarayan Matha, Matihani",High,Established,WATER,ROUTING_HOLD,NONE,,provinces/madhesh/districts/mahottari.md,provinces/madhesh/visitor-ready/mahottari.md
np-madhesh-mahottari-parikrama-gachhi,Madhesh,Mahottari,Parikrama Gachhi,Historical and cultural places,Matihani border area,Major,Established,ROUTE,ROUTING_HOLD,NONE,,provinces/madhesh/districts/mahottari.md,provinces/madhesh/visitor-ready/mahottari.md
np-madhesh-mahottari-pancheshwar-nath-mahadev-temple,Madhesh,Mahottari,Pancheshwar Nath Mahadev Temple,Religious sites and temples,Matihani area,High,Established,POINT,ROUTING_HOLD,NONE,,provinces/madhesh/districts/mahottari.md,provinces/madhesh/visitor-ready/mahottari.md
np-madhesh-mahottari-mithila-madhya-parikrama-route-mahottari-sector,Madhesh,Mahottari,Mithila Madhya Parikrama route – Mahottari sector,Religious sites and temples,"Matihani, Jaleshwar, Marai, Dhruva Kunda and Kanchanvan",Major,Established,ROUTE,ROUTING_HOLD,BORDER_CONTROL,,provinces/madhesh/districts/mahottari.md,provinces/madhesh/visitor-ready/mahottari.md
np-madhesh-mahottari-marai-sthan,Madhesh,Mahottari,Marai Sthan,Religious sites and temples,Mahottari Parikrama route,High,Established,POINT,ROUTING_HOLD,NONE,,provinces/madhesh/districts/mahottari.md,provinces/madhesh/visitor-ready/mahottari.md
np-madhesh-mahottari-dhruva-kunda,Madhesh,Mahottari,Dhruva Kunda,Lakes and wetlands,"Kanchanvan area, Mahottari",Major,Established,WATER,ROUTING_HOLD,NONE,,provinces/madhesh/districts/mahottari.md,provinces/madhesh/visitor-ready/mahottari.md
np-madhesh-mahottari-dhruva-mandir,Madhesh,Mahottari,Dhruva Mandir,Religious sites and temples,"Dhruva Kunda, Kanchanvan area",High,Established,POINT,ROUTING_HOLD,NONE,,provinces/madhesh/districts/mahottari.md,provinces/madhesh/visitor-ready/mahottari.md
np-madhesh-mahottari-kanchanvan,Madhesh,Mahottari,Kanchanvan,Historical and cultural places,Mahottari district,Major,Established,POINT,ROUTING_HOLD,NONE,,provinces/madhesh/districts/mahottari.md,provinces/madhesh/visitor-ready/mahottari.md
np-madhesh-mahottari-tuteshwar-nath-mahadev-temple,Madhesh,Mahottari,Tuteshwar Nath Mahadev Temple,Religious sites and temples,Bardibas region,Major,Established,POINT,ROUTING_HOLD,NONE,,provinces/madhesh/districts/mahottari.md,provinces/madhesh/visitor-ready/mahottari.md
np-madhesh-mahottari-raimandal-religious-site,Madhesh,Mahottari,Raimandal religious site,Religious sites and temples,Mahottari district,High,Needs local verification,POINT,ROUTING_HOLD,NONE,,provinces/madhesh/districts/mahottari.md,provinces/madhesh/visitor-ready/mahottari.md
np-madhesh-mahottari-thadeshwarnath-mahadev-temple,Madhesh,Mahottari,Thadeshwarnath Mahadev Temple,Religious sites and temples,"Anaittha, Mahottari Rural Municipality",High,First-round researched,POINT,ROUTING_HOLD,NONE,,provinces/madhesh/districts/mahottari.md,provinces/madhesh/visitor-ready/mahottari.md
np-madhesh-mahottari-thadi-pokhari,Madhesh,Mahottari,Thadi Pokhari,Lakes and wetlands,"Anaittha, Mahottari Rural Municipality",High,Needs local verification,WATER,ROUTING_HOLD,DYNAMIC,,provinces/madhesh/districts/mahottari.md,provinces/madhesh/visitor-ready/mahottari.md
np-madhesh-mahottari-sonamai-sthan,Madhesh,Mahottari,Sonamai Sthan,Religious sites and temples,"Anaittha, Mahottari Rural Municipality",High,Needs local verification,POINT,ROUTING_HOLD,NONE,,provinces/madhesh/districts/mahottari.md,provinces/madhesh/visitor-ready/mahottari.md
np-madhesh-mahottari-bardibas-chure-foothills,Madhesh,Mahottari,Bardibas Chure foothills,Natural attractions,Bardibas Municipality,Major,Established,AREA,ROUTING_HOLD,NONE,,provinces/madhesh/districts/mahottari.md,provinces/madhesh/visitor-ready/mahottari.md
np-madhesh-mahottari-gauridanda-gauribas-hill-settlement,Madhesh,Mahottari,Gauridanda / Gauribas hill settlement,Community tourism and notable villages,Bardibas Municipality,High,First-round researched,AREA,ROUTING_HOLD,NONE,,provinces/madhesh/districts/mahottari.md,provinces/madhesh/visitor-ready/mahottari.md
np-madhesh-mahottari-ratu-river-corridor,Madhesh,Mahottari,Ratu River corridor,Rivers and waterfalls,Bardibas and central Mahottari,High,Established,CORRIDOR,ROUTING_HOLD,DYNAMIC,,provinces/madhesh/districts/mahottari.md,provinces/madhesh/visitor-ready/mahottari.md
np-madhesh-mahottari-gaushala-forest-and-wetland-belt,Madhesh,Mahottari,Gaushala forest and wetland belt,Natural attractions,Gaushala Municipality,High,Needs local verification,WATER,ROUTING_HOLD,NONE,,provinces/madhesh/districts/mahottari.md,provinces/madhesh/visitor-ready/mahottari.md
np-madhesh-parsa-parsa-national-park,Madhesh,Parsa,Parsa National Park,"National parks, conservation areas, and wildlife sites",Northern Parsa and adjoining Bara/Makwanpur,Major,Established,PROTECTED_AREA,ROUTING_HOLD,PROTECTED_AREA_ENTRY,parsa-national-park,provinces/madhesh/districts/parsa.md,provinces/madhesh/visitor-ready/parsa.md
np-madhesh-parsa-parsa-national-park-safari-and-visitor-zone,Madhesh,Parsa,Parsa National Park safari and visitor zone,"National parks, conservation areas, and wildlife sites","Park-access sector, northern Parsa",Major,Established,PROTECTED_AREA,ROUTING_HOLD,PROTECTED_AREA_ENTRY;OPERATOR_DEPENDENT;ENTRY_FEE;DYNAMIC,,provinces/madhesh/districts/parsa.md,provinces/madhesh/visitor-ready/parsa.md
np-madhesh-parsa-thori-forest-and-chure-gateway,Madhesh,Parsa,Thori forest and Chure gateway,Major tourist attractions,Thori Rural Municipality,Major,Established,AREA,ROUTING_HOLD,BORDER_CONTROL,,provinces/madhesh/districts/parsa.md,provinces/madhesh/visitor-ready/parsa.md
np-madhesh-parsa-thori-village-and-border-heritage-landscape,Madhesh,Parsa,Thori village and border heritage landscape,Community tourism and notable villages,Thori Rural Municipality,High,First-round researched,AREA,ROUTING_HOLD,BORDER_CONTROL,,provinces/madhesh/districts/parsa.md,provinces/madhesh/visitor-ready/parsa.md
np-madhesh-parsa-thori-river-and-forest-corridors,Madhesh,Parsa,Thori river and forest corridors,Natural attractions,Thori Rural Municipality,High,Established,CORRIDOR,ROUTING_HOLD,BORDER_CONTROL;DYNAMIC,,provinces/madhesh/districts/parsa.md,provinces/madhesh/visitor-ready/parsa.md
np-madhesh-parsa-sita-cave-sita-gufa-thori,Madhesh,Parsa,"Sita Cave / Sita Gufa, Thori",Caves,Thori Rural Municipality,High,Needs local verification,POINT,ROUTING_HOLD,NONE,,provinces/madhesh/districts/parsa.md,provinces/madhesh/visitor-ready/parsa.md
np-madhesh-parsa-rai-dhara-local-spring-area-thori,Madhesh,Parsa,"Rai Dhara / local spring area, Thori",Natural attractions,Thori Rural Municipality,Medium,Needs local verification,AREA,ROUTING_HOLD,NONE,,provinces/madhesh/districts/parsa.md,provinces/madhesh/visitor-ready/parsa.md
np-madhesh-parsa-birgunj-ghadiarwa-pokhari,Madhesh,Parsa,Birgunj Ghadiarwa Pokhari,Lakes and wetlands,Birgunj Metropolitan City,Major,Established,WATER,ROUTING_HOLD,NONE,,provinces/madhesh/districts/parsa.md,provinces/madhesh/visitor-ready/parsa.md
np-madhesh-parsa-ghadiarwa-chhath-festival-landscape,Madhesh,Parsa,Ghadiarwa Chhath festival landscape,Historical and cultural places,Birgunj Metropolitan City,High,Established,AREA,ROUTING_HOLD,NONE,,provinces/madhesh/districts/parsa.md,provinces/madhesh/visitor-ready/parsa.md
np-madhesh-parsa-gahawa-mai-temple,Madhesh,Parsa,Gahawa Mai Temple,Religious sites and temples,Birgunj Metropolitan City,Major,Established,POINT,ROUTING_HOLD,NONE,,provinces/madhesh/districts/parsa.md,provinces/madhesh/visitor-ready/parsa.md
np-madhesh-parsa-maisthan-temple-area,Madhesh,Parsa,Maisthan Temple area,Religious sites and temples,Birgunj Metropolitan City,High,Established,AREA,ROUTING_HOLD,NONE,,provinces/madhesh/districts/parsa.md,provinces/madhesh/visitor-ready/parsa.md
np-madhesh-parsa-bindabasini-temple,Madhesh,Parsa,Bindabasini Temple,Religious sites and temples,Bindabasini Rural Municipality / Birgunj region,High,Established,POINT,ROUTING_HOLD,NONE,,provinces/madhesh/districts/parsa.md,provinces/madhesh/visitor-ready/parsa.md
np-madhesh-parsa-shankaracharya-gate,Madhesh,Parsa,Shankaracharya Gate,"Museums, palaces, forts, and monuments",Birgunj–Raxaul border,Major,Established,POINT,ROUTING_HOLD,ENTRY_FEE,,provinces/madhesh/districts/parsa.md,provinces/madhesh/visitor-ready/parsa.md
np-madhesh-parsa-birgunj-ghanta-ghar,Madhesh,Parsa,Birgunj Ghanta Ghar,"Museums, palaces, forts, and monuments",Birgunj Metropolitan City,High,Established,POINT,ROUTING_HOLD,NONE,,provinces/madhesh/districts/parsa.md,provinces/madhesh/visitor-ready/parsa.md
np-madhesh-parsa-birgunj-old-market-and-civic-core,Madhesh,Parsa,Birgunj old market and civic core,Historical and cultural places,Birgunj Metropolitan City,High,Established,POINT,ROUTING_HOLD,NONE,,provinces/madhesh/districts/parsa.md,provinces/madhesh/visitor-ready/parsa.md
np-madhesh-parsa-birgunj-railway-and-trade-gateway-heritage,Madhesh,Parsa,Birgunj railway and trade-gateway heritage,Historical and cultural places,Birgunj Metropolitan City,High,First-round researched,POINT,ROUTING_HOLD,BORDER_CONTROL,,provinces/madhesh/districts/parsa.md,provinces/madhesh/visitor-ready/parsa.md
np-madhesh-parsa-alau-historical-area,Madhesh,Parsa,Alau historical area,Historical and cultural places,Birgunj–Alau area,High,First-round researched,AREA,ROUTING_HOLD,NONE,,provinces/madhesh/districts/parsa.md,provinces/madhesh/visitor-ready/parsa.md
np-madhesh-parsa-parsagadhi-heritage-area,Madhesh,Parsa,Parsagadhi heritage area,"Museums, palaces, forts, and monuments",Parsagadhi Municipality,High,Needs local verification,AREA,ROUTING_HOLD,NONE,,provinces/madhesh/districts/parsa.md,provinces/madhesh/visitor-ready/parsa.md
np-madhesh-parsa-oriya-river-corridor,Madhesh,Parsa,Oriya River corridor,Rivers and waterfalls,Western Parsa / Thori region,High,Established,CORRIDOR,ROUTING_HOLD,BORDER_CONTROL;DYNAMIC,,provinces/madhesh/districts/parsa.md,provinces/madhesh/visitor-ready/parsa.md
np-madhesh-parsa-sikta-river-corridor,Madhesh,Parsa,Sikta River corridor,Rivers and waterfalls,Western and central Parsa,Medium,First-round researched,CORRIDOR,ROUTING_HOLD,NONE,,provinces/madhesh/districts/parsa.md,provinces/madhesh/visitor-ready/parsa.md
np-madhesh-parsa-parsa-forest-buffer-zone-communities,Madhesh,Parsa,Parsa forest buffer-zone communities,Community tourism and notable villages,"Sakhuwa Prasauni, Paterwa Sugauli, Jirabhawani and adjoining areas",Medium,First-round researched,AREA,ROUTING_HOLD,NONE,,provinces/madhesh/districts/parsa.md,provinces/madhesh/visitor-ready/parsa.md
np-madhesh-rautahat-nunthar-pilgrimage-and-riverside-area,Madhesh,Rautahat,Nunthar pilgrimage and riverside area,Religious sites and temples,"Chandrapur area, Bagmati River",Major,Established,CORRIDOR,ROUTING_HOLD,NONE,,provinces/madhesh/districts/rautahat.md,provinces/madhesh/visitor-ready/rautahat.md
np-madhesh-rautahat-rajdevi-temple,Madhesh,Rautahat,Rajdevi Temple,Religious sites and temples,"Rajdevi Municipality, near Gaur",Major,Established,POINT,ROUTING_HOLD,NONE,,provinces/madhesh/districts/rautahat.md,provinces/madhesh/visitor-ready/rautahat.md
np-madhesh-rautahat-gaur-historical-town-core,Madhesh,Rautahat,Gaur historical town core,Historical and cultural places,Gaur Municipality,High,Established,AREA,ROUTING_HOLD,BORDER_CONTROL,,provinces/madhesh/districts/rautahat.md,provinces/madhesh/visitor-ready/rautahat.md
np-madhesh-rautahat-maulapur-archaeological-and-temple-area,Madhesh,Rautahat,Maulapur archaeological and temple area,Historical and cultural places,Maulapur Municipality,Major,First-round researched,AREA,ROUTING_HOLD,NONE,,provinces/madhesh/districts/rautahat.md,provinces/madhesh/visitor-ready/rautahat.md
np-madhesh-rautahat-patoura-archaeological-site,Madhesh,Rautahat,Patoura archaeological site,"Museums, palaces, forts, and monuments",Maulapur / Patoura area,High,First-round researched,POINT,ROUTING_HOLD,NONE,,provinces/madhesh/districts/rautahat.md,provinces/madhesh/visitor-ready/rautahat.md
np-madhesh-rautahat-najarpur-vegetarian-village,Madhesh,Rautahat,Najarpur vegetarian village,Community tourism and notable villages,Chandrapur Municipality area,High,Established,AREA,ROUTING_HOLD,NONE,,provinces/madhesh/districts/rautahat.md,provinces/madhesh/visitor-ready/rautahat.md
np-madhesh-rautahat-shree-krishna-pranami-mandir-najarpur,Madhesh,Rautahat,"Shree Krishna Pranami Mandir, Najarpur",Religious sites and temples,Najarpur,High,Established,POINT,ROUTING_HOLD,NONE,,provinces/madhesh/districts/rautahat.md,provinces/madhesh/visitor-ready/rautahat.md
np-madhesh-rautahat-jungle-sahiya-forest-landscape,Madhesh,Rautahat,Jungle Sahiya forest landscape,"National parks, conservation areas, and wildlife sites",Chandrapur region,High,First-round researched,PROTECTED_AREA,ROUTING_HOLD,PROTECTED_AREA_ENTRY,,provinces/madhesh/districts/rautahat.md,provinces/madhesh/visitor-ready/rautahat.md
np-madhesh-rautahat-chure-forest-and-hill-belt,Madhesh,Rautahat,Chure forest and hill belt,Natural attractions,Northern Rautahat,High,Established,AREA,ROUTING_HOLD,NONE,,provinces/madhesh/districts/rautahat.md,provinces/madhesh/visitor-ready/rautahat.md
np-madhesh-rautahat-bagmati-river-corridor,Madhesh,Rautahat,Bagmati River corridor,Rivers and waterfalls,Northern and western Rautahat,High,Established,CORRIDOR,ROUTING_HOLD,DYNAMIC,,provinces/madhesh/districts/rautahat.md,provinces/madhesh/visitor-ready/rautahat.md
np-madhesh-rautahat-bagmati-river-beaches-and-picnic-banks,Madhesh,Rautahat,Bagmati river beaches and picnic banks,Major tourist attractions,Chandrapur–Nunthar belt,Medium,Needs local verification,CORRIDOR,ROUTING_HOLD,DYNAMIC,,provinces/madhesh/districts/rautahat.md,provinces/madhesh/visitor-ready/rautahat.md
np-madhesh-rautahat-lal-bakaiya-river-corridor,Madhesh,Rautahat,Lal Bakaiya River corridor,Rivers and waterfalls,Central Rautahat,High,Established,CORRIDOR,ROUTING_HOLD,DYNAMIC,,provinces/madhesh/districts/rautahat.md,provinces/madhesh/visitor-ready/rautahat.md
np-madhesh-rautahat-chandrapur-forest-gateway,Madhesh,Rautahat,Chandrapur forest gateway,Major tourist attractions,Chandrapur Municipality,High,Established,AREA,ROUTING_HOLD,NONE,,provinces/madhesh/districts/rautahat.md,provinces/madhesh/visitor-ready/rautahat.md
np-madhesh-rautahat-maraghar-wetland-area,Madhesh,Rautahat,Maraghar wetland area,Lakes and wetlands,Municipality to verify,Medium,Needs local verification,WATER,ROUTING_HOLD,DYNAMIC,,provinces/madhesh/districts/rautahat.md,provinces/madhesh/visitor-ready/rautahat.md
np-madhesh-rautahat-patharghat-historical-landscape,Madhesh,Rautahat,Patharghat historical landscape,Historical and cultural places,"Bagmati river region, Rautahat",Medium,Needs local verification,AREA,ROUTING_HOLD,NONE,,provinces/madhesh/districts/rautahat.md,provinces/madhesh/visitor-ready/rautahat.md
np-madhesh-rautahat-rautahat-border-market-cultural-corridor,Madhesh,Rautahat,Rautahat border-market cultural corridor,Historical and cultural places,Gaur and southern municipalities,Medium,Emerging,CORRIDOR,ROUTING_HOLD,BORDER_CONTROL,,provinces/madhesh/districts/rautahat.md,provinces/madhesh/visitor-ready/rautahat.md
np-madhesh-saptari-chinnamasta-bhagwati-temple-sakhada-bhagwati,Madhesh,Saptari,Chinnamasta Bhagwati Temple / Sakhada Bhagwati,Religious sites and temples,Chhinnamasta Rural Municipality,Major,Established,POINT,ROUTING_HOLD,BORDER_CONTROL,,provinces/madhesh/districts/saptari.md,provinces/madhesh/visitor-ready/saptari.md
np-madhesh-saptari-kankalini-temple-bhardaha,Madhesh,Saptari,"Kankalini Temple, Bhardaha",Religious sites and temples,Hanumannagar Kankalini Municipality,Major,Established,POINT,ROUTING_HOLD,NONE,,provinces/madhesh/districts/saptari.md,provinces/madhesh/visitor-ready/saptari.md
np-madhesh-saptari-shambhunath-temple,Madhesh,Saptari,Shambhunath Temple,Religious sites and temples,Shambhunath Municipality,Major,Established,POINT,ROUTING_HOLD,NONE,,provinces/madhesh/districts/saptari.md,provinces/madhesh/visitor-ready/saptari.md
np-madhesh-saptari-rajdevi-temple,Madhesh,Saptari,Rajdevi Temple,Religious sites and temples,Rajbiraj Municipality,Major,Established,POINT,ROUTING_HOLD,NONE,,provinces/madhesh/districts/saptari.md,provinces/madhesh/visitor-ready/saptari.md
np-madhesh-saptari-chandi-bhagwati-temple,Madhesh,Saptari,Chandi Bhagwati Temple,Religious sites and temples,Rajbiraj Municipality,High,Established,POINT,ROUTING_HOLD,NONE,,provinces/madhesh/districts/saptari.md,provinces/madhesh/visitor-ready/saptari.md
np-madhesh-saptari-bhagwati-pokhari,Madhesh,Saptari,Bhagwati Pokhari,Lakes and wetlands,Rajbiraj Municipality,High,Established; current condition pending,WATER,ROUTING_HOLD,NONE,,provinces/madhesh/districts/saptari.md,provinces/madhesh/visitor-ready/saptari.md
np-madhesh-saptari-shree-raja-ji-than-temple,Madhesh,Saptari,Shree Raja Ji Than Temple,Religious sites and temples,"Manraja, Bodebarsain Municipality",High,Established,POINT,ROUTING_HOLD,NONE,,provinces/madhesh/districts/saptari.md,provinces/madhesh/visitor-ready/saptari.md
np-madhesh-saptari-manraja-gadhi-heritage-area,Madhesh,Saptari,Manraja Gadhi heritage area,"Museums, palaces, forts, and monuments","Manraja, Bodebarsain Municipality",High,Needs archaeological and ground verification,AREA,ROUTING_HOLD,NONE,,provinces/madhesh/districts/saptari.md,provinces/madhesh/visitor-ready/saptari.md
np-madhesh-saptari-rajbiraj-planned-old-town,Madhesh,Saptari,Rajbiraj planned old town,Historical and cultural places,Rajbiraj Municipality,High,First-round researched,AREA,ROUTING_HOLD,NONE,,provinces/madhesh/districts/saptari.md,provinces/madhesh/visitor-ready/saptari.md
np-madhesh-saptari-koshi-tappu-wildlife-reserve-saptari-sector,Madhesh,Saptari,Koshi Tappu Wildlife Reserve – Saptari sector,"National parks, conservation areas, and wildlife sites",Eastern Saptari / Koshi floodplain,Major,Official protected area,PROTECTED_AREA,ROUTING_HOLD,PROTECTED_AREA_ENTRY,,provinces/madhesh/districts/saptari.md,provinces/madhesh/visitor-ready/saptari.md
np-madhesh-saptari-koshi-tappu-wetland-and-birding-landscape,Madhesh,Saptari,Koshi Tappu wetland and birding landscape,Lakes and wetlands,Eastern Saptari,Major,Established; seasonal access varies,WATER,ROUTING_HOLD,PROTECTED_AREA_ENTRY,,provinces/madhesh/districts/saptari.md,provinces/madhesh/visitor-ready/saptari.md
np-madhesh-saptari-koshi-barrage-eastern-approaches,Madhesh,Saptari,Koshi Barrage eastern approaches,Major tourist attractions,Hanumannagar Kankalini area,Major,Established; operational and safety conditions vary,POINT,ROUTING_HOLD,NONE,,provinces/madhesh/districts/saptari.md,provinces/madhesh/visitor-ready/saptari.md
np-madhesh-saptari-saptakoshi-river-floodplain,Madhesh,Saptari,Saptakoshi River floodplain,Rivers and waterfalls,Eastern Saptari,Major,Established; highly seasonal,CORRIDOR,ROUTING_HOLD,NONE,,provinces/madhesh/districts/saptari.md,provinces/madhesh/visitor-ready/saptari.md
np-madhesh-saptari-saptakoshi-river-islands-and-sandbars,Madhesh,Saptari,Saptakoshi river islands and sandbars,Natural attractions,Eastern Saptari,High,Needs seasonal and ground verification,CORRIDOR,ROUTING_HOLD,DYNAMIC,,provinces/madhesh/districts/saptari.md,provinces/madhesh/visitor-ready/saptari.md
np-madhesh-saptari-bhardaha-wetland-belt,Madhesh,Saptari,Bhardaha wetland belt,Lakes and wetlands,Hanumannagar Kankalini Municipality,High,Needs local verification,WATER,ROUTING_HOLD,NONE,,provinces/madhesh/districts/saptari.md,provinces/madhesh/visitor-ready/saptari.md
np-madhesh-saptari-rupani-wetland-and-forest-belt,Madhesh,Saptari,Rupani wetland and forest belt,Lakes and wetlands,Rupani Rural Municipality,High,Needs local verification,WATER,ROUTING_HOLD,DYNAMIC,,provinces/madhesh/districts/saptari.md,provinces/madhesh/visitor-ready/saptari.md
np-madhesh-saptari-kanchanrup-bhar-daha-wetland-area,Madhesh,Saptari,Kanchanrup / Bhar Daha wetland area,Lakes and wetlands,Kanchanrup Municipality,High,Needs local verification,WATER,ROUTING_HOLD,NONE,,provinces/madhesh/districts/saptari.md,provinces/madhesh/visitor-ready/saptari.md
np-madhesh-saptari-hanumannagar-koshi-riverside-cultural-landscape,Madhesh,Saptari,Hanumannagar–Koshi riverside cultural landscape,Historical and cultural places,Hanumannagar Kankalini Municipality,High,First-round researched,CORRIDOR,ROUTING_HOLD,BORDER_CONTROL,,provinces/madhesh/districts/saptari.md,provinces/madhesh/visitor-ready/saptari.md
np-madhesh-sarlahi-bharat-tal-bharat-lake,Madhesh,Sarlahi,Bharat Tal (Bharat Lake),Lakes and wetlands,Bagmati Municipality,Major,Established,WATER,ROUTING_HOLD,OPERATOR_DEPENDENT;DYNAMIC,,provinces/madhesh/districts/sarlahi.md,provinces/madhesh/visitor-ready/sarlahi.md
np-madhesh-sarlahi-nunthar-pilgrimage-and-riverside-area,Madhesh,Sarlahi,Nunthar pilgrimage and riverside area,Religious sites and temples,"Bagmati River, northern Sarlahi",Major,Established,CORRIDOR,ROUTING_HOLD,NONE,,provinces/madhesh/districts/sarlahi.md,provinces/madhesh/visitor-ready/sarlahi.md
np-madhesh-sarlahi-sagarnath-forest,Madhesh,Sarlahi,Sagarnath Forest,"National parks, conservation areas, and wildlife sites",Ishwarpur–Lalbandi region,Major,Established,PROTECTED_AREA,ROUTING_HOLD,PROTECTED_AREA_ENTRY,,provinces/madhesh/districts/sarlahi.md,provinces/madhesh/visitor-ready/sarlahi.md
np-madhesh-sarlahi-nadhi-tal,Madhesh,Sarlahi,Nadhi Tal,Lakes and wetlands,Chandranagar Rural Municipality area,High,First-round researched,WATER,ROUTING_HOLD,DYNAMIC,,provinces/madhesh/districts/sarlahi.md,provinces/madhesh/visitor-ready/sarlahi.md
np-madhesh-sarlahi-murtiya-archaeological-temple-ruins,Madhesh,Sarlahi,Murtiya archaeological temple ruins,"Museums, palaces, forts, and monuments",Barahathwa / former Murtiya area,High,Established,POINT,ROUTING_HOLD,NONE,,provinces/madhesh/districts/sarlahi.md,provinces/madhesh/visitor-ready/sarlahi.md
np-madhesh-sarlahi-mukteshwar-temple-murtiya,Madhesh,Sarlahi,"Mukteshwar Temple, Murtiya",Religious sites and temples,Murtiya area,High,First-round researched,POINT,ROUTING_HOLD,NONE,,provinces/madhesh/districts/sarlahi.md,provinces/madhesh/visitor-ready/sarlahi.md
np-madhesh-sarlahi-mukteshwar-pokhari,Madhesh,Sarlahi,Mukteshwar Pokhari,Lakes and wetlands,Murtiya area,Medium,Needs local verification,WATER,ROUTING_HOLD,NONE,,provinces/madhesh/districts/sarlahi.md,provinces/madhesh/visitor-ready/sarlahi.md
np-madhesh-sarlahi-malhaniya-pokhari,Madhesh,Sarlahi,Malhaniya Pokhari,Lakes and wetlands,Murtiya area,Medium,Needs local verification,WATER,ROUTING_HOLD,DYNAMIC,,provinces/madhesh/districts/sarlahi.md,provinces/madhesh/visitor-ready/sarlahi.md
np-madhesh-sarlahi-bihani-ban-recreation-forest,Madhesh,Sarlahi,Bihani Ban recreation forest,Natural attractions,Murtiya area,Medium,Needs local verification,AREA,ROUTING_HOLD,DYNAMIC,,provinces/madhesh/districts/sarlahi.md,provinces/madhesh/visitor-ready/sarlahi.md
np-madhesh-sarlahi-rajdevi-temple-malangwa-area,Madhesh,Sarlahi,"Rajdevi Temple, Malangwa area",Religious sites and temples,Malangwa Municipality,High,First-round researched,AREA,ROUTING_HOLD,NONE,,provinces/madhesh/districts/sarlahi.md,provinces/madhesh/visitor-ready/sarlahi.md
np-madhesh-sarlahi-lakhandehi-river-corridor,Madhesh,Sarlahi,Lakhandehi River corridor,Rivers and waterfalls,Central Sarlahi,High,Established,CORRIDOR,ROUTING_HOLD,DYNAMIC,,provinces/madhesh/districts/sarlahi.md,provinces/madhesh/visitor-ready/sarlahi.md
np-madhesh-sarlahi-bagmati-river-corridor,Madhesh,Sarlahi,Bagmati River corridor,Rivers and waterfalls,Western and northern Sarlahi,High,Established,CORRIDOR,ROUTING_HOLD,NONE,,provinces/madhesh/districts/sarlahi.md,provinces/madhesh/visitor-ready/sarlahi.md
np-madhesh-sarlahi-chure-foothill-forest-belt,Madhesh,Sarlahi,Chure foothill forest belt,Natural attractions,Northern Lalbandi and Ishwarpur,High,Established,AREA,ROUTING_HOLD,NONE,,provinces/madhesh/districts/sarlahi.md,provinces/madhesh/visitor-ready/sarlahi.md
np-madhesh-sarlahi-lalbandi-northern-forest-routes,Madhesh,Sarlahi,Lalbandi northern forest routes,Lesser-known or emerging destinations,Lalbandi Municipality,Medium,Needs local verification,ROUTE,ROUTING_HOLD,NONE,,provinces/madhesh/districts/sarlahi.md,provinces/madhesh/visitor-ready/sarlahi.md
np-madhesh-sarlahi-ishwarpur-forest-and-wetland-belt,Madhesh,Sarlahi,Ishwarpur forest and wetland belt,Natural attractions,Ishwarpur Municipality,Medium,First-round researched,WATER,ROUTING_HOLD,NONE,,provinces/madhesh/districts/sarlahi.md,provinces/madhesh/visitor-ready/sarlahi.md
np-madhesh-sarlahi-bagmati-lakeside-recreation-zone,Madhesh,Sarlahi,Bagmati lakeside recreation zone,Major tourist attractions,Bagmati Municipality,High,Established,WATER,ROUTING_HOLD,NONE,,provinces/madhesh/districts/sarlahi.md,provinces/madhesh/visitor-ready/sarlahi.md
np-madhesh-sarlahi-sarlahi-sugarcane-and-rural-agro-landscape,Madhesh,Sarlahi,Sarlahi sugarcane and rural agro-landscape,Community tourism and notable villages,Central and southern Sarlahi,Medium,Emerging,AREA,ROUTING_HOLD,NONE,,provinces/madhesh/districts/sarlahi.md,provinces/madhesh/visitor-ready/sarlahi.md
np-madhesh-siraha-salahesh-fulbari,Madhesh,Siraha,Salahesh Fulbari,Historical and cultural places,Lahan Municipality,Major,Established,POINT,ROUTING_HOLD,NONE,,provinces/madhesh/districts/siraha.md,provinces/madhesh/visitor-ready/siraha.md
np-madhesh-siraha-salahesh-fulbari-orchid-site,Madhesh,Siraha,Salahesh Fulbari orchid site,Natural attractions,Lahan Municipality,High,Established; seasonal phenomenon,POINT,ROUTING_HOLD,DYNAMIC,,provinces/madhesh/districts/siraha.md,provinces/madhesh/visitor-ready/siraha.md
np-madhesh-siraha-salahesh-temple-salahesh-sthan,Madhesh,Siraha,Salahesh Temple / Salahesh Sthan,Religious sites and temples,Lahan–Siraha cultural region,Major,Established; exact primary-site mapping pending,POINT,ROUTING_HOLD,NONE,,provinces/madhesh/districts/siraha.md,provinces/madhesh/visitor-ready/siraha.md
np-madhesh-siraha-salahesh-palace-gadhi-area,Madhesh,Siraha,Salahesh Palace / Gadhi area,"Museums, palaces, forts, and monuments",Siraha district,High,Needs archaeological and ground verification,AREA,ROUTING_HOLD,NONE,,provinces/madhesh/districts/siraha.md,provinces/madhesh/visitor-ready/siraha.md
np-madhesh-siraha-pakadi-gadhi-remains,Madhesh,Siraha,Pakadi Gadhi remains,"Museums, palaces, forts, and monuments",Siraha district,High,Needs local verification,POINT,ROUTING_HOLD,NONE,,provinces/madhesh/districts/siraha.md,provinces/madhesh/visitor-ready/siraha.md
np-madhesh-siraha-uttarayani-dham,Madhesh,Siraha,Uttarayani Dham,Religious sites and temples,Kamala River area,High,Established; coordinates pending,POINT,ROUTING_HOLD,NONE,,provinces/madhesh/districts/siraha.md,provinces/madhesh/visitor-ready/siraha.md
np-madhesh-siraha-dhamini-than,Madhesh,Siraha,Dhamini Than,Religious sites and temples,Siraha district,High,First-round researched,POINT,ROUTING_HOLD,NONE,,provinces/madhesh/districts/siraha.md,provinces/madhesh/visitor-ready/siraha.md
np-madhesh-siraha-patari-mela-site,Madhesh,Siraha,Patari Mela site,Historical and cultural places,Patari area,High,First-round researched; event status varies,POINT,ROUTING_HOLD,DYNAMIC,,provinces/madhesh/districts/siraha.md,provinces/madhesh/visitor-ready/siraha.md
np-madhesh-siraha-aakash-ganga,Madhesh,Siraha,Aakash Ganga,Natural attractions,Northern Siraha / Chure foothills,High,Needs ground verification,POINT,ROUTING_HOLD,DYNAMIC,,provinces/madhesh/districts/siraha.md,provinces/madhesh/visitor-ready/siraha.md
np-madhesh-siraha-baba-taal,Madhesh,Siraha,Baba Taal,Lakes and wetlands,Lahan area,High,Needs local verification,WATER,ROUTING_HOLD,DYNAMIC,,provinces/madhesh/districts/siraha.md,provinces/madhesh/visitor-ready/siraha.md
np-madhesh-siraha-kamal-daha,Madhesh,Siraha,Kamal Daha,Lakes and wetlands,Siraha district,High,Needs local verification,WATER,ROUTING_HOLD,DYNAMIC,,provinces/madhesh/districts/siraha.md,provinces/madhesh/visitor-ready/siraha.md
np-madhesh-siraha-haathi-daha,Madhesh,Siraha,Haathi Daha,Lakes and wetlands,Siraha district,High,Needs local verification,WATER,ROUTING_HOLD,NONE,,provinces/madhesh/districts/siraha.md,provinces/madhesh/visitor-ready/siraha.md
np-madhesh-siraha-kamala-river-corridor,Madhesh,Siraha,Kamala River corridor,Rivers and waterfalls,Western Siraha boundary,Major,Established; highly seasonal,CORRIDOR,ROUTING_HOLD,NONE,,provinces/madhesh/districts/siraha.md,provinces/madhesh/visitor-ready/siraha.md
np-madhesh-siraha-balan-river-corridor,Madhesh,Siraha,Balan River corridor,Rivers and waterfalls,Eastern Siraha boundary,High,Established; seasonal access varies,CORRIDOR,ROUTING_HOLD,NONE,,provinces/madhesh/districts/siraha.md,provinces/madhesh/visitor-ready/siraha.md
np-madhesh-siraha-chure-foothill-forest-belt,Madhesh,Siraha,Chure foothill forest belt,Natural attractions,Northern Siraha,Major,Established landscape,AREA,ROUTING_HOLD,NONE,,provinces/madhesh/districts/siraha.md,provinces/madhesh/visitor-ready/siraha.md
np-madhesh-siraha-northern-siraha-forest-and-picnic-landscapes,Madhesh,Siraha,Northern Siraha forest and picnic landscapes,Lesser-known or emerging destinations,"Dhangadhimai, Golbazar and northern municipalities",High,Needs site-by-site verification,AREA,ROUTING_HOLD,NONE,,provinces/madhesh/districts/siraha.md,provinces/madhesh/visitor-ready/siraha.md
np-madhesh-siraha-thadi-historic-border-market,Madhesh,Siraha,Thadi historic border market,Historical and cultural places,Bhagwanpur Rural Municipality / Thadi area,High,Established,POINT,ROUTING_HOLD,BORDER_CONTROL,,provinces/madhesh/districts/siraha.md,provinces/madhesh/visitor-ready/siraha.md
np-gandaki-baglung-baglung-kalika-temple,Gandaki,Baglung,Baglung Kalika Temple,Religious site,Baglung Municipality,5,Established,POINT,ROUTING_HOLD,NONE,,provinces/gandaki/districts/baglung.md,provinces/gandaki/visitor_ready/baglung.md
np-gandaki-baglung-baglung-bazaar,Gandaki,Baglung,Baglung Bazaar,Historic town,Baglung Municipality,4,Established,AREA,ROUTING_HOLD,NONE,,provinces/gandaki/districts/baglung.md,provinces/gandaki/visitor_ready/baglung.md
np-gandaki-baglung-baglung-parbat-suspension-bridge-corridor,Gandaki,Baglung,Baglung Parbat suspension bridge corridor,Bridge / adventure,Baglung–Kushma corridor,4,Established,CORRIDOR,ROUTING_HOLD,NONE,,provinces/gandaki/districts/baglung.md,provinces/gandaki/visitor_ready/baglung.md
np-gandaki-baglung-panchakot,Gandaki,Baglung,Panchakot,Religious / viewpoint complex,Baglung Municipality,4,Established,POINT,ROUTING_HOLD,NONE,,provinces/gandaki/districts/baglung.md,provinces/gandaki/visitor_ready/baglung.md
np-gandaki-baglung-bhakunde,Gandaki,Baglung,Bhakunde,Community tourism / viewpoint,Baglung Municipality,4,Established,POINT,ROUTING_HOLD,NONE,,provinces/gandaki/districts/baglung.md,provinces/gandaki/visitor_ready/baglung.md
np-gandaki-baglung-dhorpatan-hunting-reserve-baglung-sector,Gandaki,Baglung,Dhorpatan Hunting Reserve (Baglung sector),Protected area,Dhorpatan,5,Government-managed,PROTECTED_AREA,ROUTING_HOLD,PROTECTED_AREA_ENTRY,,provinces/gandaki/districts/baglung.md,provinces/gandaki/visitor_ready/baglung.md
np-gandaki-baglung-dhorpatan-valley,Gandaki,Baglung,Dhorpatan Valley,Valley / community tourism,Dhorpatan,5,Established,CORRIDOR,ROUTING_HOLD,NONE,,provinces/gandaki/districts/baglung.md,provinces/gandaki/visitor_ready/baglung.md
np-gandaki-baglung-uttarganga-river-valley,Gandaki,Baglung,Uttarganga River Valley,River / natural landscape,Dhorpatan,4,Established,CORRIDOR,ROUTING_HOLD,NONE,,provinces/gandaki/districts/baglung.md,provinces/gandaki/visitor_ready/baglung.md
np-gandaki-baglung-burtibang,Gandaki,Baglung,Burtibang,Gateway town,Dhorpatan Municipality,3,Established,AREA,ROUTING_HOLD,NONE,,provinces/gandaki/districts/baglung.md,provinces/gandaki/visitor_ready/baglung.md
np-gandaki-baglung-galkot,Gandaki,Baglung,Galkot,Heritage / community landscape,Galkot,4,Established,AREA,ROUTING_HOLD,NONE,,provinces/gandaki/districts/baglung.md,provinces/gandaki/visitor_ready/baglung.md
np-gandaki-baglung-galkot-kot,Gandaki,Baglung,Galkot Kot,Historical site,Galkot,3,First-round researched,POINT,ROUTING_HOLD,NONE,,provinces/gandaki/districts/baglung.md,provinces/gandaki/visitor_ready/baglung.md
np-gandaki-baglung-balewa,Gandaki,Baglung,Balewa,Heritage / viewpoint area,Baglung Municipality,3,Established,AREA,ROUTING_HOLD,NONE,,provinces/gandaki/districts/baglung.md,provinces/gandaki/visitor_ready/baglung.md
np-gandaki-baglung-bhairabsthan-balewa,Gandaki,Baglung,"Bhairabsthan, Balewa",Religious site,Balewa,3,First-round researched,POINT,ROUTING_HOLD,NONE,,provinces/gandaki/districts/baglung.md,provinces/gandaki/visitor_ready/baglung.md
np-gandaki-baglung-tityang,Gandaki,Baglung,Tityang,Agro-tourism / village,Baglung Municipality,3,Established,AREA,ROUTING_HOLD,NONE,,provinces/gandaki/districts/baglung.md,provinces/gandaki/visitor_ready/baglung.md
np-gandaki-baglung-nisikhola-valley,Gandaki,Baglung,Nisikhola Valley,Valley / community tourism,Nisikhola,4,Established,CORRIDOR,ROUTING_HOLD,NONE,,provinces/gandaki/districts/baglung.md,provinces/gandaki/visitor_ready/baglung.md
np-gandaki-baglung-tara-khola,Gandaki,Baglung,Tara Khola,Community tourism / river valley,Tarakhola,3,Established,CORRIDOR,ROUTING_HOLD,NONE,,provinces/gandaki/districts/baglung.md,provinces/gandaki/visitor_ready/baglung.md
np-gandaki-baglung-badigad-river-valley,Gandaki,Baglung,Badigad River Valley,River / scenic corridor,Badigad,3,Established,CORRIDOR,ROUTING_HOLD,NONE,,provinces/gandaki/districts/baglung.md,provinces/gandaki/visitor_ready/baglung.md
np-gandaki-baglung-kali-gandaki-river-baglung-sector,Gandaki,Baglung,Kali Gandaki River (Baglung sector),River / gorge,Eastern Baglung,4,Established,CORRIDOR,ROUTING_HOLD,NONE,,provinces/gandaki/districts/baglung.md,provinces/gandaki/visitor_ready/baglung.md
np-gandaki-baglung-jaljala-ridge-connection,Gandaki,Baglung,Jaljala ridge connection,Trekking / viewpoint,Baglung–Myagdi area,4,First-round researched,ROUTE,ROUTING_HOLD,NONE,,provinces/gandaki/districts/baglung.md,provinces/gandaki/visitor_ready/baglung.md
np-gandaki-baglung-baglung-craft-and-magar-heritage-villages,Gandaki,Baglung,Baglung craft and Magar heritage villages,Cultural landscape,District-wide,3,Needs local verification,AREA,ROUTING_HOLD,NONE,,provinces/gandaki/districts/baglung.md,provinces/gandaki/visitor_ready/baglung.md
np-gandaki-gorkha-gorkha-durbar,Gandaki,Gorkha,Gorkha Durbar,Palace / fort / religious complex,Gorkha Municipality,5,Established,AREA,DYNAMIC_CHECK_REQUIRED,DYNAMIC,,provinces/gandaki/districts/gorkha.md,provinces/gandaki/visitor_ready/gorkha.md
np-gandaki-gorkha-gorkha-museum,Gandaki,Gorkha,Gorkha Museum,Museum,Gorkha Bazaar,5,Established,POINT,DYNAMIC_CHECK_REQUIRED,ENTRY_FEE;DYNAMIC,,provinces/gandaki/districts/gorkha.md,provinces/gandaki/visitor_ready/gorkha.md
np-gandaki-gorkha-gorakhkali-temple,Gandaki,Gorkha,Gorakhkali Temple,Religious site,Gorkha Durbar,5,Established,POINT,ROUTABLE,NONE,,provinces/gandaki/districts/gorkha.md,provinces/gandaki/visitor_ready/gorkha.md
np-gandaki-gorkha-gorakhnath-cave,Gandaki,Gorkha,Gorakhnath Cave,Cave / religious site,Gorkha Durbar,4,Established,POINT,ROUTABLE,NONE,,provinces/gandaki/districts/gorkha.md,provinces/gandaki/visitor_ready/gorkha.md
np-gandaki-gorkha-gorkha-bazaar,Gandaki,Gorkha,Gorkha Bazaar,Historic town,Gorkha Municipality,4,Established,AREA,ROUTABLE,NONE,,provinces/gandaki/districts/gorkha.md,provinces/gandaki/visitor_ready/gorkha.md
np-gandaki-gorkha-manakamana-temple,Gandaki,Gorkha,Manakamana Temple,Religious site,Sahid Lakhan Rural Municipality,5,Established,POINT,ROUTABLE,OPERATOR_DEPENDENT,,provinces/gandaki/districts/gorkha.md,provinces/gandaki/visitor_ready/gorkha.md
np-gandaki-gorkha-manakamana-cable-car,Gandaki,Gorkha,Manakamana Cable Car,Transport / attraction,Kurintar–Manakamana,5,Established,ROUTE,DYNAMIC_CHECK_REQUIRED,OPERATOR_DEPENDENT;DYNAMIC,,provinces/gandaki/districts/gorkha.md,provinces/gandaki/visitor_ready/gorkha.md
np-gandaki-gorkha-manaslu-conservation-area,Gandaki,Gorkha,Manaslu Conservation Area,Protected area,Northern Gorkha,5,Government-managed,PROTECTED_AREA,ROUTABLE,RESTRICTED_AREA_PERMIT;PROTECTED_AREA_ENTRY;ENTRY_FEE,manaslu-conservation-area,provinces/gandaki/districts/gorkha.md,provinces/gandaki/visitor_ready/gorkha.md
np-gandaki-gorkha-manaslu-circuit-trek,Gandaki,Gorkha,Manaslu Circuit Trek,Trekking route,Northern Gorkha,5,Established,ROUTE,DYNAMIC_CHECK_REQUIRED,RESTRICTED_AREA_PERMIT;DYNAMIC,,provinces/gandaki/districts/gorkha.md,provinces/gandaki/visitor_ready/gorkha.md
np-gandaki-gorkha-larkya-la-pass,Gandaki,Gorkha,Larkya La Pass,Mountain pass,Manaslu route,5,Established,ROUTE,DYNAMIC_CHECK_REQUIRED,DYNAMIC,,provinces/gandaki/districts/gorkha.md,provinces/gandaki/visitor_ready/gorkha.md
np-gandaki-gorkha-manaslu-base-camp,Gandaki,Gorkha,Manaslu Base Camp,Mountain destination,Samagaun area,5,Established,AREA,DYNAMIC_CHECK_REQUIRED,DYNAMIC,,provinces/gandaki/districts/gorkha.md,provinces/gandaki/visitor_ready/gorkha.md
np-gandaki-gorkha-birendra-tal,Gandaki,Gorkha,Birendra Tal,Glacial lake,Samagaun,5,Established,WATER,ROUTABLE,NONE,,provinces/gandaki/districts/gorkha.md,provinces/gandaki/visitor_ready/gorkha.md
np-gandaki-gorkha-samagaun,Gandaki,Gorkha,Samagaun,Trekking / cultural village,Chumnubri,5,Established,ROUTE,DYNAMIC_CHECK_REQUIRED,DYNAMIC,,provinces/gandaki/districts/gorkha.md,provinces/gandaki/visitor_ready/gorkha.md
np-gandaki-gorkha-samdo,Gandaki,Gorkha,Samdo,Trekking / cultural village,Chumnubri,4,Established,ROUTE,DYNAMIC_CHECK_REQUIRED,DYNAMIC,,provinces/gandaki/districts/gorkha.md,provinces/gandaki/visitor_ready/gorkha.md
np-gandaki-gorkha-lho-village,Gandaki,Gorkha,Lho Village,Heritage village,Chumnubri,4,Established,AREA,DYNAMIC_CHECK_REQUIRED,DYNAMIC,,provinces/gandaki/districts/gorkha.md,provinces/gandaki/visitor_ready/gorkha.md
np-gandaki-gorkha-tsum-valley,Gandaki,Gorkha,Tsum Valley,Cultural / trekking landscape,Chumnubri,5,Restricted / established,CORRIDOR,ROUTABLE,RESTRICTED_AREA_PERMIT,,provinces/gandaki/districts/gorkha.md,provinces/gandaki/visitor_ready/gorkha.md
np-gandaki-gorkha-mu-gompa,Gandaki,Gorkha,Mu Gompa,Monastery,Tsum Valley,5,Established,POINT,DYNAMIC_CHECK_REQUIRED,DYNAMIC,,provinces/gandaki/districts/gorkha.md,provinces/gandaki/visitor_ready/gorkha.md
np-gandaki-gorkha-rachen-gompa,Gandaki,Gorkha,Rachen Gompa,Monastery,Tsum Valley,4,Established,POINT,DYNAMIC_CHECK_REQUIRED,DYNAMIC,,provinces/gandaki/districts/gorkha.md,provinces/gandaki/visitor_ready/gorkha.md
np-gandaki-gorkha-chumling,Gandaki,Gorkha,Chumling,Heritage village,Tsum Valley,4,Established,AREA,DYNAMIC_CHECK_REQUIRED,DYNAMIC,,provinces/gandaki/districts/gorkha.md,provinces/gandaki/visitor_ready/gorkha.md
np-gandaki-gorkha-chhokangparo,Gandaki,Gorkha,Chhokangparo,Heritage village,Tsum Valley,4,Established,AREA,DYNAMIC_CHECK_REQUIRED,DYNAMIC,,provinces/gandaki/districts/gorkha.md,provinces/gandaki/visitor_ready/gorkha.md
np-gandaki-gorkha-barpak,Gandaki,Gorkha,Barpak,Community tourism / heritage village,Barpak Sulikot,4,Established,AREA,ROUTABLE,DYNAMIC,,provinces/gandaki/districts/gorkha.md,provinces/gandaki/visitor_ready/gorkha.md
np-gandaki-gorkha-laprak,Gandaki,Gorkha,Laprak,Community tourism / heritage village,Dharche,4,Established,AREA,ROUTABLE,DYNAMIC,,provinces/gandaki/districts/gorkha.md,provinces/gandaki/visitor_ready/gorkha.md
np-gandaki-gorkha-budhi-gandaki-valley,Gandaki,Gorkha,Budhi Gandaki Valley,River / trekking corridor,Eastern Gorkha,5,Established,CORRIDOR,ROUTABLE,NONE,,provinces/gandaki/districts/gorkha.md,provinces/gandaki/visitor_ready/gorkha.md
np-gandaki-gorkha-jagat,Gandaki,Gorkha,Jagat,Trekking gateway,Manaslu route,4,Established,ROUTE,ROUTABLE,PROTECTED_AREA_ENTRY;ENTRY_FEE,,provinces/gandaki/districts/gorkha.md,provinces/gandaki/visitor_ready/gorkha.md
np-gandaki-gorkha-machha-khola,Gandaki,Gorkha,Machha Khola,Trekking gateway,Manaslu route,4,Established,ROUTE,ROUTABLE,NONE,,provinces/gandaki/districts/gorkha.md,provinces/gandaki/visitor_ready/gorkha.md
np-gandaki-gorkha-philim,Gandaki,Gorkha,Philim,Community tourism / trekking village,Chumnubri,4,Established,ROUTE,ROUTABLE,NONE,,provinces/gandaki/districts/gorkha.md,provinces/gandaki/visitor_ready/gorkha.md
np-gandaki-kaski-pokhara-lakeside,Gandaki,Kaski,Pokhara Lakeside,Urban tourism hub,Pokhara,5,Established,WATER,ROUTABLE,NONE,,provinces/gandaki/districts/kaski.md,provinces/gandaki/visitor_ready/kaski.md
np-gandaki-kaski-phewa-lake,Gandaki,Kaski,Phewa Lake,Lake / wetland,Pokhara,5,Established,WATER,ROUTABLE,OPERATOR_DEPENDENT;DYNAMIC,,provinces/gandaki/districts/kaski.md,provinces/gandaki/visitor_ready/kaski.md
np-gandaki-kaski-tal-barahi-temple,Gandaki,Kaski,Tal Barahi Temple,Religious site,"Phewa Lake, Pokhara",5,Established,POINT,DYNAMIC_CHECK_REQUIRED,DYNAMIC,,provinces/gandaki/districts/kaski.md,provinces/gandaki/visitor_ready/kaski.md
np-gandaki-kaski-world-peace-pagoda,Gandaki,Kaski,World Peace Pagoda,Religious site / viewpoint,Pokhara,5,Established,POINT,ROUTABLE,NONE,,provinces/gandaki/districts/kaski.md,provinces/gandaki/visitor_ready/kaski.md
np-gandaki-kaski-sarangkot,Gandaki,Kaski,Sarangkot,Viewpoint / adventure,Pokhara,5,Established,AREA,DYNAMIC_CHECK_REQUIRED,OPERATOR_DEPENDENT;DYNAMIC,,provinces/gandaki/districts/kaski.md,provinces/gandaki/visitor_ready/kaski.md
np-gandaki-kaski-devi-s-fall,Gandaki,Kaski,Devi's Fall,Waterfall,Pokhara,5,Established,POINT,ROUTABLE,DYNAMIC,,provinces/gandaki/districts/kaski.md,provinces/gandaki/visitor_ready/kaski.md
np-gandaki-kaski-gupteshwor-mahadev-cave,Gandaki,Kaski,Gupteshwor Mahadev Cave,Cave / religious site,Pokhara,5,Established,POINT,DYNAMIC_CHECK_REQUIRED,DYNAMIC,,provinces/gandaki/districts/kaski.md,provinces/gandaki/visitor_ready/kaski.md
np-gandaki-kaski-bindhyabasini-temple,Gandaki,Kaski,Bindhyabasini Temple,Religious site,Pokhara,4,Established,POINT,ROUTABLE,NONE,,provinces/gandaki/districts/kaski.md,provinces/gandaki/visitor_ready/kaski.md
np-gandaki-kaski-international-mountain-museum,Gandaki,Kaski,International Mountain Museum,Museum,Pokhara,5,Established,POINT,DYNAMIC_CHECK_REQUIRED,ENTRY_FEE;DYNAMIC,,provinces/gandaki/districts/kaski.md,provinces/gandaki/visitor_ready/kaski.md
np-gandaki-kaski-seti-river-gorge,Gandaki,Kaski,Seti River Gorge,Gorge / river,Pokhara,4,Established,CORRIDOR,ROUTABLE,NONE,,provinces/gandaki/districts/kaski.md,provinces/gandaki/visitor_ready/kaski.md
np-gandaki-kaski-mahendra-cave,Gandaki,Kaski,Mahendra Cave,Cave,Pokhara,4,Established,POINT,ROUTABLE,DYNAMIC,,provinces/gandaki/districts/kaski.md,provinces/gandaki/visitor_ready/kaski.md
np-gandaki-kaski-bat-cave-chamere-gufa,Gandaki,Kaski,Bat Cave (Chamere Gufa),Cave,Pokhara,4,Established,POINT,ROUTABLE,DYNAMIC,,provinces/gandaki/districts/kaski.md,provinces/gandaki/visitor_ready/kaski.md
np-gandaki-kaski-begnas-lake,Gandaki,Kaski,Begnas Lake,Lake / wetland,Lekhnath,5,Established,WATER,ROUTABLE,OPERATOR_DEPENDENT,,provinces/gandaki/districts/kaski.md,provinces/gandaki/visitor_ready/kaski.md
np-gandaki-kaski-rupa-lake,Gandaki,Kaski,Rupa Lake,Lake / wetland,Rupa–Pokhara area,4,Established,WATER,ROUTABLE,OPERATOR_DEPENDENT,,provinces/gandaki/districts/kaski.md,provinces/gandaki/visitor_ready/kaski.md
np-gandaki-kaski-khaste-lake,Gandaki,Kaski,Khaste Lake,Wetland,Pokhara,3,Established,WATER,ROUTABLE,OPERATOR_DEPENDENT,,provinces/gandaki/districts/kaski.md,provinces/gandaki/visitor_ready/kaski.md
np-gandaki-kaski-dipang-lake,Gandaki,Kaski,Dipang Lake,Wetland,Pokhara,3,Established,WATER,ROUTABLE,OPERATOR_DEPENDENT,,provinces/gandaki/districts/kaski.md,provinces/gandaki/visitor_ready/kaski.md
np-gandaki-kaski-gunde-lake,Gandaki,Kaski,Gunde Lake,Wetland,Pokhara,2,Needs local verification,HOLD,ROUTING_HOLD,DYNAMIC,,provinces/gandaki/districts/kaski.md,provinces/gandaki/visitor_ready/kaski.md
np-gandaki-kaski-maidi-lake,Gandaki,Kaski,Maidi Lake,Wetland,Pokhara,2,Needs local verification,HOLD,ROUTING_HOLD,DYNAMIC,,provinces/gandaki/districts/kaski.md,provinces/gandaki/visitor_ready/kaski.md
np-gandaki-kaski-pumdikot-shiva-statue,Gandaki,Kaski,Pumdikot Shiva Statue,Religious site / viewpoint,Pokhara,4,Established,POINT,ROUTABLE,NONE,,provinces/gandaki/districts/kaski.md,provinces/gandaki/visitor_ready/kaski.md
np-gandaki-kaski-kahun-danda,Gandaki,Kaski,Kahun Danda,Viewpoint,Pokhara,3,Established,AREA,ROUTABLE,NONE,,provinces/gandaki/districts/kaski.md,provinces/gandaki/visitor_ready/kaski.md
np-gandaki-kaski-kaskikot,Gandaki,Kaski,Kaskikot,Historical site / viewpoint,Pokhara,3,Established,AREA,ROUTABLE,NONE,,provinces/gandaki/districts/kaski.md,provinces/gandaki/visitor_ready/kaski.md
np-gandaki-kaski-naudanda,Gandaki,Kaski,Naudanda,Viewpoint / village,Annapurna Rural Municipality,3,Established,AREA,ROUTABLE,NONE,,provinces/gandaki/districts/kaski.md,provinces/gandaki/visitor_ready/kaski.md
np-gandaki-kaski-dhampus,Gandaki,Kaski,Dhampus,Community tourism / trekking village,Machhapuchchhre Rural Municipality,4,Established,ROUTE,DYNAMIC_CHECK_REQUIRED,DYNAMIC,,provinces/gandaki/districts/kaski.md,provinces/gandaki/visitor_ready/kaski.md
np-gandaki-kaski-australian-camp,Gandaki,Kaski,Australian Camp,Trekking / viewpoint,Kaski,4,Established,ROUTE,ROUTABLE,NONE,,provinces/gandaki/districts/kaski.md,provinces/gandaki/visitor_ready/kaski.md
np-gandaki-kaski-mardi-himal-trek,Gandaki,Kaski,Mardi Himal Trek,Trekking area,Machhapuchchhre Rural Municipality,5,Established,ROUTE,DYNAMIC_CHECK_REQUIRED,ENTRY_FEE;DYNAMIC,,provinces/gandaki/districts/kaski.md,provinces/gandaki/visitor_ready/kaski.md
np-gandaki-kaski-annapurna-base-camp-route-kaski-section,Gandaki,Kaski,Annapurna Base Camp route (Kaski section),Trekking area,Annapurna / Machhapuchchhre,5,Protected / established,ROUTE,ROUTABLE,NONE,,provinces/gandaki/districts/kaski.md,provinces/gandaki/visitor_ready/kaski.md
np-gandaki-kaski-machhapuchchhre-base-camp,Gandaki,Kaski,Machhapuchchhre Base Camp,Mountain destination,Annapurna Sanctuary,5,Established,ROUTE,DYNAMIC_CHECK_REQUIRED,DYNAMIC,,provinces/gandaki/districts/kaski.md,provinces/gandaki/visitor_ready/kaski.md
np-gandaki-kaski-ghandruk,Gandaki,Kaski,Ghandruk,Community tourism / heritage village,Annapurna Rural Municipality,5,Established,AREA,DYNAMIC_CHECK_REQUIRED,DYNAMIC,,provinces/gandaki/districts/kaski.md,provinces/gandaki/visitor_ready/kaski.md
np-gandaki-kaski-landruk,Gandaki,Kaski,Landruk,Community tourism / trekking village,Annapurna Rural Municipality,4,Established,ROUTE,DYNAMIC_CHECK_REQUIRED,DYNAMIC,,provinces/gandaki/districts/kaski.md,provinces/gandaki/visitor_ready/kaski.md
np-gandaki-kaski-panchase-landscape-kaski-sector,Gandaki,Kaski,Panchase landscape (Kaski sector),Forest / trekking / viewpoint,Western Kaski,4,Established,ROUTE,ROUTABLE,NONE,,provinces/gandaki/districts/kaski.md,provinces/gandaki/visitor_ready/kaski.md
np-gandaki-kaski-pokhara-old-bazaar,Gandaki,Kaski,Pokhara Old Bazaar,Historical / cultural place,Pokhara,4,Established,AREA,ROUTABLE,NONE,,provinces/gandaki/districts/kaski.md,provinces/gandaki/visitor_ready/kaski.md
np-gandaki-kaski-tashi-palkhel-tibetan-settlement,Gandaki,Kaski,Tashi Palkhel Tibetan Settlement,Cultural place,Hemja area,4,Established,AREA,DYNAMIC_CHECK_REQUIRED,DYNAMIC,,provinces/gandaki/districts/kaski.md,provinces/gandaki/visitor_ready/kaski.md
np-gandaki-lamjung-besisahar,Gandaki,Lamjung,Besisahar,Gateway town,Besisahar,4,Established,AREA,ROUTABLE,NONE,,provinces/gandaki/districts/lamjung.md,provinces/gandaki/visitor_ready/lamjung.md
np-gandaki-lamjung-annapurna-circuit-lamjung-section,Gandaki,Lamjung,Annapurna Circuit (Lamjung section),Trekking route,Besisahar–Marsyangdi corridor,5,Established,ROUTE,ROUTABLE,DYNAMIC,,provinces/gandaki/districts/lamjung.md,provinces/gandaki/visitor_ready/lamjung.md
np-gandaki-lamjung-marsyangdi-river-valley,Gandaki,Lamjung,Marsyangdi River Valley,River / scenic corridor,Eastern Lamjung,5,Established,CORRIDOR,ROUTABLE,NONE,,provinces/gandaki/districts/lamjung.md,provinces/gandaki/visitor_ready/lamjung.md
np-gandaki-lamjung-ghalegaun,Gandaki,Lamjung,Ghalegaun,Community tourism / heritage village,Kwholasothar,5,Established,AREA,DYNAMIC_CHECK_REQUIRED,DYNAMIC,,provinces/gandaki/districts/lamjung.md,provinces/gandaki/visitor_ready/lamjung.md
np-gandaki-lamjung-bhujung,Gandaki,Lamjung,Bhujung,Community tourism / heritage village,Kwholasothar,4,Established,AREA,ROUTABLE,NONE,,provinces/gandaki/districts/lamjung.md,provinces/gandaki/visitor_ready/lamjung.md
np-gandaki-lamjung-pasgaun,Gandaki,Lamjung,Pasgaun,Community tourism,Kwholasothar,4,Established,AREA,ROUTABLE,NONE,,provinces/gandaki/districts/lamjung.md,provinces/gandaki/visitor_ready/lamjung.md
np-gandaki-lamjung-ghanpokhara,Gandaki,Lamjung,Ghanpokhara,Community tourism / viewpoint,Kwholasothar,4,Established,AREA,ROUTABLE,NONE,,provinces/gandaki/districts/lamjung.md,provinces/gandaki/visitor_ready/lamjung.md
np-gandaki-lamjung-rainaskot,Gandaki,Lamjung,Rainaskot,Historical site / viewpoint,Rainas,4,Established,AREA,ROUTABLE,NONE,,provinces/gandaki/districts/lamjung.md,provinces/gandaki/visitor_ready/lamjung.md
np-gandaki-lamjung-lamjung-durbar,Gandaki,Lamjung,Lamjung Durbar,Palace / historical site,Gaunshahar,4,Established,POINT,DYNAMIC_CHECK_REQUIRED,DYNAMIC,,provinces/gandaki/districts/lamjung.md,provinces/gandaki/visitor_ready/lamjung.md
np-gandaki-lamjung-gaunshahar,Gandaki,Lamjung,Gaunshahar,Heritage settlement,Besisahar area,3,Established,AREA,ROUTABLE,NONE,,provinces/gandaki/districts/lamjung.md,provinces/gandaki/visitor_ready/lamjung.md
np-gandaki-lamjung-kunchha,Gandaki,Lamjung,Kunchha,Historic town,Madhya Nepal,3,Established,AREA,ROUTABLE,NONE,,provinces/gandaki/districts/lamjung.md,provinces/gandaki/visitor_ready/lamjung.md
np-gandaki-lamjung-dordi-river-valley,Gandaki,Lamjung,Dordi River Valley,River / nature corridor,Dordi,3,Established,CORRIDOR,ROUTABLE,NONE,,provinces/gandaki/districts/lamjung.md,provinces/gandaki/visitor_ready/lamjung.md
np-gandaki-lamjung-midim-river-valley,Gandaki,Lamjung,Midim River Valley,River / community landscape,Central Lamjung,3,Established,CORRIDOR,ROUTABLE,NONE,,provinces/gandaki/districts/lamjung.md,provinces/gandaki/visitor_ready/lamjung.md
np-gandaki-lamjung-lamjung-himal-viewpoints,Gandaki,Lamjung,Lamjung Himal viewpoints,Mountain viewpoint,Northern Lamjung,5,Established,AREA,ROUTABLE,NONE,,provinces/gandaki/districts/lamjung.md,provinces/gandaki/visitor_ready/lamjung.md
np-gandaki-lamjung-himalchuli-viewpoints,Gandaki,Lamjung,Himalchuli viewpoints,Mountain viewpoint,Eastern Lamjung,4,Established,AREA,ROUTABLE,NONE,,provinces/gandaki/districts/lamjung.md,provinces/gandaki/visitor_ready/lamjung.md
np-gandaki-lamjung-nalma,Gandaki,Lamjung,Nalma,Community tourism village,Lamjung,3,First-round researched,HOLD,ROUTING_HOLD,DYNAMIC,,provinces/gandaki/districts/lamjung.md,provinces/gandaki/visitor_ready/lamjung.md
np-gandaki-lamjung-taksar,Gandaki,Lamjung,Taksar,Heritage settlement,Lamjung,3,First-round researched,HOLD,ROUTING_HOLD,DYNAMIC,,provinces/gandaki/districts/lamjung.md,provinces/gandaki/visitor_ready/lamjung.md
np-gandaki-lamjung-udipur,Gandaki,Lamjung,Udipur,Historic / gateway settlement,Besisahar area,3,Established,AREA,ROUTABLE,NONE,,provinces/gandaki/districts/lamjung.md,provinces/gandaki/visitor_ready/lamjung.md
np-gandaki-manang-annapurna-circuit-manang-section,Gandaki,Manang,Annapurna Circuit (Manang section),Trekking route,Chame–Manang–Thorong,5,Established,ROUTE,ROUTABLE,DYNAMIC,,provinces/gandaki/districts/manang.md,provinces/gandaki/visitor_ready/manang.md
np-gandaki-manang-thorong-la-pass,Gandaki,Manang,Thorong La Pass,Mountain pass,Manang–Mustang boundary,5,Established,ROUTE,DYNAMIC_CHECK_REQUIRED,DYNAMIC,,provinces/gandaki/districts/manang.md,provinces/gandaki/visitor_ready/manang.md
np-gandaki-manang-tilicho-lake,Gandaki,Manang,Tilicho Lake,High-altitude lake,Khangsar area,5,Established,WATER,ROUTABLE,DYNAMIC,,provinces/gandaki/districts/manang.md,provinces/gandaki/visitor_ready/manang.md
np-gandaki-manang-tilicho-base-camp-route,Gandaki,Manang,Tilicho Base Camp route,Trekking route,Khangsar,5,Established,ROUTE,ROUTABLE,DYNAMIC,,provinces/gandaki/districts/manang.md,provinces/gandaki/visitor_ready/manang.md
np-gandaki-manang-manang-village,Gandaki,Manang,Manang Village,Heritage / trekking village,Nisyang,5,Established,ROUTE,ROUTABLE,NONE,,provinces/gandaki/districts/manang.md,provinces/gandaki/visitor_ready/manang.md
np-gandaki-manang-braga-village-and-monastery,Gandaki,Manang,Braga Village and Monastery,Heritage / monastery,Nisyang,5,Established,AREA,ROUTABLE,NONE,,provinces/gandaki/districts/manang.md,provinces/gandaki/visitor_ready/manang.md
np-gandaki-manang-ngawal,Gandaki,Manang,Ngawal,Heritage village / viewpoint,Nisyang,4,Established,AREA,ROUTABLE,NONE,,provinces/gandaki/districts/manang.md,provinces/gandaki/visitor_ready/manang.md
np-gandaki-manang-upper-pisang,Gandaki,Manang,Upper Pisang,Heritage village,Nisyang,4,Established,AREA,ROUTABLE,NONE,,provinces/gandaki/districts/manang.md,provinces/gandaki/visitor_ready/manang.md
np-gandaki-manang-khangsar,Gandaki,Manang,Khangsar,Trekking village,Nisyang,4,Established,ROUTE,ROUTABLE,NONE,,provinces/gandaki/districts/manang.md,provinces/gandaki/visitor_ready/manang.md
np-gandaki-manang-gangapurna-lake-and-glacier,Gandaki,Manang,Gangapurna Lake and Glacier,Lake / glacier,Manang,5,Established,WATER,ROUTABLE,NONE,,provinces/gandaki/districts/manang.md,provinces/gandaki/visitor_ready/manang.md
np-gandaki-manang-ice-lake-kicho-tal,Gandaki,Manang,Ice Lake (Kicho Tal),High-altitude lake,Manang area,4,Established,WATER,DYNAMIC_CHECK_REQUIRED,DYNAMIC,,provinces/gandaki/districts/manang.md,provinces/gandaki/visitor_ready/manang.md
np-gandaki-manang-milarepa-cave,Gandaki,Manang,Milarepa Cave,Cave / religious site,Manang area,4,First-round researched,HOLD,ROUTING_HOLD,NONE,,provinces/gandaki/districts/manang.md,provinces/gandaki/visitor_ready/manang.md
np-gandaki-manang-praken-gompa,Gandaki,Manang,Praken Gompa,Monastery / viewpoint,Manang,4,Established,POINT,DYNAMIC_CHECK_REQUIRED,DYNAMIC,,provinces/gandaki/districts/manang.md,provinces/gandaki/visitor_ready/manang.md
np-gandaki-manang-chame,Gandaki,Manang,Chame,District gateway,Chame,4,Established,AREA,ROUTABLE,NONE,,provinces/gandaki/districts/manang.md,provinces/gandaki/visitor_ready/manang.md
np-gandaki-manang-humde-airstrip,Gandaki,Manang,Humde Airstrip,Transport / viewpoint,Nisyang,3,Established,POINT,ROUTABLE,DYNAMIC,,provinces/gandaki/districts/manang.md,provinces/gandaki/visitor_ready/manang.md
np-gandaki-manang-yak-kharka,Gandaki,Manang,Yak Kharka,Trekking settlement,Thorong route,4,Established,ROUTE,ROUTABLE,DYNAMIC,,provinces/gandaki/districts/manang.md,provinces/gandaki/visitor_ready/manang.md
np-gandaki-manang-thorong-phedi,Gandaki,Manang,Thorong Phedi,Trekking settlement,Thorong route,4,Established,ROUTE,ROUTABLE,DYNAMIC,,provinces/gandaki/districts/manang.md,provinces/gandaki/visitor_ready/manang.md
np-gandaki-manang-chulu-east-and-west-landscape,Gandaki,Manang,Chulu East and West landscape,Mountain destination,Nisyang,5,Established,AREA,ROUTABLE,CLIMBING_PERMIT;ENTRY_FEE,,provinces/gandaki/districts/manang.md,provinces/gandaki/visitor_ready/manang.md
np-gandaki-manang-pisang-peak,Gandaki,Manang,Pisang Peak,Mountain destination,Pisang,5,Established,POINT,DYNAMIC_CHECK_REQUIRED,CLIMBING_PERMIT;DYNAMIC,,provinces/gandaki/districts/manang.md,provinces/gandaki/visitor_ready/manang.md
np-gandaki-manang-nar-phu-access-corridor,Gandaki,Manang,Nar–Phu access corridor,Trekking route,Koto area,5,Restricted / established,CORRIDOR,ROUTABLE,RESTRICTED_AREA_PERMIT,,provinces/gandaki/districts/manang.md,provinces/gandaki/visitor_ready/manang.md
np-gandaki-mustang-lo-manthang,Gandaki,Mustang,Lo Manthang,Walled heritage town,Upper Mustang,5,Established,AREA,ROUTABLE,RESTRICTED_AREA_PERMIT,,provinces/gandaki/districts/mustang.md,provinces/gandaki/visitor_ready/mustang.md
np-gandaki-mustang-lo-manthang-royal-palace,Gandaki,Mustang,Lo Manthang Royal Palace,Palace / monument,Lo Manthang,5,Established,POINT,DYNAMIC_CHECK_REQUIRED,DYNAMIC,,provinces/gandaki/districts/mustang.md,provinces/gandaki/visitor_ready/mustang.md
np-gandaki-mustang-jampa-monastery,Gandaki,Mustang,Jampa Monastery,Monastery,Lo Manthang,5,Established,POINT,DYNAMIC_CHECK_REQUIRED,ENTRY_FEE;DYNAMIC,,provinces/gandaki/districts/mustang.md,provinces/gandaki/visitor_ready/mustang.md
np-gandaki-mustang-thubchen-monastery,Gandaki,Mustang,Thubchen Monastery,Monastery,Lo Manthang,5,Established,POINT,ROUTING_HOLD,NONE,,provinces/gandaki/districts/mustang.md,provinces/gandaki/visitor_ready/mustang.md
np-gandaki-mustang-chhoser-cave-complex,Gandaki,Mustang,Chhoser Cave Complex,Caves / archaeology,Lo Manthang area,5,Established,AREA,ROUTABLE,NONE,,provinces/gandaki/districts/mustang.md,provinces/gandaki/visitor_ready/mustang.md
np-gandaki-mustang-niphu-and-garphu-monasteries,Gandaki,Mustang,Niphu and Garphu monasteries,Monasteries,Chhoser,4,Established,POINT,ROUTABLE,NONE,,provinces/gandaki/districts/mustang.md,provinces/gandaki/visitor_ready/mustang.md
np-gandaki-mustang-tsarang-charang,Gandaki,Mustang,Tsarang (Charang),Heritage village,Upper Mustang,4,Established,AREA,ROUTABLE,NONE,,provinces/gandaki/districts/mustang.md,provinces/gandaki/visitor_ready/mustang.md
np-gandaki-mustang-ghami,Gandaki,Mustang,Ghami,Heritage village,Upper Mustang,4,Established,AREA,ROUTABLE,NONE,,provinces/gandaki/districts/mustang.md,provinces/gandaki/visitor_ready/mustang.md
np-gandaki-mustang-dhakmar,Gandaki,Mustang,Dhakmar,Geological landscape / village,Upper Mustang,4,Established,AREA,ROUTABLE,NONE,,provinces/gandaki/districts/mustang.md,provinces/gandaki/visitor_ready/mustang.md
np-gandaki-mustang-ghar-gompa,Gandaki,Mustang,Ghar Gompa,Monastery,Upper Mustang,4,Established,POINT,DYNAMIC_CHECK_REQUIRED,DYNAMIC,,provinces/gandaki/districts/mustang.md,provinces/gandaki/visitor_ready/mustang.md
np-gandaki-mustang-luri-gompa,Gandaki,Mustang,Luri Gompa,Cave monastery,Upper Mustang,5,Established,POINT,DYNAMIC_CHECK_REQUIRED,DYNAMIC,,provinces/gandaki/districts/mustang.md,provinces/gandaki/visitor_ready/mustang.md
np-gandaki-mustang-damodar-kunda,Gandaki,Mustang,Damodar Kunda,Sacred lakes / pilgrimage,Upper Mustang,5,Established,WATER,ROUTABLE,RESTRICTED_AREA_PERMIT;DYNAMIC,,provinces/gandaki/districts/mustang.md,provinces/gandaki/visitor_ready/mustang.md
np-gandaki-mustang-muktinath-temple,Gandaki,Mustang,Muktinath Temple,Religious site,Baragung Muktichhetra,5,Established,AREA,ROUTABLE,RESTRICTED_AREA_PERMIT,,provinces/gandaki/districts/mustang.md,provinces/gandaki/visitor_ready/mustang.md
np-gandaki-mustang-jwala-mai-temple,Gandaki,Mustang,Jwala Mai Temple,Religious site,Muktinath,5,Established,POINT,ROUTABLE,NONE,,provinces/gandaki/districts/mustang.md,provinces/gandaki/visitor_ready/mustang.md
np-gandaki-mustang-kagbeni-old-village,Gandaki,Mustang,Kagbeni Old Village,Heritage village,Baragung Muktichhetra,5,Established,AREA,ROUTABLE,RESTRICTED_AREA_PERMIT,,provinces/gandaki/districts/mustang.md,provinces/gandaki/visitor_ready/mustang.md
np-gandaki-mustang-kali-gandaki-fossil-corridor,Gandaki,Mustang,Kali Gandaki fossil corridor,River / geological site,Kagbeni–Jomsom–Tukuche,5,Established,CORRIDOR,ROUTABLE,DYNAMIC,,provinces/gandaki/districts/mustang.md,provinces/gandaki/visitor_ready/mustang.md
np-gandaki-mustang-jomsom,Gandaki,Mustang,Jomsom,Gateway town,Gharapjhong,5,Established,AREA,ROUTABLE,NONE,,provinces/gandaki/districts/mustang.md,provinces/gandaki/visitor_ready/mustang.md
np-gandaki-mustang-marpha,Gandaki,Mustang,Marpha,Heritage / agro-tourism village,Gharapjhong,5,Established,AREA,ROUTABLE,NONE,,provinces/gandaki/districts/mustang.md,provinces/gandaki/visitor_ready/mustang.md
np-gandaki-mustang-tukuche,Gandaki,Mustang,Tukuche,Heritage village,Thasang,4,Established,AREA,ROUTABLE,NONE,,provinces/gandaki/districts/mustang.md,provinces/gandaki/visitor_ready/mustang.md
np-gandaki-mustang-dhumba-lake,Gandaki,Mustang,Dhumba Lake,Lake,Jomsom area,4,Established,WATER,ROUTABLE,DYNAMIC,,provinces/gandaki/districts/mustang.md,provinces/gandaki/visitor_ready/mustang.md
np-gandaki-mustang-kali-gandaki-gorge-mustang-sector,Gandaki,Mustang,Kali Gandaki Gorge (Mustang sector),Gorge / river landscape,Lower Mustang,5,Established,CORRIDOR,ROUTABLE,NONE,,provinces/gandaki/districts/mustang.md,provinces/gandaki/visitor_ready/mustang.md
np-gandaki-mustang-upper-mustang-trek,Gandaki,Mustang,Upper Mustang Trek,Trekking area,Upper Mustang,5,Restricted / established,ROUTE,DYNAMIC_CHECK_REQUIRED,RESTRICTED_AREA_PERMIT;BORDER_CONTROL;DYNAMIC,,provinces/gandaki/districts/mustang.md,provinces/gandaki/visitor_ready/mustang.md
np-gandaki-mustang-annapurna-circuit-mustang-section,Gandaki,Mustang,Annapurna Circuit (Mustang section),Trekking route,Muktinath–Jomsom,5,Established,ROUTE,ROUTABLE,NONE,,provinces/gandaki/districts/mustang.md,provinces/gandaki/visitor_ready/mustang.md
np-gandaki-mustang-thorong-la-approach-mustang-side,Gandaki,Mustang,Thorong La approach (Mustang side),Mountain pass route,Muktinath area,5,Established,ROUTE,DYNAMIC_CHECK_REQUIRED,DYNAMIC,,provinces/gandaki/districts/mustang.md,provinces/gandaki/visitor_ready/mustang.md
np-gandaki-mustang-tiji-festival-landscape,Gandaki,Mustang,Tiji Festival landscape,Festival / cultural heritage,Lo Manthang,5,Established,AREA,DYNAMIC_CHECK_REQUIRED,DYNAMIC,,provinces/gandaki/districts/mustang.md,provinces/gandaki/visitor_ready/mustang.md
np-gandaki-myagdi-beni-bazaar,Gandaki,Myagdi,Beni Bazaar,Historic town / gateway,Beni,4,Established,AREA,ROUTABLE,NONE,,provinces/gandaki/districts/myagdi.md,provinces/gandaki/visitor_ready/myagdi.md
np-gandaki-myagdi-galeshwor-mahadev-temple,Gandaki,Myagdi,Galeshwor Mahadev Temple,Religious site,Beni area,5,Established,POINT,DYNAMIC_CHECK_REQUIRED,DYNAMIC,,provinces/gandaki/districts/myagdi.md,provinces/gandaki/visitor_ready/myagdi.md
np-gandaki-myagdi-tatopani-hot-spring,Gandaki,Myagdi,Tatopani Hot Spring,Hot spring,Annapurna Rural Municipality,5,Established,AREA,DYNAMIC_CHECK_REQUIRED,ENTRY_FEE;DYNAMIC,,provinces/gandaki/districts/myagdi.md,provinces/gandaki/visitor_ready/myagdi.md
np-gandaki-myagdi-rupse-waterfall,Gandaki,Myagdi,Rupse Waterfall,Waterfall,Annapurna Rural Municipality,5,Established,POINT,DYNAMIC_CHECK_REQUIRED,DYNAMIC,,provinces/gandaki/districts/myagdi.md,provinces/gandaki/visitor_ready/myagdi.md
np-gandaki-myagdi-kali-gandaki-gorge-myagdi-sector,Gandaki,Myagdi,Kali Gandaki Gorge (Myagdi sector),Gorge / river,Northern Myagdi,5,Established,CORRIDOR,ROUTABLE,NONE,,provinces/gandaki/districts/myagdi.md,provinces/gandaki/visitor_ready/myagdi.md
np-gandaki-myagdi-ghorepani,Gandaki,Myagdi,Ghorepani,Trekking village,Annapurna Rural Municipality,5,Established,ROUTE,ROUTABLE,NONE,,provinces/gandaki/districts/myagdi.md,provinces/gandaki/visitor_ready/myagdi.md
np-gandaki-myagdi-poon-hill,Gandaki,Myagdi,Poon Hill,Viewpoint / trekking,Ghorepani area,5,Established,ROUTE,ROUTABLE,ENTRY_FEE;DYNAMIC,,provinces/gandaki/districts/myagdi.md,provinces/gandaki/visitor_ready/myagdi.md
np-gandaki-myagdi-dhaulagiri-circuit,Gandaki,Myagdi,Dhaulagiri Circuit,Trekking route,Western / northern Myagdi,5,Established,ROUTE,DYNAMIC_CHECK_REQUIRED,DYNAMIC,,provinces/gandaki/districts/myagdi.md,provinces/gandaki/visitor_ready/myagdi.md
np-gandaki-myagdi-dhaulagiri-base-camp,Gandaki,Myagdi,Dhaulagiri Base Camp,Mountain destination,Dhaulagiri region,5,Established,AREA,ROUTABLE,NONE,,provinces/gandaki/districts/myagdi.md,provinces/gandaki/visitor_ready/myagdi.md
np-gandaki-myagdi-italian-base-camp,Gandaki,Myagdi,Italian Base Camp,Trekking camp,Dhaulagiri route,4,Established,ROUTE,ROUTABLE,DYNAMIC,,provinces/gandaki/districts/myagdi.md,provinces/gandaki/visitor_ready/myagdi.md
np-gandaki-myagdi-french-pass-and-hidden-valley,Gandaki,Myagdi,French Pass and Hidden Valley,Mountain pass / valley,Dhaulagiri route,5,Established,CORRIDOR,ROUTING_HOLD,NONE,,provinces/gandaki/districts/myagdi.md,provinces/gandaki/visitor_ready/myagdi.md
np-gandaki-myagdi-narchyang-waterfall,Gandaki,Myagdi,Narchyang Waterfall,Waterfall,Narchyang,4,Established,HOLD,ROUTING_HOLD,NONE,,provinces/gandaki/districts/myagdi.md,provinces/gandaki/visitor_ready/myagdi.md
np-gandaki-myagdi-narchyang-village,Gandaki,Myagdi,Narchyang Village,Community tourism,Annapurna Rural Municipality,4,Established,AREA,ROUTABLE,NONE,,provinces/gandaki/districts/myagdi.md,provinces/gandaki/visitor_ready/myagdi.md
np-gandaki-myagdi-paudwar,Gandaki,Myagdi,Paudwar,Community tourism,Annapurna Rural Municipality,3,Established,AREA,ROUTABLE,NONE,,provinces/gandaki/districts/myagdi.md,provinces/gandaki/visitor_ready/myagdi.md
np-gandaki-myagdi-khopra-ridge-route,Gandaki,Myagdi,Khopra Ridge route,Trekking / viewpoint,Myagdi sector,5,Established,ROUTE,DYNAMIC_CHECK_REQUIRED,DYNAMIC,,provinces/gandaki/districts/myagdi.md,provinces/gandaki/visitor_ready/myagdi.md
np-gandaki-myagdi-gurja-khani,Gandaki,Myagdi,Gurja Khani,Remote heritage village,Dhawalagiri Rural Municipality,4,Established,AREA,ROUTABLE,NONE,,provinces/gandaki/districts/myagdi.md,provinces/gandaki/visitor_ready/myagdi.md
np-gandaki-myagdi-gurja-himal-landscape,Gandaki,Myagdi,Gurja Himal landscape,Mountain destination,Western Myagdi,5,Established,AREA,ROUTABLE,NONE,,provinces/gandaki/districts/myagdi.md,provinces/gandaki/visitor_ready/myagdi.md
np-gandaki-myagdi-darbang,Gandaki,Myagdi,Darbang,Gateway town,Malika Rural Municipality,3,Established,AREA,ROUTABLE,NONE,,provinces/gandaki/districts/myagdi.md,provinces/gandaki/visitor_ready/myagdi.md
np-gandaki-myagdi-takam-kot,Gandaki,Myagdi,Takam Kot,Historical / religious site,Dhawalagiri area,3,First-round researched,HOLD,ROUTING_HOLD,NONE,,provinces/gandaki/districts/myagdi.md,provinces/gandaki/visitor_ready/myagdi.md
np-gandaki-myagdi-singa-tatopani,Gandaki,Myagdi,Singa Tatopani,Hot spring / community tourism,Beni area,4,Established,AREA,DYNAMIC_CHECK_REQUIRED,DYNAMIC,,provinces/gandaki/districts/myagdi.md,provinces/gandaki/visitor_ready/myagdi.md
np-gandaki-nawalpur-chitwan-national-park-nawalpur-sector,Gandaki,Nawalpur,Chitwan National Park (Nawalpur sector),Protected area,Southern Nawalpur,5,Government-managed,PROTECTED_AREA,DYNAMIC_CHECK_REQUIRED,PROTECTED_AREA_ENTRY;OPERATOR_DEPENDENT;ENTRY_FEE;DYNAMIC,,provinces/gandaki/districts/nawalpur.md,provinces/gandaki/visitor_ready/nawalpur.md
np-gandaki-nawalpur-narayani-river-corridor,Gandaki,Nawalpur,Narayani River Corridor,River / wildlife landscape,Southern Nawalpur,5,Established,CORRIDOR,ROUTABLE,NONE,,provinces/gandaki/districts/nawalpur.md,provinces/gandaki/visitor_ready/nawalpur.md
np-gandaki-nawalpur-amaltari-buffer-zone-community-tourism,Gandaki,Nawalpur,Amaltari Buffer Zone Community Tourism,Community tourism / wildlife,Kawasoti area,5,Established,AREA,DYNAMIC_CHECK_REQUIRED,OPERATOR_DEPENDENT;DYNAMIC,,provinces/gandaki/districts/nawalpur.md,provinces/gandaki/visitor_ready/nawalpur.md
np-gandaki-nawalpur-maula-kalika-temple,Gandaki,Nawalpur,Maula Kalika Temple,Religious site / viewpoint,Gaindakot,5,Established,POINT,ROUTABLE,NONE,,provinces/gandaki/districts/nawalpur.md,provinces/gandaki/visitor_ready/nawalpur.md
np-gandaki-nawalpur-devchuli-hill,Gandaki,Nawalpur,Devchuli Hill,Mountain / viewpoint / religious landscape,Devchuli,4,Established,AREA,DYNAMIC_CHECK_REQUIRED,DYNAMIC,,provinces/gandaki/districts/nawalpur.md,provinces/gandaki/visitor_ready/nawalpur.md
np-gandaki-nawalpur-devchuli-cultural-religious-sites,Gandaki,Nawalpur,Devchuli cultural-religious sites,Religious / cultural landscape,Devchuli,3,First-round researched,AREA,ROUTABLE,NONE,,provinces/gandaki/districts/nawalpur.md,provinces/gandaki/visitor_ready/nawalpur.md
np-gandaki-nawalpur-triveni-dham,Gandaki,Nawalpur,Triveni Dham,Pilgrimage site,Binayi Triveni,5,Established,AREA,ROUTABLE,BORDER_CONTROL,,provinces/gandaki/districts/nawalpur.md,provinces/gandaki/visitor_ready/nawalpur.md
np-gandaki-nawalpur-gandak-barrage-triveni-river-landscape,Gandaki,Nawalpur,Gandak Barrage / Triveni river landscape,River / infrastructure,Binayi Triveni,4,Established,CORRIDOR,DYNAMIC_CHECK_REQUIRED,BORDER_CONTROL;DYNAMIC,,provinces/gandaki/districts/nawalpur.md,provinces/gandaki/visitor_ready/nawalpur.md
np-gandaki-nawalpur-daunne-hill-eastern-approaches,Gandaki,Nawalpur,Daunne Hill (eastern approaches),Hill / religious corridor,Binayi Triveni area,3,Established,CORRIDOR,ROUTABLE,NONE,,provinces/gandaki/districts/nawalpur.md,provinces/gandaki/visitor_ready/nawalpur.md
np-gandaki-nawalpur-kawasoti,Gandaki,Nawalpur,Kawasoti,Gateway town,Kawasoti,4,Established,AREA,ROUTABLE,NONE,,provinces/gandaki/districts/nawalpur.md,provinces/gandaki/visitor_ready/nawalpur.md
np-gandaki-nawalpur-gaindakot,Gandaki,Nawalpur,Gaindakot,Urban / river gateway,Gaindakot,4,Established,CORRIDOR,ROUTABLE,NONE,,provinces/gandaki/districts/nawalpur.md,provinces/gandaki/visitor_ready/nawalpur.md
np-gandaki-nawalpur-madhyabindu-wetlands,Gandaki,Nawalpur,Madhyabindu wetlands,Wetland / birding,Madhyabindu,3,First-round researched,HOLD,ROUTING_HOLD,NONE,,provinces/gandaki/districts/nawalpur.md,provinces/gandaki/visitor_ready/nawalpur.md
np-gandaki-nawalpur-gundrahi-dhakaha-buffer-zone,Gandaki,Nawalpur,Gundrahi Dhakaha Buffer Zone,Community forest / wildlife,Nawalpur,3,First-round researched,HOLD,ROUTING_HOLD,DYNAMIC,,provinces/gandaki/districts/nawalpur.md,provinces/gandaki/visitor_ready/nawalpur.md
np-gandaki-nawalpur-namuna-buffer-zone-community-forest,Gandaki,Nawalpur,Namuna Buffer Zone Community Forest,Community forest / wildlife,Nawalpur,3,First-round researched,HOLD,ROUTING_HOLD,DYNAMIC,,provinces/gandaki/districts/nawalpur.md,provinces/gandaki/visitor_ready/nawalpur.md
np-gandaki-nawalpur-tharu-cultural-villages,Gandaki,Nawalpur,Tharu cultural villages,Community tourism / culture,Southern Nawalpur,4,Needs local verification,AREA,ROUTABLE,DYNAMIC,,provinces/gandaki/districts/nawalpur.md,provinces/gandaki/visitor_ready/nawalpur.md
np-gandaki-nawalpur-bote-and-majhi-fishing-communities,Gandaki,Nawalpur,Bote and Majhi fishing communities,Cultural landscape,Narayani corridor,3,Needs local verification,CORRIDOR,ROUTABLE,NONE,,provinces/gandaki/districts/nawalpur.md,provinces/gandaki/visitor_ready/nawalpur.md
np-gandaki-nawalpur-hupsekot-highlands,Gandaki,Nawalpur,Hupsekot highlands,Viewpoint / community tourism,Hupsekot,3,First-round researched,AREA,ROUTABLE,NONE,,provinces/gandaki/districts/nawalpur.md,provinces/gandaki/visitor_ready/nawalpur.md
np-gandaki-nawalpur-bulingtar-hill-landscape,Gandaki,Nawalpur,Bulingtar hill landscape,Community / natural attraction,Bulingtar,3,First-round researched,AREA,ROUTABLE,NONE,,provinces/gandaki/districts/nawalpur.md,provinces/gandaki/visitor_ready/nawalpur.md
np-gandaki-nawalpur-binayi-khola-corridor,Gandaki,Nawalpur,Binayi Khola corridor,River / natural attraction,Binayi Triveni,2,Needs local verification,HOLD,ROUTING_HOLD,DYNAMIC,,provinces/gandaki/districts/nawalpur.md,provinces/gandaki/visitor_ready/nawalpur.md
np-gandaki-nawalpur-narayani-river-islands-and-bird-sites,Gandaki,Nawalpur,Narayani river islands and bird sites,Wetland / wildlife,Southern Nawalpur,4,Needs local verification,WATER,DYNAMIC_CHECK_REQUIRED,DYNAMIC,,provinces/gandaki/districts/nawalpur.md,provinces/gandaki/visitor_ready/nawalpur.md
np-gandaki-parbat-kushma,Gandaki,Parbat,Kushma,Adventure / gateway town,Kushma,5,Established,AREA,ROUTABLE,NONE,,provinces/gandaki/districts/parbat.md,provinces/gandaki/visitor_ready/parbat.md
np-gandaki-parbat-the-cliff-nepal-complex,Gandaki,Parbat,The Cliff Nepal complex,Adventure attraction,Kushma–Baglung corridor,5,Established,POINT,DYNAMIC_CHECK_REQUIRED,DYNAMIC,,provinces/gandaki/districts/parbat.md,provinces/gandaki/visitor_ready/parbat.md
np-gandaki-parbat-kushma-bungee-and-canyon-swing,Gandaki,Parbat,Kushma bungee and canyon swing,Adventure attraction,Kushma,5,Established,POINT,ROUTABLE,OPERATOR_DEPENDENT;DYNAMIC,,provinces/gandaki/districts/parbat.md,provinces/gandaki/visitor_ready/parbat.md
np-gandaki-parbat-kushma-suspension-bridges,Gandaki,Parbat,Kushma suspension bridges,Bridge / viewpoint,Kushma area,5,Established,ROUTE,ROUTABLE,NONE,,provinces/gandaki/districts/parbat.md,provinces/gandaki/visitor_ready/parbat.md
np-gandaki-parbat-kali-gandaki-gorge-parbat-sector,Gandaki,Parbat,Kali Gandaki Gorge (Parbat sector),Gorge / river,Western Parbat,5,Established,CORRIDOR,ROUTABLE,NONE,,provinces/gandaki/districts/parbat.md,provinces/gandaki/visitor_ready/parbat.md
np-gandaki-parbat-modi-river-valley,Gandaki,Parbat,Modi River Valley,River / scenic corridor,Northern Parbat,4,Established,CORRIDOR,ROUTABLE,NONE,,provinces/gandaki/districts/parbat.md,provinces/gandaki/visitor_ready/parbat.md
np-gandaki-parbat-gupteshwor-cave-parbat,Gandaki,Parbat,"Gupteshwor Cave, Parbat",Cave / religious site,Kushma area,4,Established,POINT,ROUTABLE,NONE,,provinces/gandaki/districts/parbat.md,provinces/gandaki/visitor_ready/parbat.md
np-gandaki-parbat-alapeshwar-cave,Gandaki,Parbat,Alapeshwar Cave,Cave / religious site,Parbat,3,First-round researched,HOLD,ROUTING_HOLD,NONE,,provinces/gandaki/districts/parbat.md,provinces/gandaki/visitor_ready/parbat.md
np-gandaki-parbat-mahashila,Gandaki,Parbat,Mahashila,Geological / religious landscape,Mahashila,4,Established,AREA,ROUTABLE,NONE,,provinces/gandaki/districts/parbat.md,provinces/gandaki/visitor_ready/parbat.md
np-gandaki-parbat-mahashila-viewpoint,Gandaki,Parbat,Mahashila viewpoint,Viewpoint,Mahashila,3,Established,HOLD,ROUTING_HOLD,NONE,,provinces/gandaki/districts/parbat.md,provinces/gandaki/visitor_ready/parbat.md
np-gandaki-parbat-salija,Gandaki,Parbat,Salija,Community tourism / highland village,Jaljala,4,Established,AREA,ROUTABLE,NONE,,provinces/gandaki/districts/parbat.md,provinces/gandaki/visitor_ready/parbat.md
np-gandaki-parbat-jaljala-highland-parbat-sector,Gandaki,Parbat,Jaljala highland (Parbat sector),Trekking / landscape,Jaljala,4,Established,ROUTE,ROUTABLE,NONE,,provinces/gandaki/districts/parbat.md,provinces/gandaki/visitor_ready/parbat.md
np-gandaki-parbat-phalebas,Gandaki,Parbat,Phalebas,Historic town / community tourism,Phalebas,3,Established,AREA,ROUTABLE,NONE,,provinces/gandaki/districts/parbat.md,provinces/gandaki/visitor_ready/parbat.md
np-gandaki-parbat-pang,Gandaki,Parbat,Pang,Heritage village,Kushma area,3,Established,AREA,ROUTABLE,NONE,,provinces/gandaki/districts/parbat.md,provinces/gandaki/visitor_ready/parbat.md
np-gandaki-parbat-chitre,Gandaki,Parbat,Chitre,Community tourism / village,Modi,3,First-round researched,HOLD,ROUTING_HOLD,DYNAMIC,,provinces/gandaki/districts/parbat.md,provinces/gandaki/visitor_ready/parbat.md
np-gandaki-parbat-arthar,Gandaki,Parbat,Arthar,Community tourism / cultural village,Parbat,3,First-round researched,HOLD,ROUTING_HOLD,DYNAMIC,,provinces/gandaki/districts/parbat.md,provinces/gandaki/visitor_ready/parbat.md
np-gandaki-parbat-bihadi-rural-landscape,Gandaki,Parbat,Bihadi rural landscape,Community / agro-tourism,Bihadi,2,Needs local verification,AREA,ROUTABLE,NONE,,provinces/gandaki/districts/parbat.md,provinces/gandaki/visitor_ready/parbat.md
np-gandaki-parbat-seti-khola-corridor,Gandaki,Parbat,Seti Khola corridor,River / natural attraction,Parbat,2,First-round researched,HOLD,ROUTING_HOLD,DYNAMIC,,provinces/gandaki/districts/parbat.md,provinces/gandaki/visitor_ready/parbat.md
np-gandaki-syangja-sirubari,Gandaki,Syangja,Sirubari,Community tourism / heritage village,Arjun Chaupari,5,Established,AREA,DYNAMIC_CHECK_REQUIRED,DYNAMIC,,provinces/gandaki/districts/syangja.md,provinces/gandaki/visitor_ready/syangja.md
np-gandaki-syangja-panchase-landscape-syangja-sector,Gandaki,Syangja,Panchase landscape (Syangja sector),Forest / trekking / viewpoint,Northern Syangja,4,Established,ROUTE,ROUTABLE,NONE,,provinces/gandaki/districts/syangja.md,provinces/gandaki/visitor_ready/syangja.md
np-gandaki-syangja-alamdevi-temple,Gandaki,Syangja,Alamdevi Temple,Religious site,Kaligandaki area,4,Established,POINT,DYNAMIC_CHECK_REQUIRED,DYNAMIC,,provinces/gandaki/districts/syangja.md,provinces/gandaki/visitor_ready/syangja.md
np-gandaki-syangja-waling,Gandaki,Syangja,Waling,Gateway town,Waling,4,Established,AREA,ROUTABLE,NONE,,provinces/gandaki/districts/syangja.md,provinces/gandaki/visitor_ready/syangja.md
np-gandaki-syangja-aandhikhola-valley,Gandaki,Syangja,Aandhikhola Valley,River / cultural landscape,Central Syangja,4,Established,CORRIDOR,ROUTABLE,NONE,,provinces/gandaki/districts/syangja.md,provinces/gandaki/visitor_ready/syangja.md
np-gandaki-syangja-kali-gandaki-river-syangja-sector,Gandaki,Syangja,Kali Gandaki River (Syangja sector),River / gorge,Southern Syangja,4,Established,CORRIDOR,ROUTABLE,NONE,,provinces/gandaki/districts/syangja.md,provinces/gandaki/visitor_ready/syangja.md
np-gandaki-syangja-ramdi,Gandaki,Syangja,Ramdi,Pilgrimage / river crossing,Kaligandaki boundary,4,Established,CORRIDOR,ROUTABLE,NONE,,provinces/gandaki/districts/syangja.md,provinces/gandaki/visitor_ready/syangja.md
np-gandaki-syangja-bhirkot,Gandaki,Syangja,Bhirkot,Historical / community landscape,Bhirkot,3,Established,AREA,ROUTABLE,NONE,,provinces/gandaki/districts/syangja.md,provinces/gandaki/visitor_ready/syangja.md
np-gandaki-syangja-chapakot,Gandaki,Syangja,Chapakot,Historic town / river landscape,Chapakot,3,Established,CORRIDOR,ROUTABLE,NONE,,provinces/gandaki/districts/syangja.md,provinces/gandaki/visitor_ready/syangja.md
np-gandaki-syangja-sataun-kot,Gandaki,Syangja,Sataun Kot,Historical site / viewpoint,Putalibazar area,3,First-round researched,HOLD,ROUTING_HOLD,NONE,,provinces/gandaki/districts/syangja.md,provinces/gandaki/visitor_ready/syangja.md
np-gandaki-syangja-putalibazar,Gandaki,Syangja,Putalibazar,District town / heritage area,Putalibazar,3,Established,AREA,ROUTABLE,NONE,,provinces/gandaki/districts/syangja.md,provinces/gandaki/visitor_ready/syangja.md
np-gandaki-syangja-aruchaur,Gandaki,Syangja,Aruchaur,Community tourism,Arjun Chaupari,3,First-round researched,HOLD,ROUTING_HOLD,DYNAMIC,,provinces/gandaki/districts/syangja.md,provinces/gandaki/visitor_ready/syangja.md
np-gandaki-syangja-phedikhola-ridge-villages,Gandaki,Syangja,Phedikhola ridge villages,Community tourism / viewpoint,Phedikhola,3,First-round researched,AREA,ROUTABLE,NONE,,provinces/gandaki/districts/syangja.md,provinces/gandaki/visitor_ready/syangja.md
np-gandaki-syangja-harinas-highlands,Gandaki,Syangja,Harinas highlands,Forest / community tourism,Harinas,3,First-round researched,AREA,ROUTABLE,NONE,,provinces/gandaki/districts/syangja.md,provinces/gandaki/visitor_ready/syangja.md
np-gandaki-syangja-biruwa-rural-landscape,Gandaki,Syangja,Biruwa rural landscape,Agro / community tourism,Biruwa,2,Needs local verification,AREA,ROUTABLE,NONE,,provinces/gandaki/districts/syangja.md,provinces/gandaki/visitor_ready/syangja.md
np-gandaki-syangja-gurung-heritage-villages,Gandaki,Syangja,Gurung heritage villages,Cultural landscape,Northern Syangja,3,Needs local verification,AREA,ROUTABLE,NONE,,provinces/gandaki/districts/syangja.md,provinces/gandaki/visitor_ready/syangja.md
np-gandaki-syangja-magar-heritage-villages,Gandaki,Syangja,Magar heritage villages,Cultural landscape,Southern / western Syangja,3,Needs local verification,AREA,ROUTABLE,NONE,,provinces/gandaki/districts/syangja.md,provinces/gandaki/visitor_ready/syangja.md
np-gandaki-syangja-aandhikhola-riverside-sites,Gandaki,Syangja,Aandhikhola riverside sites,River recreation,District-wide,2,Needs local verification,CORRIDOR,DYNAMIC_CHECK_REQUIRED,DYNAMIC,,provinces/gandaki/districts/syangja.md,provinces/gandaki/visitor_ready/syangja.md
np-gandaki-tanahun-bandipur-old-town,Gandaki,Tanahun,Bandipur Old Town,Heritage town,Bandipur,5,Established,AREA,DYNAMIC_CHECK_REQUIRED,DYNAMIC,,provinces/gandaki/districts/tanahun.md,provinces/gandaki/visitor_ready/tanahun.md
np-gandaki-tanahun-bandipur-tundikhel,Gandaki,Tanahun,Bandipur Tundikhel,Viewpoint,Bandipur,5,Established,AREA,ROUTABLE,NONE,,provinces/gandaki/districts/tanahun.md,provinces/gandaki/visitor_ready/tanahun.md
np-gandaki-tanahun-siddha-cave,Gandaki,Tanahun,Siddha Cave,Cave,Bandipur area,5,Established,ROUTE,DYNAMIC_CHECK_REQUIRED,DYNAMIC,,provinces/gandaki/districts/tanahun.md,provinces/gandaki/visitor_ready/tanahun.md
np-gandaki-tanahun-khadga-devi-temple,Gandaki,Tanahun,Khadga Devi Temple,Religious site,Bandipur,4,Established,POINT,ROUTABLE,NONE,,provinces/gandaki/districts/tanahun.md,provinces/gandaki/visitor_ready/tanahun.md
np-gandaki-tanahun-thani-mai-temple-gurungche-hill,Gandaki,Tanahun,Thani Mai Temple / Gurungche Hill,Religious site / viewpoint,Bandipur,4,Established,AREA,ROUTABLE,NONE,,provinces/gandaki/districts/tanahun.md,provinces/gandaki/visitor_ready/tanahun.md
np-gandaki-tanahun-ramkot,Gandaki,Tanahun,Ramkot,Community tourism / heritage village,Bandipur area,4,Established,AREA,ROUTABLE,NONE,,provinces/gandaki/districts/tanahun.md,provinces/gandaki/visitor_ready/tanahun.md
np-gandaki-tanahun-bhanu-bhakta-birthplace-chundi-ramgha,Gandaki,Tanahun,"Bhanu Bhakta birthplace, Chundi Ramgha",Literary heritage,Bhanu,5,Established,AREA,DYNAMIC_CHECK_REQUIRED,DYNAMIC,,provinces/gandaki/districts/tanahun.md,provinces/gandaki/visitor_ready/tanahun.md
np-gandaki-tanahun-devghat-pilgrimage-landscape-tanahun-side,Gandaki,Tanahun,Devghat pilgrimage landscape (Tanahun side),Religious / river confluence,Devghat,5,Established,CORRIDOR,ROUTABLE,NONE,,provinces/gandaki/districts/tanahun.md,provinces/gandaki/visitor_ready/tanahun.md
np-gandaki-tanahun-chhimkeshwari-temple-and-hill,Gandaki,Tanahun,Chhimkeshwari Temple and Hill,Religious site / viewpoint,Aanbukhaireni area,4,Established,AREA,DYNAMIC_CHECK_REQUIRED,DYNAMIC,,provinces/gandaki/districts/tanahun.md,provinces/gandaki/visitor_ready/tanahun.md
np-gandaki-tanahun-tanahun-sur-tanahun-kot,Gandaki,Tanahun,Tanahun Sur / Tanahun Kot,Historical site / viewpoint,Byas area,4,Established,AREA,ROUTABLE,NONE,,provinces/gandaki/districts/tanahun.md,provinces/gandaki/visitor_ready/tanahun.md
np-gandaki-tanahun-damauli-byas-town,Gandaki,Tanahun,Damauli / Byas town,Historic / gateway town,Byas,3,Established,AREA,ROUTABLE,NONE,,provinces/gandaki/districts/tanahun.md,provinces/gandaki/visitor_ready/tanahun.md
np-gandaki-tanahun-byas-cave,Gandaki,Tanahun,Byas Cave,Cave / religious site,Damauli area,4,Established,POINT,ROUTABLE,NONE,,provinces/gandaki/districts/tanahun.md,provinces/gandaki/visitor_ready/tanahun.md
np-gandaki-tanahun-madi-river,Gandaki,Tanahun,Madi River,River / scenic corridor,Central Tanahun,3,Established,CORRIDOR,ROUTABLE,NONE,,provinces/gandaki/districts/tanahun.md,provinces/gandaki/visitor_ready/tanahun.md
np-gandaki-tanahun-seti-river-tanahun-sector,Gandaki,Tanahun,Seti River (Tanahun sector),River / gorge,Tanahun,4,Established,CORRIDOR,ROUTABLE,OPERATOR_DEPENDENT;DYNAMIC,,provinces/gandaki/districts/tanahun.md,provinces/gandaki/visitor_ready/tanahun.md
np-gandaki-tanahun-marsyangdi-river-tanahun-sector,Gandaki,Tanahun,Marsyangdi River (Tanahun sector),River / scenic corridor,Eastern Tanahun,4,Established,CORRIDOR,ROUTABLE,NONE,,provinces/gandaki/districts/tanahun.md,provinces/gandaki/visitor_ready/tanahun.md
np-gandaki-tanahun-manung-kot,Gandaki,Tanahun,Manung Kot,Viewpoint,Byas,4,Established,AREA,DYNAMIC_CHECK_REQUIRED,DYNAMIC,,provinces/gandaki/districts/tanahun.md,provinces/gandaki/visitor_ready/tanahun.md
np-gandaki-tanahun-shuklagandaki-valley,Gandaki,Tanahun,Shuklagandaki valley,Urban / river landscape,Shuklagandaki,3,Established,CORRIDOR,ROUTABLE,NONE,,provinces/gandaki/districts/tanahun.md,provinces/gandaki/visitor_ready/tanahun.md
np-gandaki-tanahun-ghiring-highlands,Gandaki,Tanahun,Ghiring highlands,Community / viewpoint landscape,Ghiring,3,First-round researched,HOLD,ROUTING_HOLD,NONE,,provinces/gandaki/districts/tanahun.md,provinces/gandaki/visitor_ready/tanahun.md
np-gandaki-tanahun-rishing-heritage-villages,Gandaki,Tanahun,Rishing heritage villages,Cultural landscape,Rishing,3,First-round researched,AREA,ROUTABLE,NONE,,provinces/gandaki/districts/tanahun.md,provinces/gandaki/visitor_ready/tanahun.md
np-gandaki-tanahun-aanbukhaireni-gateway,Gandaki,Tanahun,Aanbukhaireni gateway,Transport / tourism gateway,Aanbukhaireni,3,Established,AREA,ROUTABLE,NONE,,provinces/gandaki/districts/tanahun.md,provinces/gandaki/visitor_ready/tanahun.md
np-lumbini-arghakhanchi-supa-deurali-temple,Lumbini,Arghakhanchi,Supa Deurali Temple,Religious sites and temples,Sandhikharka Municipality,High,Established,POINT,ROUTING_HOLD,DYNAMIC,,provinces/lumbini/districts/arghakhanchi.md,provinces/lumbini/visitor_ready/arghakhanchi.md
np-lumbini-arghakhanchi-supa-deurali-forest-and-gorge-landscape,Lumbini,Arghakhanchi,Supa Deurali forest and gorge landscape,Natural attractions,Supa Deurali corridor,Medium,Needs local verification,AREA,ROUTING_HOLD,NONE,,provinces/lumbini/districts/arghakhanchi.md,provinces/lumbini/visitor_ready/arghakhanchi.md
np-lumbini-arghakhanchi-argha-kot,Lumbini,Arghakhanchi,Argha Kot,"Museums, palaces, forts, and monuments","Argha, Sandhikharka Municipality",High,Established,POINT,ROUTING_HOLD,NONE,,provinces/lumbini/districts/arghakhanchi.md,provinces/lumbini/visitor_ready/arghakhanchi.md
np-lumbini-arghakhanchi-argha-bhagwati-temple,Lumbini,Arghakhanchi,Argha Bhagwati Temple,Religious sites and temples,Argha,High,Established,POINT,ROUTING_HOLD,NONE,,provinces/lumbini/districts/arghakhanchi.md,provinces/lumbini/visitor_ready/arghakhanchi.md
np-lumbini-arghakhanchi-khanchi-kot,Lumbini,Arghakhanchi,Khanchi Kot,"Museums, palaces, forts, and monuments","Khanchikot, Sandhikharka Municipality",High,Established,POINT,ROUTING_HOLD,NONE,,provinces/lumbini/districts/arghakhanchi.md,provinces/lumbini/visitor_ready/arghakhanchi.md
np-lumbini-arghakhanchi-khanchikot-ridge-viewpoint,Lumbini,Arghakhanchi,Khanchikot ridge viewpoint,Viewpoints and hill stations,Khanchikot,Medium,First-round researched,AREA,ROUTING_HOLD,NONE,,provinces/lumbini/districts/arghakhanchi.md,provinces/lumbini/visitor_ready/arghakhanchi.md
np-lumbini-arghakhanchi-sandhikharka-historic-town-and-valley,Lumbini,Arghakhanchi,Sandhikharka historic town and valley,Historical and cultural places,Sandhikharka Municipality,High,Established,CORRIDOR,ROUTING_HOLD,NONE,,provinces/lumbini/districts/arghakhanchi.md,provinces/lumbini/visitor_ready/arghakhanchi.md
np-lumbini-arghakhanchi-chutrabeshi-triveni,Lumbini,Arghakhanchi,Chutrabeshi Triveni,Rivers and waterfalls,Sandhikharka Municipality,Medium,Established,CORRIDOR,ROUTING_HOLD,NONE,,provinces/lumbini/districts/arghakhanchi.md,provinces/lumbini/visitor_ready/arghakhanchi.md
np-lumbini-arghakhanchi-narapani-hill-and-forest,Lumbini,Arghakhanchi,Narapani hill and forest,Viewpoints and hill stations,Sandhikharka Municipality,High,Established,AREA,ROUTING_HOLD,NONE,,provinces/lumbini/districts/arghakhanchi.md,provinces/lumbini/visitor_ready/arghakhanchi.md
np-lumbini-arghakhanchi-narapani-picnic-and-hiking-area,Lumbini,Arghakhanchi,Narapani picnic and hiking area,Lesser-known or emerging destinations,Narapani,Medium,Needs local verification,AREA,ROUTING_HOLD,DYNAMIC,,provinces/lumbini/districts/arghakhanchi.md,provinces/lumbini/visitor_ready/arghakhanchi.md
np-lumbini-arghakhanchi-panini-tapobhumi,Lumbini,Arghakhanchi,Panini Tapobhumi,Historical and cultural places,Panini Rural Municipality,High,Established,POINT,ROUTING_HOLD,NONE,,provinces/lumbini/districts/arghakhanchi.md,provinces/lumbini/visitor_ready/arghakhanchi.md
np-lumbini-arghakhanchi-panini-hill-viewpoint,Lumbini,Arghakhanchi,Panini hill viewpoint,Viewpoints and hill stations,Panini Rural Municipality,Medium,First-round researched,AREA,ROUTING_HOLD,NONE,,provinces/lumbini/districts/arghakhanchi.md,provinces/lumbini/visitor_ready/arghakhanchi.md
np-lumbini-arghakhanchi-durvaseshwar-cave-durbasha-cave,Lumbini,Arghakhanchi,Durvaseshwar Cave / Durbasha Cave,Caves,Panini Rural Municipality,Medium,Needs local verification,POINT,ROUTING_HOLD,NONE,,provinces/lumbini/districts/arghakhanchi.md,provinces/lumbini/visitor_ready/arghakhanchi.md
np-lumbini-arghakhanchi-chhatradev-temple-area,Lumbini,Arghakhanchi,Chhatradev Temple area,Religious sites and temples,Chhatradev Rural Municipality,Medium,First-round researched,AREA,ROUTING_HOLD,NONE,,provinces/lumbini/districts/arghakhanchi.md,provinces/lumbini/visitor_ready/arghakhanchi.md
np-lumbini-arghakhanchi-malarani-hill-landscape,Lumbini,Arghakhanchi,Malarani hill landscape,Viewpoints and hill stations,Malarani Rural Municipality,Medium,First-round researched,AREA,ROUTING_HOLD,NONE,,provinces/lumbini/districts/arghakhanchi.md,provinces/lumbini/visitor_ready/arghakhanchi.md
np-lumbini-arghakhanchi-bhumikasthan-cultural-landscape,Lumbini,Arghakhanchi,Bhumikasthan cultural landscape,Historical and cultural places,Bhumikasthan Municipality,Medium,First-round researched,AREA,ROUTING_HOLD,NONE,,provinces/lumbini/districts/arghakhanchi.md,provinces/lumbini/visitor_ready/arghakhanchi.md
np-lumbini-arghakhanchi-thada-town-and-hill-corridor,Lumbini,Arghakhanchi,Thada town and hill corridor,Community tourism and notable villages,Sitganga Municipality,Medium,Established,CORRIDOR,ROUTING_HOLD,NONE,,provinces/lumbini/districts/arghakhanchi.md,provinces/lumbini/visitor_ready/arghakhanchi.md
np-lumbini-arghakhanchi-thada-lake,Lumbini,Arghakhanchi,Thada Lake,Lakes and wetlands,Sitganga Municipality,Medium,Needs local verification,WATER,ROUTING_HOLD,DYNAMIC,,provinces/lumbini/districts/arghakhanchi.md,provinces/lumbini/visitor_ready/arghakhanchi.md
np-lumbini-arghakhanchi-sengleng-lake,Lumbini,Arghakhanchi,Sengleng Lake,Lakes and wetlands,Arghakhanchi district,Low,Needs local verification,WATER,ROUTING_HOLD,DYNAMIC,,provinces/lumbini/districts/arghakhanchi.md,provinces/lumbini/visitor_ready/arghakhanchi.md
np-lumbini-arghakhanchi-banganga-river-upper-valley,Lumbini,Arghakhanchi,Banganga River upper valley,Rivers and waterfalls,Southern Arghakhanchi,Medium,Established,CORRIDOR,ROUTING_HOLD,ENTRY_FEE,,provinces/lumbini/districts/arghakhanchi.md,provinces/lumbini/visitor_ready/arghakhanchi.md
np-lumbini-arghakhanchi-jhimruk-river-valley,Lumbini,Arghakhanchi,Jhimruk River valley,Rivers and waterfalls,Western Arghakhanchi,Medium,Established,CORRIDOR,ROUTING_HOLD,NONE,,provinces/lumbini/districts/arghakhanchi.md,provinces/lumbini/visitor_ready/arghakhanchi.md
np-lumbini-arghakhanchi-sitganga-forest-and-chure-landscape,Lumbini,Arghakhanchi,Sitganga forest and Chure landscape,Natural attractions,Sitganga Municipality,Medium,Established,AREA,ROUTING_HOLD,NONE,,provinces/lumbini/districts/arghakhanchi.md,provinces/lumbini/visitor_ready/arghakhanchi.md
np-lumbini-arghakhanchi-jaluke-and-rapti-corridor,Lumbini,Arghakhanchi,Jaluke and Rapti corridor,Natural attractions,Sitganga Municipality,Medium,First-round researched,CORRIDOR,ROUTING_HOLD,NONE,,provinces/lumbini/districts/arghakhanchi.md,provinces/lumbini/visitor_ready/arghakhanchi.md
np-lumbini-arghakhanchi-mathurabeshi-rural-valley,Lumbini,Arghakhanchi,Mathurabeshi rural valley,Community tourism and notable villages,Arghakhanchi district,Low,Needs local verification,CORRIDOR,ROUTING_HOLD,DYNAMIC,,provinces/lumbini/districts/arghakhanchi.md,provinces/lumbini/visitor_ready/arghakhanchi.md
np-lumbini-banke-banke-national-park,Lumbini,Banke,Banke National Park,"National parks, conservation areas, and wildlife sites","Rapti Sonari, Narainapur and northern Banke",,Government-managed / established,PROTECTED_AREA,ROUTING_HOLD,PROTECTED_AREA_ENTRY;OPERATOR_DEPENDENT;ENTRY_FEE;DYNAMIC,banke-national-park,provinces/lumbini/districts/banke.md,provinces/lumbini/visitor_ready/banke.md
np-lumbini-banke-banke-national-park-buffer-zone-landscape,Lumbini,Banke,Banke National Park buffer-zone landscape,"National parks, conservation areas, and wildlife sites",Settlements adjoining the national park,,Established,PROTECTED_AREA,ROUTING_HOLD,PROTECTED_AREA_ENTRY;DYNAMIC,,provinces/lumbini/districts/banke.md,provinces/lumbini/visitor_ready/banke.md
np-lumbini-banke-banke-bardiya-wildlife-corridor,Lumbini,Banke,Banke–Bardiya wildlife corridor,"National parks, conservation areas, and wildlife sites",Western Banke toward Bardiya,,First-round researched,PROTECTED_AREA,ROUTING_HOLD,PROTECTED_AREA_ENTRY,,provinces/lumbini/districts/banke.md,provinces/lumbini/visitor_ready/banke.md
np-lumbini-banke-chure-and-siwalik-forest-ridges,Lumbini,Banke,Chure and Siwalik forest ridges,Natural attractions,Northern Banke,,First-round researched,AREA,ROUTING_HOLD,NONE,,provinces/lumbini/districts/banke.md,provinces/lumbini/visitor_ready/banke.md
np-lumbini-banke-rapti-river-corridor,Lumbini,Banke,Rapti River corridor,Rivers and waterfalls,Rapti Sonari and Narainapur belt,,Established,CORRIDOR,ROUTING_HOLD,DYNAMIC,,provinces/lumbini/districts/banke.md,provinces/lumbini/visitor_ready/banke.md
np-lumbini-banke-sikta-irrigation-barrage-and-canal-landscape,Lumbini,Banke,Sikta irrigation barrage and canal landscape,"Museums, palaces, forts, and monuments",Rapti Sonari / Agaiya area,,Established,AREA,ROUTING_HOLD,NONE,,provinces/lumbini/districts/banke.md,provinces/lumbini/visitor_ready/banke.md
np-lumbini-banke-agaiya-rapti-riverside-area,Lumbini,Banke,Agaiya–Rapti riverside area,Lesser-known or emerging destinations,Rapti Sonari Rural Municipality,,First-round researched,CORRIDOR,ROUTING_HOLD,PROTECTED_AREA_ENTRY,,provinces/lumbini/districts/banke.md,provinces/lumbini/visitor_ready/banke.md
np-lumbini-banke-gavar-valley-community-tourism-landscape,Lumbini,Banke,Gavar Valley community-tourism landscape,Community tourism and notable villages,Baijanath Rural Municipality,,Established,CORRIDOR,ROUTING_HOLD,DYNAMIC,,provinces/lumbini/districts/banke.md,provinces/lumbini/visitor_ready/banke.md
np-lumbini-banke-gavar-valley-forest-and-wetland-belt,Lumbini,Banke,Gavar Valley forest and wetland belt,Natural attractions,Baijanath area,,First-round researched,WATER,ROUTING_HOLD,DYNAMIC,,provinces/lumbini/districts/banke.md,provinces/lumbini/visitor_ready/banke.md
np-lumbini-banke-bageshwori-temple,Lumbini,Banke,Bageshwori Temple,Religious sites and temples,Nepalgunj Sub-Metropolitan City,,Established,POINT,ROUTING_HOLD,NONE,,provinces/lumbini/districts/banke.md,provinces/lumbini/visitor_ready/banke.md
np-lumbini-banke-bageshwori-sacred-pond,Lumbini,Banke,Bageshwori sacred pond,Lakes and wetlands,"Bageshwori Temple complex, Nepalgunj",,Established,WATER,ROUTING_HOLD,NONE,,provinces/lumbini/districts/banke.md,provinces/lumbini/visitor_ready/banke.md
np-lumbini-banke-mustached-shiva-shrine,Lumbini,Banke,Mustached Shiva shrine,Religious sites and temples,"Bageshwori pond, Nepalgunj",,Established,POINT,ROUTING_HOLD,NONE,,provinces/lumbini/districts/banke.md,provinces/lumbini/visitor_ready/banke.md
np-lumbini-banke-bageshwori-temple-precinct,Lumbini,Banke,Bageshwori temple precinct,Historical and cultural places,Central Nepalgunj,,Established,POINT,ROUTING_HOLD,DYNAMIC,,provinces/lumbini/districts/banke.md,provinces/lumbini/visitor_ready/banke.md
np-lumbini-banke-nepalgunj-historic-market-core,Lumbini,Banke,Nepalgunj historic market core,Historical and cultural places,Nepalgunj Sub-Metropolitan City,,Established,POINT,ROUTING_HOLD,BORDER_CONTROL,,provinces/lumbini/districts/banke.md,provinces/lumbini/visitor_ready/banke.md
np-lumbini-banke-nepalgunj-border-and-trade-gateway-landscape,Lumbini,Banke,Nepalgunj border and trade-gateway landscape,Historical and cultural places,Jamunaha–Nepalgunj corridor,,Established,AREA,ROUTING_HOLD,BORDER_CONTROL;DYNAMIC,,provinces/lumbini/districts/banke.md,provinces/lumbini/visitor_ready/banke.md
np-lumbini-banke-jamunaha-border-gateway,Lumbini,Banke,Jamunaha border gateway,"Museums, palaces, forts, and monuments",Southern Nepalgunj,,Established,POINT,ROUTING_HOLD,BORDER_CONTROL,,provinces/lumbini/districts/banke.md,provinces/lumbini/visitor_ready/banke.md
np-lumbini-banke-eidgah-and-muslim-religious-landscape-of-nepalgunj,Lumbini,Banke,Eidgah and Muslim religious landscape of Nepalgunj,Religious sites and temples,Nepalgunj,,First-round researched,AREA,ROUTING_HOLD,NONE,,provinces/lumbini/districts/banke.md,provinces/lumbini/visitor_ready/banke.md
np-lumbini-banke-gurudwara-and-sikh-heritage-of-nepalgunj,Lumbini,Banke,Gurudwara and Sikh heritage of Nepalgunj,Religious sites and temples,Nepalgunj,,Needs local verification,POINT,ROUTING_HOLD,BORDER_CONTROL,,provinces/lumbini/districts/banke.md,provinces/lumbini/visitor_ready/banke.md
np-lumbini-banke-nepalgunj-civic-heritage-and-old-administrative-buildings,Lumbini,Banke,Nepalgunj civic heritage and old administrative buildings,"Museums, palaces, forts, and monuments",Nepalgunj,,First-round researched,POINT,ROUTING_HOLD,DYNAMIC,,provinces/lumbini/districts/banke.md,provinces/lumbini/visitor_ready/banke.md
np-lumbini-banke-kohalpur-gateway-town,Lumbini,Banke,Kohalpur gateway town,Community tourism and notable villages,Kohalpur Municipality,,Established,AREA,ROUTING_HOLD,PROTECTED_AREA_ENTRY,,provinces/lumbini/districts/banke.md,provinces/lumbini/visitor_ready/banke.md
np-lumbini-banke-kohalpur-chisapani-forest-approach,Lumbini,Banke,Kohalpur–Chisapani forest approach,Natural attractions,Kohalpur and Baijanath belt,,First-round researched,AREA,ROUTING_HOLD,NONE,,provinces/lumbini/districts/banke.md,provinces/lumbini/visitor_ready/banke.md
np-lumbini-banke-khajura-agricultural-and-multicultural-landscape,Lumbini,Banke,Khajura agricultural and multicultural landscape,Community tourism and notable villages,Khajura Rural Municipality,,First-round researched,AREA,ROUTING_HOLD,NONE,,provinces/lumbini/districts/banke.md,provinces/lumbini/visitor_ready/banke.md
np-lumbini-banke-narainapur-cultural-and-forest-edge-villages,Lumbini,Banke,Narainapur cultural and forest-edge villages,Community tourism and notable villages,Narainapur Rural Municipality,,First-round researched,AREA,ROUTING_HOLD,BORDER_CONTROL,,provinces/lumbini/districts/banke.md,provinces/lumbini/visitor_ready/banke.md
np-lumbini-banke-duduwa-river-and-wetland-corridor,Lumbini,Banke,Duduwa river and wetland corridor,Rivers and waterfalls,Duduwa Rural Municipality,,Needs local verification,WATER,ROUTING_HOLD,DYNAMIC,,provinces/lumbini/districts/banke.md,provinces/lumbini/visitor_ready/banke.md
np-lumbini-banke-rapti-sonari-tharu-villages,Lumbini,Banke,Rapti Sonari Tharu villages,Community tourism and notable villages,Rapti Sonari Rural Municipality,,First-round researched,AREA,ROUTING_HOLD,PROTECTED_AREA_ENTRY,,provinces/lumbini/districts/banke.md,provinces/lumbini/visitor_ready/banke.md
np-lumbini-bardiya-bardiya-national-park,Lumbini,Bardiya,Bardiya National Park,"National parks, conservation areas, and wildlife sites","Thakurbaba, Geruwa and northern Bardiya",,Government-managed,PROTECTED_AREA,ROUTING_HOLD,PROTECTED_AREA_ENTRY,bardiya-national-park,provinces/lumbini/districts/bardiya.md,provinces/lumbini/visitor_ready/bardiya.md
np-lumbini-bardiya-thakurdwara-park-gateway,Lumbini,Bardiya,Thakurdwara park gateway,Community tourism and notable villages,Thakurbaba Municipality,,Established,AREA,ROUTING_HOLD,PROTECTED_AREA_ENTRY;OPERATOR_DEPENDENT,,provinces/lumbini/districts/bardiya.md,provinces/lumbini/visitor_ready/bardiya.md
np-lumbini-bardiya-babai-valley,Lumbini,Bardiya,Babai Valley,Natural attractions,Eastern Bardiya National Park,,Government-managed,CORRIDOR,ROUTING_HOLD,NONE,,provinces/lumbini/districts/bardiya.md,provinces/lumbini/visitor_ready/bardiya.md
np-lumbini-bardiya-babai-river-corridor,Lumbini,Bardiya,Babai River corridor,Rivers and waterfalls,Eastern and central Bardiya,,Established,CORRIDOR,ROUTING_HOLD,NONE,,provinces/lumbini/districts/bardiya.md,provinces/lumbini/visitor_ready/bardiya.md
np-lumbini-bardiya-karnali-river-corridor,Lumbini,Bardiya,Karnali River corridor,Rivers and waterfalls,Western Bardiya,,Established,CORRIDOR,ROUTING_HOLD,NONE,karnali-river-corridor,provinces/lumbini/districts/bardiya.md,provinces/lumbini/visitor_ready/bardiya.md
np-lumbini-bardiya-geruwa-river,Lumbini,Bardiya,Geruwa River,Rivers and waterfalls,Geruwa and Rajapur area,,Established,CORRIDOR,ROUTING_HOLD,NONE,,provinces/lumbini/districts/bardiya.md,provinces/lumbini/visitor_ready/bardiya.md
np-lumbini-bardiya-khauraha-river-wildlife-viewing-area,Lumbini,Bardiya,Khauraha River wildlife-viewing area,Rivers and waterfalls,Thakurdwara / park buffer,,Established,CORRIDOR,ROUTING_HOLD,NONE,,provinces/lumbini/districts/bardiya.md,provinces/lumbini/visitor_ready/bardiya.md
np-lumbini-bardiya-karnali-geruwa-river-islands,Lumbini,Bardiya,Karnali–Geruwa river islands,Lakes and wetlands,Geruwa and Rajapur area,,Needs local verification,WATER,ROUTING_HOLD,DYNAMIC,,provinces/lumbini/districts/bardiya.md,provinces/lumbini/visitor_ready/bardiya.md
np-lumbini-bardiya-gangetic-dolphin-observation-corridor,Lumbini,Bardiya,Gangetic dolphin observation corridor,"National parks, conservation areas, and wildlife sites",Karnali–Geruwa system,,Established; seasonal verification needed,PROTECTED_AREA,ROUTING_HOLD,PROTECTED_AREA_ENTRY;DYNAMIC,,provinces/lumbini/districts/bardiya.md,provinces/lumbini/visitor_ready/bardiya.md
np-lumbini-bardiya-khata-biological-corridor,Lumbini,Bardiya,Khata Biological Corridor,"National parks, conservation areas, and wildlife sites",Madhuwan Municipality and western Bardiya,,Established conservation landscape,PROTECTED_AREA,ROUTING_HOLD,PROTECTED_AREA_ENTRY,,provinces/lumbini/districts/bardiya.md,provinces/lumbini/visitor_ready/bardiya.md
np-lumbini-bardiya-khata-community-forests,Lumbini,Bardiya,Khata community forests,"National parks, conservation areas, and wildlife sites",Madhuwan area,,Established,PROTECTED_AREA,ROUTING_HOLD,PROTECTED_AREA_ENTRY,,provinces/lumbini/districts/bardiya.md,provinces/lumbini/visitor_ready/bardiya.md
np-lumbini-bardiya-blackbuck-conservation-area,Lumbini,Bardiya,Blackbuck Conservation Area,"National parks, conservation areas, and wildlife sites","Khairapur, Gulariya area",,Government-managed,PROTECTED_AREA,ROUTING_HOLD,PROTECTED_AREA_ENTRY,,provinces/lumbini/districts/bardiya.md,provinces/lumbini/visitor_ready/bardiya.md
np-lumbini-bardiya-khairapur-blackbuck-viewing-area,Lumbini,Bardiya,Khairapur blackbuck viewing area,Wildlife sites,Gulariya Municipality / Khairapur,,Government-managed,AREA,ROUTING_HOLD,PROTECTED_AREA_ENTRY,,provinces/lumbini/districts/bardiya.md,provinces/lumbini/visitor_ready/bardiya.md
np-lumbini-bardiya-badhaiya-tal,Lumbini,Bardiya,Badhaiya Tal,Lakes and wetlands,Badhaiyatal Rural Municipality,,Established; condition verification needed,WATER,ROUTING_HOLD,DYNAMIC,,provinces/lumbini/districts/bardiya.md,provinces/lumbini/visitor_ready/bardiya.md
np-lumbini-bardiya-satkhaluwa-lake-and-wetland-area,Lumbini,Bardiya,Satkhaluwa Lake and wetland area,Lakes and wetlands,Barbardiya / Thakurbaba vicinity,,First-round researched,WATER,ROUTING_HOLD,NONE,,provinces/lumbini/districts/bardiya.md,provinces/lumbini/visitor_ready/bardiya.md
np-lumbini-bardiya-rajapur-irrigation-and-river-landscape,Lumbini,Bardiya,Rajapur irrigation and river landscape,Natural attractions,Rajapur Municipality,,Established,CORRIDOR,ROUTING_HOLD,NONE,,provinces/lumbini/districts/bardiya.md,provinces/lumbini/visitor_ready/bardiya.md
np-lumbini-bardiya-rajapur-historic-market,Lumbini,Bardiya,Rajapur historic market,Historical and cultural places,Rajapur Municipality,,Established,POINT,ROUTING_HOLD,NONE,,provinces/lumbini/districts/bardiya.md,provinces/lumbini/visitor_ready/bardiya.md
np-lumbini-bardiya-chisapani-karnali-bridge-viewpoint-bardiya-approach,Lumbini,Bardiya,"Chisapani–Karnali bridge viewpoint, Bardiya approach",Viewpoints and hill stations,Western Bardiya approach,,Cross-district established,AREA,ROUTING_HOLD,NONE,,provinces/lumbini/districts/bardiya.md,provinces/lumbini/visitor_ready/bardiya.md
np-lumbini-bardiya-karnali-rafting-section,Lumbini,Bardiya,Karnali rafting section,Adventure tourism,"Karnali River, western Bardiya",,Established; operator verification needed,POINT,ROUTING_HOLD,NONE,,provinces/lumbini/districts/bardiya.md,provinces/lumbini/visitor_ready/bardiya.md
np-lumbini-bardiya-thakurbaba-temple,Lumbini,Bardiya,Thakurbaba Temple,Religious sites and temples,Thakurbaba Municipality,,Established,POINT,ROUTING_HOLD,NONE,,provinces/lumbini/districts/bardiya.md,provinces/lumbini/visitor_ready/bardiya.md
np-lumbini-bardiya-baglamukhi-temple-gulariya,Lumbini,Bardiya,"Baglamukhi Temple, Gulariya",Religious sites and temples,Gulariya Municipality,,Established,POINT,ROUTING_HOLD,NONE,,provinces/lumbini/districts/bardiya.md,provinces/lumbini/visitor_ready/bardiya.md
np-lumbini-bardiya-kotahi-temple,Lumbini,Bardiya,Kotahi Temple,Religious sites and temples,Bardiya district; exact locality pending,,First-round researched,POINT,ROUTING_HOLD,DYNAMIC,,provinces/lumbini/districts/bardiya.md,provinces/lumbini/visitor_ready/bardiya.md
np-lumbini-bardiya-bed-byas-batika,Lumbini,Bardiya,Bed Byas Batika,Religious sites and temples,Gulariya Municipality,,First-round researched,POINT,ROUTING_HOLD,NONE,,provinces/lumbini/districts/bardiya.md,provinces/lumbini/visitor_ready/bardiya.md
np-lumbini-bardiya-gulariya-historic-town-core,Lumbini,Bardiya,Gulariya historic town core,Historical and cultural places,Gulariya Municipality,,Established,AREA,ROUTING_HOLD,NONE,,provinces/lumbini/districts/bardiya.md,provinces/lumbini/visitor_ready/bardiya.md
np-lumbini-bardiya-tharu-cultural-villages-around-thakurdwara,Lumbini,Bardiya,Tharu cultural villages around Thakurdwara,Community tourism and notable villages,Thakurbaba Municipality,,Established,AREA,ROUTING_HOLD,NONE,,provinces/lumbini/districts/bardiya.md,provinces/lumbini/visitor_ready/bardiya.md
np-lumbini-bardiya-dalla-community-homestay-landscape,Lumbini,Bardiya,Dalla community homestay landscape,Community tourism and notable villages,Madhuwan / Khata corridor,,Established; operating status verification needed,AREA,ROUTING_HOLD,NONE,,provinces/lumbini/districts/bardiya.md,provinces/lumbini/visitor_ready/bardiya.md
np-lumbini-bardiya-geruwa-riverside-tharu-villages,Lumbini,Bardiya,Geruwa riverside Tharu villages,Community tourism and notable villages,Geruwa Rural Municipality,,First-round researched,CORRIDOR,ROUTING_HOLD,NONE,,provinces/lumbini/districts/bardiya.md,provinces/lumbini/visitor_ready/bardiya.md
np-lumbini-bardiya-buffer-zone-jungle-walk-routes,Lumbini,Bardiya,Buffer-zone jungle-walk routes,Trekking areas and mountain destinations,Thakurdwara and park buffer,,Established; permit/guide rules pending,ROUTE,ROUTING_HOLD,NONE,,provinces/lumbini/districts/bardiya.md,provinces/lumbini/visitor_ready/bardiya.md
np-lumbini-bardiya-bird-watching-wetlands-of-western-bardiya,Lumbini,Bardiya,Bird-watching wetlands of western Bardiya,Lakes and wetlands,"Geruwa, Badhaiyatal and Khairapur landscapes",,First-round researched,WATER,ROUTING_HOLD,DYNAMIC,,provinces/lumbini/districts/bardiya.md,provinces/lumbini/visitor_ready/bardiya.md
np-lumbini-bardiya-tiger-rhino-and-elephant-tracking-landscape,Lumbini,Bardiya,"Tiger, rhino and elephant tracking landscape",Adventure tourism,Bardiya National Park and buffer zone,,Government-managed / guide-dependent,AREA,ROUTING_HOLD,DYNAMIC,,provinces/lumbini/districts/bardiya.md,provinces/lumbini/visitor_ready/bardiya.md
np-lumbini-dang-ambikeshwari-temple,Lumbini,Dang,Ambikeshwari Temple,Religious sites and temples,Ghorahi Sub-Metropolitan City,,Established,POINT,ROUTING_HOLD,NONE,,provinces/lumbini/districts/dang.md,provinces/lumbini/visitor_ready/dang.md
np-lumbini-dang-ratnanath-gorakhnath-temple-chaughera,Lumbini,Dang,"Ratnanath / Gorakhnath Temple, Chaughera",Religious sites and temples,Ghorahi area,,Established,POINT,ROUTING_HOLD,NONE,,provinces/lumbini/districts/dang.md,provinces/lumbini/visitor_ready/dang.md
np-lumbini-dang-pandaveshwar-mahadev-temple-dharapani,Lumbini,Dang,"Pandaveshwar Mahadev Temple, Dharapani",Religious sites and temples,Dharna / Ghorahi south,,Established,POINT,ROUTING_HOLD,NONE,,provinces/lumbini/districts/dang.md,provinces/lumbini/visitor_ready/dang.md
np-lumbini-dang-dharapani-giant-trident-monument,Lumbini,Dang,Dharapani giant trident monument,"Museums, palaces, forts, and monuments",Pandaveshwar Temple complex,,Established,POINT,ROUTING_HOLD,NONE,,provinces/lumbini/districts/dang.md,provinces/lumbini/visitor_ready/dang.md
np-lumbini-dang-barhakune-daha-and-barahi-temple,Lumbini,Dang,Barhakune Daha and Barahi Temple,Lakes and wetlands,Ghorahi area,,Established,WATER,ROUTING_HOLD,DYNAMIC,,provinces/lumbini/districts/dang.md,provinces/lumbini/visitor_ready/dang.md
np-lumbini-dang-jakhera-tal,Lumbini,Dang,Jakhera Tal,Lakes and wetlands,Lamahi Municipality,,Established,WATER,ROUTING_HOLD,NONE,,provinces/lumbini/districts/dang.md,provinces/lumbini/visitor_ready/dang.md
np-lumbini-dang-ganesh-temple-at-jakhera,Lumbini,Dang,Ganesh Temple at Jakhera,Religious sites and temples,"Jakhera Tal, Lamahi",,Established,POINT,ROUTING_HOLD,NONE,,provinces/lumbini/districts/dang.md,provinces/lumbini/visitor_ready/dang.md
np-lumbini-dang-siddheshwar-mahadev-temple-at-jakhera,Lumbini,Dang,Siddheshwar Mahadev Temple at Jakhera,Religious sites and temples,"Jakhera Tal, Lamahi",,Established,POINT,ROUTING_HOLD,NONE,,provinces/lumbini/districts/dang.md,provinces/lumbini/visitor_ready/dang.md
np-lumbini-dang-charinge-daha,Lumbini,Dang,Charinge Daha,Lakes and wetlands,Dang District,,First-round researched,WATER,ROUTING_HOLD,NONE,,provinces/lumbini/districts/dang.md,provinces/lumbini/visitor_ready/dang.md
np-lumbini-dang-bhote-daha,Lumbini,Dang,Bhote Daha,Lakes and wetlands,Dang District,,Needs local verification,WATER,ROUTING_HOLD,DYNAMIC,,provinces/lumbini/districts/dang.md,provinces/lumbini/visitor_ready/dang.md
np-lumbini-dang-jyamire-tal,Lumbini,Dang,Jyamire Tal,Lakes and wetlands,Dang District,,Needs local verification,WATER,ROUTING_HOLD,DYNAMIC,,provinces/lumbini/districts/dang.md,provinces/lumbini/visitor_ready/dang.md
np-lumbini-dang-purandhara-tal,Lumbini,Dang,Purandhara Tal,Lakes and wetlands,Babai / western Dang,,Needs local verification,WATER,ROUTING_HOLD,DYNAMIC,,provinces/lumbini/districts/dang.md,provinces/lumbini/visitor_ready/dang.md
np-lumbini-dang-dang-valley-landscape,Lumbini,Dang,Dang Valley landscape,Natural attractions,Ghorahi–Tulsipur basin,,Established,CORRIDOR,ROUTING_HOLD,NONE,,provinces/lumbini/districts/dang.md,provinces/lumbini/visitor_ready/dang.md
np-lumbini-dang-deukhuri-valley-landscape,Lumbini,Dang,Deukhuri Valley landscape,Natural attractions,Lamahi–Rapti corridor,,Established,CORRIDOR,ROUTING_HOLD,NONE,,provinces/lumbini/districts/dang.md,provinces/lumbini/visitor_ready/dang.md
np-lumbini-dang-rapti-river-corridor,Lumbini,Dang,Rapti River corridor,Rivers and waterfalls,Deukhuri Valley,,Established,CORRIDOR,ROUTING_HOLD,DYNAMIC,,provinces/lumbini/districts/dang.md,provinces/lumbini/visitor_ready/dang.md
np-lumbini-dang-babai-river-corridor,Lumbini,Dang,Babai River corridor,Rivers and waterfalls,Dang Valley,,Established,CORRIDOR,ROUTING_HOLD,NONE,,provinces/lumbini/districts/dang.md,provinces/lumbini/visitor_ready/dang.md
np-lumbini-dang-chure-and-mahabharat-ridge-viewpoints,Lumbini,Dang,Chure and Mahabharat ridge viewpoints,Viewpoints and hill stations,Northern and southern valley rims,,First-round researched,AREA,ROUTING_HOLD,NONE,,provinces/lumbini/districts/dang.md,provinces/lumbini/visitor_ready/dang.md
np-lumbini-dang-chhillikot-hill-and-heritage-area,Lumbini,Dang,Chhillikot hill and heritage area,Viewpoints and hill stations,Tulsipur region,,Established,AREA,ROUTING_HOLD,NONE,,provinces/lumbini/districts/dang.md,provinces/lumbini/visitor_ready/dang.md
np-lumbini-dang-chhillikot-cave,Lumbini,Dang,Chhillikot Cave,Caves,Chhillikot area,,Needs local verification,AREA,ROUTING_HOLD,NONE,,provinces/lumbini/districts/dang.md,provinces/lumbini/visitor_ready/dang.md
np-lumbini-dang-chameri-cave,Lumbini,Dang,Chameri Cave,Caves,Chhillikot region,,Needs local verification,POINT,ROUTING_HOLD,NONE,,provinces/lumbini/districts/dang.md,provinces/lumbini/visitor_ready/dang.md
np-lumbini-dang-sawarikot,Lumbini,Dang,Sawarikot,Viewpoints and hill stations,Dang District,,First-round researched,AREA,ROUTING_HOLD,NONE,,provinces/lumbini/districts/dang.md,provinces/lumbini/visitor_ready/dang.md
np-lumbini-dang-ghordaura,Lumbini,Dang,Ghordaura,Viewpoints and hill stations,Dang District,,First-round researched,AREA,ROUTING_HOLD,NONE,,provinces/lumbini/districts/dang.md,provinces/lumbini/visitor_ready/dang.md
np-lumbini-dang-devikot-heritage-area,Lumbini,Dang,Devikot heritage area,Historical and cultural places,Dang District,,First-round researched,AREA,ROUTING_HOLD,DYNAMIC,,provinces/lumbini/districts/dang.md,provinces/lumbini/visitor_ready/dang.md
np-lumbini-dang-rihar-religious-landscape,Lumbini,Dang,Rihar religious landscape,Religious sites and temples,Deukhuri / eastern Dang,,Established,AREA,ROUTING_HOLD,NONE,,provinces/lumbini/districts/dang.md,provinces/lumbini/visitor_ready/dang.md
np-lumbini-dang-bagar-baba-temple-rihar,Lumbini,Dang,"Bagar Baba Temple, Rihar",Religious sites and temples,Rihar area,,Established,POINT,ROUTING_HOLD,NONE,,provinces/lumbini/districts/dang.md,provinces/lumbini/visitor_ready/dang.md
np-lumbini-dang-taptakunda-shivalaya-rihar,Lumbini,Dang,"Taptakunda Shivalaya, Rihar",Religious sites and temples,Rihar area,,Needs local verification,POINT,ROUTING_HOLD,DYNAMIC,,provinces/lumbini/districts/dang.md,provinces/lumbini/visitor_ready/dang.md
np-lumbini-dang-mata-malmala-devi-temple,Lumbini,Dang,Mata Malmala Devi Temple,Religious sites and temples,Gadawa–Malmala area,,First-round researched,POINT,ROUTING_HOLD,NONE,,provinces/lumbini/districts/dang.md,provinces/lumbini/visitor_ready/dang.md
np-lumbini-dang-tharu-cultural-museum-and-village-culture-cluster,Lumbini,Dang,Tharu Cultural Museum and village-culture cluster,"Museums, palaces, forts, and monuments",Dang–Deukhuri Tharu settlements,,Established,AREA,ROUTING_HOLD,OPERATOR_DEPENDENT;DYNAMIC,,provinces/lumbini/districts/dang.md,provinces/lumbini/visitor_ready/dang.md
np-lumbini-dang-sukaura-archaeological-mound,Lumbini,Dang,Sukaura archaeological mound,Historical and cultural places,Dang District,,First-round researched,POINT,ROUTING_HOLD,NONE,,provinces/lumbini/districts/dang.md,provinces/lumbini/visitor_ready/dang.md
np-lumbini-dang-koilabas-historic-border-and-trade-route,Lumbini,Dang,Koilabas historic border and trade route,Historical and cultural places,Gadhawa Rural Municipality / India border,,Established,ROUTE,ROUTING_HOLD,BORDER_CONTROL;DYNAMIC,,provinces/lumbini/districts/dang.md,provinces/lumbini/visitor_ready/dang.md
np-lumbini-eastern-rukum-dhorpatan-hunting-reserve-sector,Lumbini,Eastern Rukum,Dhorpatan Hunting Reserve sector,"National parks, conservation areas, and wildlife sites",Putha Uttarganga Rural Municipality,,Government-managed / established,PROTECTED_AREA,ROUTING_HOLD,PROTECTED_AREA_ENTRY;DYNAMIC,,provinces/lumbini/districts/eastern-rukum.md,provinces/lumbini/visitor_ready/eastern-rukum.md
np-lumbini-eastern-rukum-uttar-ganga-valley,Lumbini,Eastern Rukum,Uttar Ganga Valley,Natural attractions,Putha Uttarganga Rural Municipality,,Established,CORRIDOR,ROUTING_HOLD,NONE,,provinces/lumbini/districts/eastern-rukum.md,provinces/lumbini/visitor_ready/eastern-rukum.md
np-lumbini-eastern-rukum-putha-hiunchuli-dhaulagiri-vii,Lumbini,Eastern Rukum,Putha Hiunchuli (Dhaulagiri VII),Trekking areas and mountain destinations,Northern Putha Uttarganga,,Established,ROUTE,ROUTING_HOLD,NONE,,provinces/lumbini/districts/eastern-rukum.md,provinces/lumbini/visitor_ready/eastern-rukum.md
np-lumbini-eastern-rukum-putha-hiunchuli-base-area-trekking-landscape,Lumbini,Eastern Rukum,Putha Hiunchuli base-area trekking landscape,Trekking areas and mountain destinations,Putha Uttarganga,,First-round researched,ROUTE,ROUTING_HOLD,OPERATOR_DEPENDENT,,provinces/lumbini/districts/eastern-rukum.md,provinces/lumbini/visitor_ready/eastern-rukum.md
np-lumbini-eastern-rukum-sisne-himal,Lumbini,Eastern Rukum,Sisne Himal,Trekking areas and mountain destinations,Sisne Rural Municipality,,Established,ROUTE,ROUTING_HOLD,NONE,,provinces/lumbini/districts/eastern-rukum.md,provinces/lumbini/visitor_ready/eastern-rukum.md
np-lumbini-eastern-rukum-sisne-himal-trekking-approaches,Lumbini,Eastern Rukum,Sisne Himal trekking approaches,Trekking areas and mountain destinations,Sisne Rural Municipality,,First-round researched,ROUTE,ROUTING_HOLD,DYNAMIC,,provinces/lumbini/districts/eastern-rukum.md,provinces/lumbini/visitor_ready/eastern-rukum.md
np-lumbini-eastern-rukum-dhaulagiri-mountain-panorama-belt,Lumbini,Eastern Rukum,Dhaulagiri mountain panorama belt,Viewpoints and hill stations,Northern Eastern Rukum,,Established,AREA,ROUTING_HOLD,NONE,,provinces/lumbini/districts/eastern-rukum.md,provinces/lumbini/visitor_ready/eastern-rukum.md
np-lumbini-eastern-rukum-rukmini-lake-kamal-daha,Lumbini,Eastern Rukum,Rukmini Lake (Kamal Daha),Lakes and wetlands,"Rukumkot, Sisne Rural Municipality",,Established,WATER,ROUTING_HOLD,NONE,,provinces/lumbini/districts/eastern-rukum.md,provinces/lumbini/visitor_ready/eastern-rukum.md
np-lumbini-eastern-rukum-rukumkot-lake-and-hill-landscape,Lumbini,Eastern Rukum,Rukumkot lake-and-hill landscape,Natural attractions,Rukumkot,,Established,WATER,ROUTING_HOLD,NONE,,provinces/lumbini/districts/eastern-rukum.md,provinces/lumbini/visitor_ready/eastern-rukum.md
np-lumbini-eastern-rukum-rukumkot-historic-settlement,Lumbini,Eastern Rukum,Rukumkot historic settlement,Historical and cultural places,"Rukumkot, Sisne Rural Municipality",,Established,POINT,ROUTING_HOLD,NONE,,provinces/lumbini/districts/eastern-rukum.md,provinces/lumbini/visitor_ready/eastern-rukum.md
np-lumbini-eastern-rukum-barah-temple-rukumkot,Lumbini,Eastern Rukum,"Barah Temple, Rukumkot",Religious sites and temples,Rukumkot,,Established,POINT,ROUTING_HOLD,NONE,,provinces/lumbini/districts/eastern-rukum.md,provinces/lumbini/visitor_ready/eastern-rukum.md
np-lumbini-eastern-rukum-shivalaya-temple-rukumkot,Lumbini,Eastern Rukum,"Shivalaya Temple, Rukumkot",Religious sites and temples,Rukumkot,,Established,POINT,ROUTING_HOLD,NONE,,provinces/lumbini/districts/eastern-rukum.md,provinces/lumbini/visitor_ready/eastern-rukum.md
np-lumbini-eastern-rukum-deurali-cave,Lumbini,Eastern Rukum,Deurali Cave,Caves,Rukumkot area,,Needs local verification,POINT,ROUTING_HOLD,NONE,,provinces/lumbini/districts/eastern-rukum.md,provinces/lumbini/visitor_ready/eastern-rukum.md
np-lumbini-eastern-rukum-taksera-kham-magar-village,Lumbini,Eastern Rukum,Taksera Kham Magar village,Community tourism and notable villages,Putha Uttarganga Rural Municipality,,Established,AREA,ROUTING_HOLD,NONE,,provinces/lumbini/districts/eastern-rukum.md,provinces/lumbini/visitor_ready/eastern-rukum.md
np-lumbini-eastern-rukum-maikot-village,Lumbini,Eastern Rukum,Maikot village,Community tourism and notable villages,Putha Uttarganga Rural Municipality,,Established,AREA,ROUTING_HOLD,NONE,,provinces/lumbini/districts/eastern-rukum.md,provinces/lumbini/visitor_ready/eastern-rukum.md
np-lumbini-eastern-rukum-hukam-village,Lumbini,Eastern Rukum,Hukam village,Community tourism and notable villages,Putha Uttarganga Rural Municipality,,Established,AREA,ROUTING_HOLD,NONE,,provinces/lumbini/districts/eastern-rukum.md,provinces/lumbini/visitor_ready/eastern-rukum.md
np-lumbini-eastern-rukum-kol-village-and-golkhada-area,Lumbini,Eastern Rukum,Kol village and Golkhada area,Community tourism and notable villages,Putha Uttarganga Rural Municipality,,First-round researched,AREA,ROUTING_HOLD,NONE,,provinces/lumbini/districts/eastern-rukum.md,provinces/lumbini/visitor_ready/eastern-rukum.md
np-lumbini-eastern-rukum-bhume-kham-magar-cultural-landscape,Lumbini,Eastern Rukum,Bhume Kham Magar cultural landscape,Historical and cultural places,Bhume Rural Municipality,,Established,AREA,ROUTING_HOLD,NONE,,provinces/lumbini/districts/eastern-rukum.md,provinces/lumbini/visitor_ready/eastern-rukum.md
np-lumbini-eastern-rukum-guerrilla-trek-eastern-rukum-section,Lumbini,Eastern Rukum,"Guerrilla Trek, Eastern Rukum section",Trekking areas and mountain destinations,Bhume and Putha Uttarganga,,Established,ROUTE,ROUTING_HOLD,NONE,,provinces/lumbini/districts/eastern-rukum.md,provinces/lumbini/visitor_ready/eastern-rukum.md
np-lumbini-eastern-rukum-former-conflict-heritage-routes,Lumbini,Eastern Rukum,Former conflict heritage routes,Historical and cultural places,Bhume and northern villages,,First-round researched,ROUTE,ROUTING_HOLD,NONE,,provinces/lumbini/districts/eastern-rukum.md,provinces/lumbini/visitor_ready/eastern-rukum.md
np-lumbini-eastern-rukum-sani-bheri-river-valley,Lumbini,Eastern Rukum,Sani Bheri River valley,Rivers and waterfalls,Northern and western Eastern Rukum,,Established,CORRIDOR,ROUTING_HOLD,NONE,,provinces/lumbini/districts/eastern-rukum.md,provinces/lumbini/visitor_ready/eastern-rukum.md
np-lumbini-eastern-rukum-west-rapti-headwater-landscape,Lumbini,Eastern Rukum,West Rapti headwater landscape,Rivers and waterfalls,Southern Eastern Rukum,,Established,CORRIDOR,ROUTING_HOLD,NONE,,provinces/lumbini/districts/eastern-rukum.md,provinces/lumbini/visitor_ready/eastern-rukum.md
np-lumbini-eastern-rukum-yarsagumba-collection-landscape,Lumbini,Eastern Rukum,Yarsagumba collection landscape,Lesser-known or emerging destinations,High pastures of Putha Uttarganga,,Needs local verification,AREA,ROUTING_HOLD,DYNAMIC,,provinces/lumbini/districts/eastern-rukum.md,provinces/lumbini/visitor_ready/eastern-rukum.md
np-lumbini-eastern-rukum-high-altitude-pasture-and-medicinal-herb-belt,Lumbini,Eastern Rukum,High-altitude pasture and medicinal-herb belt,Natural attractions,Northern Eastern Rukum,,First-round researched,POINT,ROUTING_HOLD,NONE,,provinces/lumbini/districts/eastern-rukum.md,provinces/lumbini/visitor_ready/eastern-rukum.md
np-lumbini-eastern-rukum-dhorpatan-taksera-cultural-trekking-corridor,Lumbini,Eastern Rukum,Dhorpatan–Taksera cultural trekking corridor,Trekking areas and mountain destinations,Putha Uttarganga,,First-round researched,CORRIDOR,ROUTING_HOLD,NONE,,provinces/lumbini/districts/eastern-rukum.md,provinces/lumbini/visitor_ready/eastern-rukum.md
np-lumbini-eastern-rukum-local-ponds-of-the-rukumkot-basin,Lumbini,Eastern Rukum,Local ponds of the Rukumkot basin,Lakes and wetlands,Rukumkot and surrounding hills,,Needs local verification,WATER,ROUTING_HOLD,NONE,,provinces/lumbini/districts/eastern-rukum.md,provinces/lumbini/visitor_ready/eastern-rukum.md
np-lumbini-gulmi-resunga-hill,Lumbini,Gulmi,Resunga Hill,Religious sites and temples,Resunga Municipality,,Established,AREA,ROUTING_HOLD,NONE,,provinces/lumbini/districts/gulmi.md,provinces/lumbini/visitor_ready/gulmi.md
np-lumbini-gulmi-resunga-yagyashala-and-ashram-area,Lumbini,Gulmi,Resunga Yagyashala and ashram area,Religious sites and temples,Resunga Hill,,Established,AREA,ROUTING_HOLD,NONE,,provinces/lumbini/districts/gulmi.md,provinces/lumbini/visitor_ready/gulmi.md
np-lumbini-gulmi-resunga-forest-and-biodiversity-landscape,Lumbini,Gulmi,Resunga forest and biodiversity landscape,Natural attractions,Resunga Municipality,,Established,AREA,ROUTING_HOLD,NONE,,provinces/lumbini/districts/gulmi.md,provinces/lumbini/visitor_ready/gulmi.md
np-lumbini-gulmi-tamghas-historic-town-core,Lumbini,Gulmi,Tamghas historic town core,Historical and cultural places,Resunga Municipality,,Established,AREA,ROUTING_HOLD,NONE,,provinces/lumbini/districts/gulmi.md,provinces/lumbini/visitor_ready/gulmi.md
np-lumbini-gulmi-arjun-hill,Lumbini,Gulmi,Arjun Hill,Viewpoints and hill stations,Tamghas area,,Established,AREA,ROUTING_HOLD,NONE,,provinces/lumbini/districts/gulmi.md,provinces/lumbini/visitor_ready/gulmi.md
np-lumbini-gulmi-arjun-cave-religious-site,Lumbini,Gulmi,Arjun Cave religious site,Caves,"Arjun Hill, Tamghas area",,First-round researched,POINT,ROUTING_HOLD,NONE,,provinces/lumbini/districts/gulmi.md,provinces/lumbini/visitor_ready/gulmi.md
np-lumbini-gulmi-ruru-kshetra-ridi-pilgrimage-landscape,Lumbini,Gulmi,Ruru Kshetra / Ridi pilgrimage landscape,Religious sites and temples,Rurukshetra Rural Municipality,,Established,AREA,ROUTING_HOLD,NONE,,provinces/lumbini/districts/gulmi.md,provinces/lumbini/visitor_ready/gulmi.md
np-lumbini-gulmi-ridi-bazaar-heritage-settlement,Lumbini,Gulmi,Ridi Bazaar heritage settlement,Historical and cultural places,Rurukshetra Rural Municipality,,Established,AREA,ROUTING_HOLD,NONE,,provinces/lumbini/districts/gulmi.md,provinces/lumbini/visitor_ready/gulmi.md
np-lumbini-gulmi-kali-gandaki-river-at-ridi,Lumbini,Gulmi,Kali Gandaki River at Ridi,Rivers and waterfalls,Ridi area,,Established,CORRIDOR,ROUTING_HOLD,DYNAMIC,,provinces/lumbini/districts/gulmi.md,provinces/lumbini/visitor_ready/gulmi.md
np-lumbini-gulmi-rudrabeni-confluence-and-pilgrimage-area,Lumbini,Gulmi,Rudrabeni confluence and pilgrimage area,Religious sites and temples,Kali Gandaki–Badi Gad confluence area,,Established,AREA,ROUTING_HOLD,NONE,,provinces/lumbini/districts/gulmi.md,provinces/lumbini/visitor_ready/gulmi.md
np-lumbini-gulmi-bichitra-cave,Lumbini,Gulmi,Bichitra Cave,Caves,Dhurkot Rural Municipality,,Established,POINT,ROUTING_HOLD,NONE,,provinces/lumbini/districts/gulmi.md,provinces/lumbini/visitor_ready/gulmi.md
np-lumbini-gulmi-dhurkot-kot-former-dhurkot-kingdom-site,Lumbini,Gulmi,Dhurkot Kot / former Dhurkot kingdom site,"Museums, palaces, forts, and monuments",Dhurkot Rural Municipality,,Established,POINT,ROUTING_HOLD,NONE,,provinces/lumbini/districts/gulmi.md,provinces/lumbini/visitor_ready/gulmi.md
np-lumbini-gulmi-dhurkot-rajasthal,Lumbini,Gulmi,Dhurkot Rajasthal,Historical and cultural places,Dhurkot Rural Municipality,,Established,POINT,ROUTING_HOLD,NONE,,provinces/lumbini/districts/gulmi.md,provinces/lumbini/visitor_ready/gulmi.md
np-lumbini-gulmi-isma-kot-former-isma-kingdom-site,Lumbini,Gulmi,Isma Kot / former Isma kingdom site,"Museums, palaces, forts, and monuments",Isma Rural Municipality,,Established,POINT,ROUTING_HOLD,NONE,,provinces/lumbini/districts/gulmi.md,provinces/lumbini/visitor_ready/gulmi.md
np-lumbini-gulmi-gulmi-darbar-heritage-landscape,Lumbini,Gulmi,Gulmi Darbar heritage landscape,"Museums, palaces, forts, and monuments",Gulmi Darbar Rural Municipality,,Established,AREA,ROUTING_HOLD,NONE,,provinces/lumbini/districts/gulmi.md,provinces/lumbini/visitor_ready/gulmi.md
np-lumbini-gulmi-charpala-cultural-landscape,Lumbini,Gulmi,Charpala cultural landscape,Historical and cultural places,Gulmi district,,First-round researched,AREA,ROUTING_HOLD,NONE,,provinces/lumbini/districts/gulmi.md,provinces/lumbini/visitor_ready/gulmi.md
np-lumbini-gulmi-gyawa-kshetra,Lumbini,Gulmi,Gyawa Kshetra,Religious sites and temples,Gulmi district,,First-round researched,POINT,ROUTING_HOLD,NONE,,provinces/lumbini/districts/gulmi.md,provinces/lumbini/visitor_ready/gulmi.md
np-lumbini-gulmi-musikot-hill-and-heritage-area,Lumbini,Gulmi,Musikot hill and heritage area,Historical and cultural places,Musikot Municipality,,Established,AREA,ROUTING_HOLD,NONE,,provinces/lumbini/districts/gulmi.md,provinces/lumbini/visitor_ready/gulmi.md
np-lumbini-gulmi-wami-taksar-heritage-settlement,Lumbini,Gulmi,Wami Taksar heritage settlement,Historical and cultural places,Musikot Municipality,,Established,POINT,ROUTING_HOLD,NONE,,provinces/lumbini/districts/gulmi.md,provinces/lumbini/visitor_ready/gulmi.md
np-lumbini-gulmi-purtighat-and-kali-gandaki-river-corridor,Lumbini,Gulmi,Purtighat and Kali Gandaki river corridor,Rivers and waterfalls,Kaligandaki Rural Municipality,,Established,CORRIDOR,ROUTING_HOLD,DYNAMIC,,provinces/lumbini/districts/gulmi.md,provinces/lumbini/visitor_ready/gulmi.md
np-lumbini-gulmi-shantipur-chandrakot-hill-landscape,Lumbini,Gulmi,Shantipur–Chandrakot hill landscape,Viewpoints and hill stations,Chandrakot Rural Municipality,,First-round researched,AREA,ROUTING_HOLD,NONE,,provinces/lumbini/districts/gulmi.md,provinces/lumbini/visitor_ready/gulmi.md
np-lumbini-gulmi-madane-lekh-forest-and-ridge,Lumbini,Gulmi,Madane Lekh forest and ridge,Natural attractions,Madane Rural Municipality,,First-round researched,AREA,ROUTING_HOLD,NONE,,provinces/lumbini/districts/gulmi.md,provinces/lumbini/visitor_ready/gulmi.md
np-lumbini-gulmi-purkot-daha,Lumbini,Gulmi,Purkot Daha,Lakes and wetlands,Madane Rural Municipality area,,Needs local verification,WATER,ROUTING_HOLD,NONE,,provinces/lumbini/districts/gulmi.md,provinces/lumbini/visitor_ready/gulmi.md
np-lumbini-gulmi-aapchaur-coffee-agro-tourism-landscape,Lumbini,Gulmi,Aapchaur coffee agro-tourism landscape,Community tourism and notable villages,Gulmi district,,Established,AREA,ROUTING_HOLD,ENTRY_FEE,,provinces/lumbini/districts/gulmi.md,provinces/lumbini/visitor_ready/gulmi.md
np-lumbini-gulmi-dhurkot-orange-farming-landscape,Lumbini,Gulmi,Dhurkot orange-farming landscape,Community tourism and notable villages,Dhurkot Rural Municipality,,Established,AREA,ROUTING_HOLD,DYNAMIC,,provinces/lumbini/districts/gulmi.md,provinces/lumbini/visitor_ready/gulmi.md
np-lumbini-kapilvastu-tilaurakot-archaeological-site,Lumbini,Kapilvastu,Tilaurakot archaeological site,,,,READY_AREA,POINT,ROUTING_HOLD,NONE,,provinces/lumbini/districts/kapilvastu.md,provinces/lumbini/visitor_ready/kapilvastu.md
np-lumbini-kapilvastu-tilaurakot-eastern-gate,Lumbini,Kapilvastu,Tilaurakot eastern gate,,,,GIS_PIN_PENDING,POINT,ROUTING_HOLD,NONE,,provinces/lumbini/districts/kapilvastu.md,provinces/lumbini/visitor_ready/kapilvastu.md
np-lumbini-kapilvastu-tilaurakot-western-gate,Lumbini,Kapilvastu,Tilaurakot western gate,,,,GIS_PIN_PENDING,POINT,ROUTING_HOLD,NONE,,provinces/lumbini/districts/kapilvastu.md,provinces/lumbini/visitor_ready/kapilvastu.md
np-lumbini-kapilvastu-tilaurakot-fortification-ramparts-and-moat,Lumbini,Kapilvastu,Tilaurakot fortification ramparts and moat,,,,READY_AREA,POINT,ROUTING_HOLD,NONE,,provinces/lumbini/districts/kapilvastu.md,provinces/lumbini/visitor_ready/kapilvastu.md
np-lumbini-kapilvastu-kapilvastu-museum,Lumbini,Kapilvastu,Kapilvastu Museum,,,,PIN_VERIFY,POINT,ROUTING_HOLD,NONE,,provinces/lumbini/districts/kapilvastu.md,provinces/lumbini/visitor_ready/kapilvastu.md
np-lumbini-kapilvastu-kudan-nigrodharama,Lumbini,Kapilvastu,Kudan / Nigrodharama,,,,READY_AREA,POINT,ROUTING_HOLD,NONE,,provinces/lumbini/districts/kapilvastu.md,provinces/lumbini/visitor_ready/kapilvastu.md
np-lumbini-kapilvastu-gotihawa-ashoka-pillar,Lumbini,Kapilvastu,Gotihawa Ashoka Pillar,,,,PIN_VERIFY,POINT,ROUTING_HOLD,NONE,,provinces/lumbini/districts/kapilvastu.md,provinces/lumbini/visitor_ready/kapilvastu.md
np-lumbini-kapilvastu-gotihawa-archaeological-mound-and-stupa-area,Lumbini,Kapilvastu,Gotihawa archaeological mound and stupa area,,,,READY_AREA,AREA,ROUTING_HOLD,NONE,,provinces/lumbini/districts/kapilvastu.md,provinces/lumbini/visitor_ready/kapilvastu.md
np-lumbini-kapilvastu-niglihawa-ashoka-pillar,Lumbini,Kapilvastu,Niglihawa Ashoka Pillar,,,,PIN_VERIFY,POINT,ROUTING_HOLD,NONE,,provinces/lumbini/districts/kapilvastu.md,provinces/lumbini/visitor_ready/kapilvastu.md
np-lumbini-kapilvastu-nigali-sagar,Lumbini,Kapilvastu,Nigali Sagar,,,,READY_AREA,POINT,ROUTING_HOLD,NONE,,provinces/lumbini/districts/kapilvastu.md,provinces/lumbini/visitor_ready/kapilvastu.md
np-lumbini-kapilvastu-araurakot-archaeological-site,Lumbini,Kapilvastu,Araurakot archaeological site,,,,AREA_ACCESS_CHECK,POINT,ROUTING_HOLD,NONE,,provinces/lumbini/districts/kapilvastu.md,provinces/lumbini/visitor_ready/kapilvastu.md
np-lumbini-kapilvastu-sagarhawa-archaeological-site,Lumbini,Kapilvastu,Sagarhawa archaeological site,,,,AREA_ACCESS_CHECK,POINT,ROUTING_HOLD,NONE,,provinces/lumbini/districts/kapilvastu.md,provinces/lumbini/visitor_ready/kapilvastu.md
np-lumbini-kapilvastu-sagarhawa-reservoir-lumbusagar,Lumbini,Kapilvastu,Sagarhawa reservoir / Lumbusagar,,,,ROUTE_TO_SHORE,POINT,ROUTING_HOLD,NONE,,provinces/lumbini/districts/kapilvastu.md,provinces/lumbini/visitor_ready/kapilvastu.md
np-lumbini-kapilvastu-sisaniya-archaeological-site,Lumbini,Kapilvastu,Sisaniya archaeological site,,,,ACCESS_VERIFY,POINT,ROUTING_HOLD,NONE,,provinces/lumbini/districts/kapilvastu.md,provinces/lumbini/visitor_ready/kapilvastu.md
np-lumbini-kapilvastu-kanthak-stupa,Lumbini,Kapilvastu,Kanthak Stupa,,,,PIN_VERIFY,POINT,ROUTING_HOLD,NONE,,provinces/lumbini/districts/kapilvastu.md,provinces/lumbini/visitor_ready/kapilvastu.md
np-lumbini-kapilvastu-twin-stupas,Lumbini,Kapilvastu,Twin Stupas,,,,PIN_VERIFY,POINT,ROUTING_HOLD,NONE,,provinces/lumbini/districts/kapilvastu.md,provinces/lumbini/visitor_ready/kapilvastu.md
np-lumbini-kapilvastu-lohasariya-archaeological-site,Lumbini,Kapilvastu,Lohasariya archaeological site,,,,ACCESS_VERIFY,POINT,ROUTING_HOLD,NONE,,provinces/lumbini/districts/kapilvastu.md,provinces/lumbini/visitor_ready/kapilvastu.md
np-lumbini-kapilvastu-piprahawa-pipari-stupa-landscape-nepal-sector,Lumbini,Kapilvastu,"Piprahawa / Pipari stupa landscape, Nepal sector",,,,ROUTING_HOLD,AREA,ROUTING_HOLD,NONE,,provinces/lumbini/districts/kapilvastu.md,provinces/lumbini/visitor_ready/kapilvastu.md
np-lumbini-kapilvastu-jagadishpur-reservoir,Lumbini,Kapilvastu,Jagadishpur Reservoir,,,,READY_AREA,POINT,ROUTING_HOLD,NONE,,provinces/lumbini/districts/kapilvastu.md,provinces/lumbini/visitor_ready/kapilvastu.md
np-lumbini-kapilvastu-jagadishpur-birdwatching-area,Lumbini,Kapilvastu,Jagadishpur birdwatching area,,,,ACCESS_NODE_REQUIRED,AREA,ROUTING_HOLD,NONE,,provinces/lumbini/districts/kapilvastu.md,provinces/lumbini/visitor_ready/kapilvastu.md
np-lumbini-kapilvastu-banganga-river-corridor,Lumbini,Kapilvastu,Banganga River corridor,,,,ROUTE_NODE_REQUIRED,CORRIDOR,ROUTING_HOLD,NONE,,provinces/lumbini/districts/kapilvastu.md,provinces/lumbini/visitor_ready/kapilvastu.md
np-lumbini-kapilvastu-arghakhanchi-kapilvastu-chure-foothill-forest-belt,Lumbini,Kapilvastu,Arghakhanchi–Kapilvastu Chure foothill forest belt,,,,ROUTING_HOLD_FOR_TRAILS,AREA,ROUTING_HOLD,NONE,,provinces/lumbini/districts/kapilvastu.md,provinces/lumbini/visitor_ready/kapilvastu.md
np-lumbini-kapilvastu-tauleshwor-nath-temple,Lumbini,Kapilvastu,Tauleshwor Nath Temple,,,,PIN_VERIFY,POINT,ROUTING_HOLD,NONE,,provinces/lumbini/districts/kapilvastu.md,provinces/lumbini/visitor_ready/kapilvastu.md
np-lumbini-kapilvastu-ramghat-and-banganga-riverside-religious-area,Lumbini,Kapilvastu,Ramghat and Banganga riverside religious area,,,,ROUTING_HOLD,CORRIDOR,ROUTING_HOLD,NONE,,provinces/lumbini/districts/kapilvastu.md,provinces/lumbini/visitor_ready/kapilvastu.md
np-lumbini-kapilvastu-shivagadhi-local-chure-religious-hill-sites,Lumbini,Kapilvastu,Shivagadhi / local Chure religious-hill sites,,,,ROUTING_HOLD,AREA,ROUTING_HOLD,NONE,,provinces/lumbini/districts/kapilvastu.md,provinces/lumbini/visitor_ready/kapilvastu.md
np-lumbini-kapilvastu-tharu-cultural-villages-of-western-kapilvastu,Lumbini,Kapilvastu,Tharu cultural villages of western Kapilvastu,,,,PRODUCT_VERIFY,AREA,ROUTING_HOLD,NONE,,provinces/lumbini/districts/kapilvastu.md,provinces/lumbini/visitor_ready/kapilvastu.md
np-lumbini-kapilvastu-taulihawa-historic-bazaar-and-buddhist-circuit-gateway,Lumbini,Kapilvastu,Taulihawa historic bazaar and Buddhist-circuit gateway,,,,READY_AREA,ROUTE,ROUTING_HOLD,NONE,,provinces/lumbini/districts/kapilvastu.md,provinces/lumbini/visitor_ready/kapilvastu.md
np-lumbini-nawalparasi-west-ramgrama-stupa,Lumbini,Nawalparasi West,Ramgrama Stupa,,,,READY_POINT,POINT,ROUTING_HOLD,NONE,,provinces/lumbini/districts/nawalparasi-west.md,provinces/lumbini/visitor_ready/nawalparasi-west.md
np-lumbini-nawalparasi-west-ramgrama-archaeological-landscape,Lumbini,Nawalparasi West,Ramgrama archaeological landscape,,,,READY_AREA,AREA,ROUTING_HOLD,NONE,,provinces/lumbini/districts/nawalparasi-west.md,provinces/lumbini/visitor_ready/nawalparasi-west.md
np-lumbini-nawalparasi-west-ramgrama-buried-monastic-remains,Lumbini,Nawalparasi West,Ramgrama buried monastic remains,,,,NOT_SEPARATE_ROUTE,POINT,ROUTING_HOLD,NONE,,provinces/lumbini/districts/nawalparasi-west.md,provinces/lumbini/visitor_ready/nawalparasi-west.md
np-lumbini-nawalparasi-west-ramgrama-pilgrimage-area,Lumbini,Nawalparasi West,Ramgrama pilgrimage area,,,,READY_AREA,AREA,ROUTING_HOLD,NONE,,provinces/lumbini/districts/nawalparasi-west.md,provinces/lumbini/visitor_ready/nawalparasi-west.md
np-lumbini-nawalparasi-west-ramgrama-sacred-bodhi-tree-area,Lumbini,Nawalparasi West,Ramgrama sacred Bodhi tree area,,,,READY_AREA,AREA,ROUTING_HOLD,NONE,,provinces/lumbini/districts/nawalparasi-west.md,provinces/lumbini/visitor_ready/nawalparasi-west.md
np-lumbini-nawalparasi-west-palhi-bhagwati-temple,Lumbini,Nawalparasi West,Palhi Bhagwati Temple,,,,PIN_VERIFY,POINT,ROUTING_HOLD,NONE,,provinces/lumbini/districts/nawalparasi-west.md,provinces/lumbini/visitor_ready/nawalparasi-west.md
np-lumbini-nawalparasi-west-parasi-historic-town-core,Lumbini,Nawalparasi West,Parasi historic town core,,,,READY_AREA,AREA,ROUTING_HOLD,NONE,,provinces/lumbini/districts/nawalparasi-west.md,provinces/lumbini/visitor_ready/nawalparasi-west.md
np-lumbini-nawalparasi-west-buddha-chowk-parasi,Lumbini,Nawalparasi West,"Buddha Chowk, Parasi",,,,PIN_VERIFY,POINT,ROUTING_HOLD,NONE,,provinces/lumbini/districts/nawalparasi-west.md,provinces/lumbini/visitor_ready/nawalparasi-west.md
np-lumbini-nawalparasi-west-jharahi-river-corridor,Lumbini,Nawalparasi West,Jharahi River corridor,,,,ROUTE_NODE_REQUIRED,CORRIDOR,ROUTING_HOLD,NONE,,provinces/lumbini/districts/nawalparasi-west.md,provinces/lumbini/visitor_ready/nawalparasi-west.md
np-lumbini-nawalparasi-west-daunne-devi-temple,Lumbini,Nawalparasi West,Daunne Devi Temple,,,,READY_POINT,POINT,ROUTING_HOLD,NONE,,provinces/lumbini/districts/nawalparasi-west.md,provinces/lumbini/visitor_ready/nawalparasi-west.md
np-lumbini-nawalparasi-west-daunne-hill-ridge,Lumbini,Nawalparasi West,Daunne Hill / ridge,,,,ACCESS_NODE_REQUIRED,AREA,ROUTING_HOLD,NONE,,provinces/lumbini/districts/nawalparasi-west.md,provinces/lumbini/visitor_ready/nawalparasi-west.md
np-lumbini-nawalparasi-west-daunne-forest-landscape,Lumbini,Nawalparasi West,Daunne forest landscape,,,,TRAIL_VERIFY,AREA,ROUTING_HOLD,NONE,,provinces/lumbini/districts/nawalparasi-west.md,provinces/lumbini/visitor_ready/nawalparasi-west.md
np-lumbini-nawalparasi-west-sansarkot-viewpoint,Lumbini,Nawalparasi West,Sansarkot viewpoint,,,,ROUTING_HOLD_UNTIL_PIN,POINT,ROUTING_HOLD,NONE,,provinces/lumbini/districts/nawalparasi-west.md,provinces/lumbini/visitor_ready/nawalparasi-west.md
np-lumbini-nawalparasi-west-kanchangadhi-heritage-hill,Lumbini,Nawalparasi West,Kanchangadhi heritage hill,,,,ROUTING_HOLD,AREA,ROUTING_HOLD,NONE,,provinces/lumbini/districts/nawalparasi-west.md,provinces/lumbini/visitor_ready/nawalparasi-west.md
np-lumbini-nawalparasi-west-kanchankuti-area,Lumbini,Nawalparasi West,Kanchankuti area,,,,ROUTING_HOLD,AREA,ROUTING_HOLD,NONE,,provinces/lumbini/districts/nawalparasi-west.md,provinces/lumbini/visitor_ready/nawalparasi-west.md
np-lumbini-nawalparasi-west-buddhamangal-tal,Lumbini,Nawalparasi West,Buddhamangal Tal,,,,ROUTING_HOLD,POINT,ROUTING_HOLD,NONE,,provinces/lumbini/districts/nawalparasi-west.md,provinces/lumbini/visitor_ready/nawalparasi-west.md
np-lumbini-nawalparasi-west-baunna-ghola-wetland,Lumbini,Nawalparasi West,Baunna Ghola wetland,,,,ROUTING_HOLD,WATER,ROUTING_HOLD,NONE,,provinces/lumbini/districts/nawalparasi-west.md,provinces/lumbini/visitor_ready/nawalparasi-west.md
np-lumbini-nawalparasi-west-shahid-smriti-park-bardaghat,Lumbini,Nawalparasi West,"Shahid Smriti Park, Bardaghat",,,,PIN_VERIFY,POINT,ROUTING_HOLD,NONE,,provinces/lumbini/districts/nawalparasi-west.md,provinces/lumbini/visitor_ready/nawalparasi-west.md
np-lumbini-nawalparasi-west-susta-gandak-river-landscape,Lumbini,Nawalparasi West,Susta–Gandak river landscape,,,,DYNAMIC_ACCESS,CORRIDOR,ROUTING_HOLD,NONE,,provinces/lumbini/districts/nawalparasi-west.md,provinces/lumbini/visitor_ready/nawalparasi-west.md
np-lumbini-nawalparasi-west-susta-community-and-border-landscape,Lumbini,Nawalparasi West,Susta community and border landscape,,,,DYNAMIC_ACCESS,AREA,ROUTING_HOLD,NONE,,provinces/lumbini/districts/nawalparasi-west.md,provinces/lumbini/visitor_ready/nawalparasi-west.md
np-lumbini-nawalparasi-west-triveni-gandak-western-corridor,Lumbini,Nawalparasi West,Triveni–Gandak western corridor,,,,SHARED_CORRIDOR,CORRIDOR,ROUTING_HOLD,NONE,,provinces/lumbini/districts/nawalparasi-west.md,provinces/lumbini/visitor_ready/nawalparasi-west.md
np-lumbini-nawalparasi-west-gandak-barrage-and-canal-landscape,Lumbini,Nawalparasi West,Gandak Barrage and canal landscape,,,,ACCESS_PERMISSION_CHECK,AREA,ROUTING_HOLD,NONE,,provinces/lumbini/districts/nawalparasi-west.md,provinces/lumbini/visitor_ready/nawalparasi-west.md
np-lumbini-palpa-medieval-town-of-tansen-heritage-landscape,Lumbini,Palpa,Medieval Town of Tansen heritage landscape,,,,READY_AREA,AREA,ROUTING_HOLD,NONE,,provinces/lumbini/districts/palpa.md,provinces/lumbini/visitor_ready/palpa.md
np-lumbini-palpa-tansen-durbar,Lumbini,Palpa,Tansen Durbar,,,,READY_POINT,POINT,ROUTING_HOLD,NONE,,provinces/lumbini/districts/palpa.md,provinces/lumbini/visitor_ready/palpa.md
np-lumbini-palpa-tansen-durbar-museum,Lumbini,Palpa,Tansen Durbar Museum,,,,PIN_VERIFY,POINT,ROUTING_HOLD,NONE,,provinces/lumbini/districts/palpa.md,provinces/lumbini/visitor_ready/palpa.md
np-lumbini-palpa-mul-dhoka,Lumbini,Palpa,Mul Dhoka,,,,READY_POINT,POINT,ROUTING_HOLD,NONE,,provinces/lumbini/districts/palpa.md,provinces/lumbini/visitor_ready/palpa.md
np-lumbini-palpa-sitalpati-and-golghar,Lumbini,Palpa,Sitalpati and Golghar,,,,READY_POINT,POINT,ROUTING_HOLD,NONE,,provinces/lumbini/districts/palpa.md,provinces/lumbini/visitor_ready/palpa.md
np-lumbini-palpa-bhagwati-temple-ran-ujjeshwari-bhagwati,Lumbini,Palpa,Bhagwati Temple / Ran-Ujjeshwari Bhagwati,,,,READY_POINT,POINT,ROUTING_HOLD,NONE,,provinces/lumbini/districts/palpa.md,provinces/lumbini/visitor_ready/palpa.md
np-lumbini-palpa-amar-narayan-temple,Lumbini,Palpa,Amar Narayan Temple,,,,READY_POINT,POINT,ROUTING_HOLD,NONE,,provinces/lumbini/districts/palpa.md,provinces/lumbini/visitor_ready/palpa.md
np-lumbini-palpa-mahachaitya-vihar,Lumbini,Palpa,Mahachaitya Vihar,,,,PIN_VERIFY,POINT,ROUTING_HOLD,NONE,,provinces/lumbini/districts/palpa.md,provinces/lumbini/visitor_ready/palpa.md
np-lumbini-palpa-taksar-heritage-quarter,Lumbini,Palpa,Taksar heritage quarter,,,,READY_AREA,POINT,ROUTING_HOLD,NONE,,provinces/lumbini/districts/palpa.md,provinces/lumbini/visitor_ready/palpa.md
np-lumbini-palpa-palpali-dhaka-weaving-heritage,Lumbini,Palpa,Palpali Dhaka weaving heritage,,,,PRODUCT_VERIFY,POINT,ROUTING_HOLD,NONE,,provinces/lumbini/districts/palpa.md,provinces/lumbini/visitor_ready/palpa.md
np-lumbini-palpa-srinagar-hill,Lumbini,Palpa,Srinagar Hill,,,,READY_AREA,AREA,ROUTING_HOLD,NONE,,provinces/lumbini/districts/palpa.md,provinces/lumbini/visitor_ready/palpa.md
np-lumbini-palpa-srinagar-fort-durbar-area,Lumbini,Palpa,Srinagar Fort / Durbar area,,,,GIS_VERIFY,AREA,ROUTING_HOLD,NONE,,provinces/lumbini/districts/palpa.md,provinces/lumbini/visitor_ready/palpa.md
np-lumbini-palpa-purankot-durbar-fort-landscape,Lumbini,Palpa,Purankot Durbar / fort landscape,,,,ROUTING_HOLD,AREA,ROUTING_HOLD,NONE,,provinces/lumbini/districts/palpa.md,provinces/lumbini/visitor_ready/palpa.md
np-lumbini-palpa-rani-mahal-ranighat-palace,Lumbini,Palpa,Rani Mahal / Ranighat Palace,,,,READY_POINT_WITH_DYNAMIC_ACCESS,POINT,ROUTING_HOLD,NONE,,provinces/lumbini/districts/palpa.md,provinces/lumbini/visitor_ready/palpa.md
np-lumbini-palpa-ranighat-palace-museum,Lumbini,Palpa,Ranighat Palace Museum,,,,INTERNAL_POI,POINT,ROUTING_HOLD,NONE,,provinces/lumbini/districts/palpa.md,provinces/lumbini/visitor_ready/palpa.md
np-lumbini-palpa-rani-ghat-and-rani-ban-landscape,Lumbini,Palpa,Rani Ghat and Rani Ban landscape,,,,READY_AREA,AREA,ROUTING_HOLD,NONE,,provinces/lumbini/districts/palpa.md,provinces/lumbini/visitor_ready/palpa.md
np-lumbini-palpa-bhairabsthan-temple,Lumbini,Palpa,Bhairabsthan Temple,,,,PIN_VERIFY,POINT,ROUTING_HOLD,NONE,,provinces/lumbini/districts/palpa.md,provinces/lumbini/visitor_ready/palpa.md
np-lumbini-palpa-rambha-devi-temple,Lumbini,Palpa,Rambha Devi Temple,,,,ACCESS_VERIFY,POINT,ROUTING_HOLD,NONE,,provinces/lumbini/districts/palpa.md,provinces/lumbini/visitor_ready/palpa.md
np-lumbini-palpa-satyawati-lake-and-pilgrimage-area,Lumbini,Palpa,Satyawati Lake and pilgrimage area,,,,ACCESS_VERIFY,WATER,ROUTING_HOLD,NONE,,provinces/lumbini/districts/palpa.md,provinces/lumbini/visitor_ready/palpa.md
np-lumbini-palpa-mahamrityunjaya-shiva-statue-barangdi,Lumbini,Palpa,"Mahamrityunjaya Shiva statue, Barangdi",,,,PIN_VERIFY,POINT,ROUTING_HOLD,NONE,,provinces/lumbini/districts/palpa.md,provinces/lumbini/visitor_ready/palpa.md
np-lumbini-palpa-rishikesh-complex-of-ruru-kshetra,Lumbini,Palpa,Rishikesh Complex of Ruru Kshetra,,,,SHARED_AREA,POINT,ROUTING_HOLD,NONE,,provinces/lumbini/districts/palpa.md,provinces/lumbini/visitor_ready/palpa.md
np-lumbini-palpa-ridi-heritage-settlement,Lumbini,Palpa,Ridi heritage settlement,,,,SHARED_AREA,POINT,ROUTING_HOLD,NONE,,provinces/lumbini/districts/palpa.md,provinces/lumbini/visitor_ready/palpa.md
np-lumbini-palpa-ridi-ghat-and-kali-gandaki-sacred-bathing-area,Lumbini,Palpa,Ridi Ghat and Kali Gandaki sacred-bathing area,,,,READY_AREA,AREA,ROUTING_HOLD,NONE,,provinces/lumbini/districts/palpa.md,provinces/lumbini/visitor_ready/palpa.md
np-lumbini-palpa-ramdi-religious-and-river-crossing-area,Lumbini,Palpa,Ramdi religious and river-crossing area,,,,SHARED_NODE,CORRIDOR,ROUTING_HOLD,NONE,,provinces/lumbini/districts/palpa.md,provinces/lumbini/visitor_ready/palpa.md
np-lumbini-palpa-argali-palace,Lumbini,Palpa,Argali Palace,,,,ROUTING_HOLD,POINT,ROUTING_HOLD,NONE,,provinces/lumbini/districts/palpa.md,provinces/lumbini/visitor_ready/palpa.md
np-lumbini-palpa-argali-heritage-village-and-terraced-landscape,Lumbini,Palpa,Argali heritage village and terraced landscape,,,,AREA_VERIFY,AREA,ROUTING_HOLD,NONE,,provinces/lumbini/districts/palpa.md,provinces/lumbini/visitor_ready/palpa.md
np-lumbini-palpa-madanpokhara-agro-tourism-landscape,Lumbini,Palpa,Madanpokhara agro-tourism landscape,,,,PRODUCT_VERIFY,AREA,ROUTING_HOLD,NONE,,provinces/lumbini/districts/palpa.md,provinces/lumbini/visitor_ready/palpa.md
np-lumbini-palpa-madi-valley-viewpoint-and-agricultural-landscape,Lumbini,Palpa,Madi Valley viewpoint and agricultural landscape,,,,ROUTE_NODE_REQUIRED,CORRIDOR,ROUTING_HOLD,NONE,,provinces/lumbini/districts/palpa.md,provinces/lumbini/visitor_ready/palpa.md
np-lumbini-palpa-rampur-valley-and-kali-gandaki-riverfront,Lumbini,Palpa,Rampur Valley and Kali Gandaki riverfront,,,,READY_AREA,CORRIDOR,ROUTING_HOLD,NONE,,provinces/lumbini/districts/palpa.md,provinces/lumbini/visitor_ready/palpa.md
np-lumbini-palpa-nuwakot-bakumgadhi-historic-fort-landscape,Lumbini,Palpa,Nuwakot–Bakumgadhi historic fort landscape,,,,ROUTING_HOLD,AREA,ROUTING_HOLD,NONE,,provinces/lumbini/districts/palpa.md,provinces/lumbini/visitor_ready/palpa.md
np-lumbini-pyuthan-swargadwari-temple-complex,Lumbini,Pyuthan,Swargadwari Temple Complex,Religious sites and temples,Swargadwari Municipality,,Established,POINT,ROUTING_HOLD,NONE,,provinces/lumbini/districts/pyuthan.md,provinces/lumbini/visitor_ready/pyuthan.md
np-lumbini-pyuthan-swargadwari-pilgrimage-trail,Lumbini,Pyuthan,Swargadwari pilgrimage trail,Trekking areas and mountain destinations,Bhingri–Swargadwari corridor,,Established,ROUTE,ROUTING_HOLD,DYNAMIC,,provinces/lumbini/districts/pyuthan.md,provinces/lumbini/visitor_ready/pyuthan.md
np-lumbini-pyuthan-swargadwari-hill-viewpoint,Lumbini,Pyuthan,Swargadwari hill viewpoint,Viewpoints and hill stations,Swargadwari area,,Established,AREA,ROUTING_HOLD,NONE,,provinces/lumbini/districts/pyuthan.md,provinces/lumbini/visitor_ready/pyuthan.md
np-lumbini-pyuthan-gaumukhi-pilgrimage-area,Lumbini,Pyuthan,Gaumukhi pilgrimage area,Religious sites and temples,Gaumukhi Rural Municipality,,Established,AREA,ROUTING_HOLD,NONE,,provinces/lumbini/districts/pyuthan.md,provinces/lumbini/visitor_ready/pyuthan.md
np-lumbini-pyuthan-gaumukhi-forest-and-headwater-landscape,Lumbini,Pyuthan,Gaumukhi forest and headwater landscape,Natural attractions,Northern Pyuthan,,First-round researched,AREA,ROUTING_HOLD,NONE,,provinces/lumbini/districts/pyuthan.md,provinces/lumbini/visitor_ready/pyuthan.md
np-lumbini-pyuthan-jhimruk-valley,Lumbini,Pyuthan,Jhimruk Valley,Natural attractions,Central Pyuthan,,Established,CORRIDOR,ROUTING_HOLD,NONE,,provinces/lumbini/districts/pyuthan.md,provinces/lumbini/visitor_ready/pyuthan.md
np-lumbini-pyuthan-jhimruk-river-corridor,Lumbini,Pyuthan,Jhimruk River corridor,Rivers and waterfalls,Central and southern Pyuthan,,Established,CORRIDOR,ROUTING_HOLD,NONE,,provinces/lumbini/districts/pyuthan.md,provinces/lumbini/visitor_ready/pyuthan.md
np-lumbini-pyuthan-madi-river-corridor,Lumbini,Pyuthan,Madi River corridor,Rivers and waterfalls,Western/southern Pyuthan,,Established,CORRIDOR,ROUTING_HOLD,NONE,,provinces/lumbini/districts/pyuthan.md,provinces/lumbini/visitor_ready/pyuthan.md
np-lumbini-pyuthan-madi-jhimruk-confluence,Lumbini,Pyuthan,Madi–Jhimruk confluence,Natural attractions,Southern Pyuthan,,Established,POINT,ROUTING_HOLD,DYNAMIC,,provinces/lumbini/districts/pyuthan.md,provinces/lumbini/visitor_ready/pyuthan.md
np-lumbini-pyuthan-pyuthan-khalanga-heritage-town,Lumbini,Pyuthan,Pyuthan Khalanga heritage town,Historical and cultural places,Pyuthan Municipality,,Established,AREA,ROUTING_HOLD,NONE,,provinces/lumbini/districts/pyuthan.md,provinces/lumbini/visitor_ready/pyuthan.md
np-lumbini-pyuthan-bijuwar-historic-market-area,Lumbini,Pyuthan,Bijuwar historic market area,Historical and cultural places,Pyuthan Municipality,,Established,AREA,ROUTING_HOLD,NONE,,provinces/lumbini/districts/pyuthan.md,provinces/lumbini/visitor_ready/pyuthan.md
np-lumbini-pyuthan-okharkot,Lumbini,Pyuthan,Okharkot,Historical and cultural places,Jhimruk Rural Municipality area,,Established,POINT,ROUTING_HOLD,NONE,,provinces/lumbini/districts/pyuthan.md,provinces/lumbini/visitor_ready/pyuthan.md
np-lumbini-pyuthan-okharkot-ridge-viewpoint,Lumbini,Pyuthan,Okharkot ridge viewpoint,Viewpoints and hill stations,Okharkot area,,First-round researched,AREA,ROUTING_HOLD,NONE,,provinces/lumbini/districts/pyuthan.md,provinces/lumbini/visitor_ready/pyuthan.md
np-lumbini-pyuthan-udayapur-kot,Lumbini,Pyuthan,Udayapur Kot,"Museums, palaces, forts, and monuments",Local verification required,,First-round researched,POINT,ROUTING_HOLD,NONE,,provinces/lumbini/districts/pyuthan.md,provinces/lumbini/visitor_ready/pyuthan.md
np-lumbini-pyuthan-dhunge-gadhi,Lumbini,Pyuthan,Dhunge Gadhi,"Museums, palaces, forts, and monuments",Local verification required,,First-round researched,POINT,ROUTING_HOLD,NONE,,provinces/lumbini/districts/pyuthan.md,provinces/lumbini/visitor_ready/pyuthan.md
np-lumbini-pyuthan-khaira-gorakhnath-temple,Lumbini,Pyuthan,Khaira Gorakhnath Temple,Religious sites and temples,Khaira area,,First-round researched,POINT,ROUTING_HOLD,NONE,,provinces/lumbini/districts/pyuthan.md,provinces/lumbini/visitor_ready/pyuthan.md
np-lumbini-pyuthan-khalanga-shivalaya,Lumbini,Pyuthan,Khalanga Shivalaya,Religious sites and temples,Pyuthan Khalanga,,Established,POINT,ROUTING_HOLD,NONE,,provinces/lumbini/districts/pyuthan.md,provinces/lumbini/visitor_ready/pyuthan.md
np-lumbini-pyuthan-jalpadevi-temple-bijuwar,Lumbini,Pyuthan,"Jalpadevi Temple, Bijuwar",Religious sites and temples,Bijuwar area,,First-round researched,POINT,ROUTING_HOLD,NONE,,provinces/lumbini/districts/pyuthan.md,provinces/lumbini/visitor_ready/pyuthan.md
np-lumbini-pyuthan-tripurasundari-temple,Lumbini,Pyuthan,Tripurasundari Temple,Religious sites and temples,Local verification required,,First-round researched,POINT,ROUTING_HOLD,NONE,,provinces/lumbini/districts/pyuthan.md,provinces/lumbini/visitor_ready/pyuthan.md
np-lumbini-pyuthan-sarikot-heritage-settlement,Lumbini,Pyuthan,Sarikot heritage settlement,Community tourism and notable villages,Sarumarani/Sarikot area,,First-round researched,AREA,ROUTING_HOLD,NONE,,provinces/lumbini/districts/pyuthan.md,provinces/lumbini/visitor_ready/pyuthan.md
np-lumbini-pyuthan-lisne-lekh-eastern-approach,Lumbini,Pyuthan,Lisne Lekh eastern approach,Viewpoints and hill stations,Pyuthan–Rolpa border,,First-round researched,AREA,ROUTING_HOLD,NONE,,provinces/lumbini/districts/pyuthan.md,provinces/lumbini/visitor_ready/pyuthan.md
np-lumbini-pyuthan-bhingri-gateway-settlement,Lumbini,Pyuthan,Bhingri gateway settlement,Community tourism and notable villages,Swargadwari Municipality,,Established,AREA,ROUTING_HOLD,NONE,,provinces/lumbini/districts/pyuthan.md,provinces/lumbini/visitor_ready/pyuthan.md
np-lumbini-pyuthan-pyuthan-rural-homestay-and-magar-culture-belt,Lumbini,Pyuthan,Pyuthan rural homestay and Magar culture belt,Community tourism and notable villages,Northern and western rural municipalities,,Needs local verification,AREA,ROUTING_HOLD,NONE,,provinces/lumbini/districts/pyuthan.md,provinces/lumbini/visitor_ready/pyuthan.md
np-lumbini-rolpa-jaljala-tourism-area,Lumbini,Rolpa,Jaljala Tourism Area,Major tourist attractions,Thabang and Sunchhahari rural municipalities,,Government-recognized / established,AREA,ROUTING_HOLD,NONE,,provinces/lumbini/districts/rolpa.md,provinces/lumbini/visitor_ready/rolpa.md
np-lumbini-rolpa-jaljala-grasslands-and-marshes,Lumbini,Rolpa,Jaljala grasslands and marshes,Natural attractions,Jaljala highlands,,Established,POINT,ROUTING_HOLD,DYNAMIC,,provinces/lumbini/districts/rolpa.md,provinces/lumbini/visitor_ready/rolpa.md
np-lumbini-rolpa-jaljala-ridge-viewpoints,Lumbini,Rolpa,Jaljala ridge viewpoints,Viewpoints and hill stations,Jaljala highlands,,Established,AREA,ROUTING_HOLD,NONE,,provinces/lumbini/districts/rolpa.md,provinces/lumbini/visitor_ready/rolpa.md
np-lumbini-rolpa-jaljala-trekking-routes,Lumbini,Rolpa,Jaljala trekking routes,Trekking areas and mountain destinations,Thabang–Jelbang–Uwa approaches,,Established,ROUTE,ROUTING_HOLD,NONE,,provinces/lumbini/districts/rolpa.md,provinces/lumbini/visitor_ready/rolpa.md
np-lumbini-rolpa-thabang-village,Lumbini,Rolpa,Thabang village,Community tourism and notable villages,Thabang Rural Municipality,,Established,AREA,ROUTING_HOLD,NONE,,provinces/lumbini/districts/rolpa.md,provinces/lumbini/visitor_ready/rolpa.md
np-lumbini-rolpa-thabang-cultural-landscape,Lumbini,Rolpa,Thabang cultural landscape,Historical and cultural places,Thabang area,,Established,AREA,ROUTING_HOLD,NONE,,provinces/lumbini/districts/rolpa.md,provinces/lumbini/visitor_ready/rolpa.md
np-lumbini-rolpa-guerrilla-trek-rolpa-section,Lumbini,Rolpa,"Guerrilla Trek, Rolpa section",Trekking areas and mountain destinations,Thabang–Jaljala and connecting corridors,,Government-promoted / established,ROUTE,ROUTING_HOLD,NONE,,provinces/lumbini/districts/rolpa.md,provinces/lumbini/visitor_ready/rolpa.md
np-lumbini-rolpa-jelbang-village,Lumbini,Rolpa,Jelbang village,Community tourism and notable villages,Sunchhahari Rural Municipality,,Established,AREA,ROUTING_HOLD,NONE,,provinces/lumbini/districts/rolpa.md,provinces/lumbini/visitor_ready/rolpa.md
np-lumbini-rolpa-uwa-village-and-approach,Lumbini,Rolpa,Uwa village and approach,Community tourism and notable villages,Northern Rolpa,,First-round researched,AREA,ROUTING_HOLD,NONE,,provinces/lumbini/districts/rolpa.md,provinces/lumbini/visitor_ready/rolpa.md
np-lumbini-rolpa-libang-historic-town-core,Lumbini,Rolpa,Libang historic town core,Historical and cultural places,Rolpa Municipality,,Established,AREA,ROUTING_HOLD,NONE,,provinces/lumbini/districts/rolpa.md,provinces/lumbini/visitor_ready/rolpa.md
np-lumbini-rolpa-rolpa-museum-conflict-memory-interpretation,Lumbini,Rolpa,Rolpa Museum / conflict-memory interpretation,"Museums, palaces, forts, and monuments",Libang area,,Needs local verification,POINT,ROUTING_HOLD,OPERATOR_DEPENDENT;DYNAMIC,,provinces/lumbini/districts/rolpa.md,provinces/lumbini/visitor_ready/rolpa.md
np-lumbini-rolpa-gajulkot-palace-ruins,Lumbini,Rolpa,Gajulkot palace ruins,"Museums, palaces, forts, and monuments",Gajul area,,Established,POINT,ROUTING_HOLD,NONE,,provinces/lumbini/districts/rolpa.md,provinces/lumbini/visitor_ready/rolpa.md
np-lumbini-rolpa-gajul-heritage-landscape,Lumbini,Rolpa,Gajul heritage landscape,Historical and cultural places,Gajul area,,Established,AREA,ROUTING_HOLD,NONE,,provinces/lumbini/districts/rolpa.md,provinces/lumbini/visitor_ready/rolpa.md
np-lumbini-rolpa-khungrikot,Lumbini,Rolpa,Khungrikot,"Museums, palaces, forts, and monuments",Local verification required,,First-round researched,POINT,ROUTING_HOLD,NONE,,provinces/lumbini/districts/rolpa.md,provinces/lumbini/visitor_ready/rolpa.md
np-lumbini-rolpa-jankot-jhankristhan,Lumbini,Rolpa,Jankot Jhankristhan,Religious sites and temples,Jankot area,,First-round researched,POINT,ROUTING_HOLD,NONE,,provinces/lumbini/districts/rolpa.md,provinces/lumbini/visitor_ready/rolpa.md
np-lumbini-rolpa-bhama-odar,Lumbini,Rolpa,Bhama Odar,Caves,Local verification required,,First-round researched,POINT,ROUTING_HOLD,NONE,,provinces/lumbini/districts/rolpa.md,provinces/lumbini/visitor_ready/rolpa.md
np-lumbini-rolpa-kothi-bhir-gam,Lumbini,Rolpa,"Kothi Bhir, Gam",Natural attractions,Gam area,,First-round researched,POINT,ROUTING_HOLD,NONE,,provinces/lumbini/districts/rolpa.md,provinces/lumbini/visitor_ready/rolpa.md
np-lumbini-rolpa-gari-lake-jaulipokhari,Lumbini,Rolpa,Gari Lake / Jaulipokhari,Lakes and wetlands,Local verification required,,First-round researched,WATER,ROUTING_HOLD,DYNAMIC,,provinces/lumbini/districts/rolpa.md,provinces/lumbini/visitor_ready/rolpa.md
np-lumbini-rolpa-bibang-daha,Lumbini,Rolpa,Bibang Daha,Lakes and wetlands,Gam area,,First-round researched,WATER,ROUTING_HOLD,NONE,,provinces/lumbini/districts/rolpa.md,provinces/lumbini/visitor_ready/rolpa.md
np-lumbini-rolpa-murelle-lake-holeri,Lumbini,Rolpa,"Murelle Lake, Holeri",Lakes and wetlands,Holeri area,,First-round researched,WATER,ROUTING_HOLD,DYNAMIC,,provinces/lumbini/districts/rolpa.md,provinces/lumbini/visitor_ready/rolpa.md
np-lumbini-rolpa-holeri-hill-settlement,Lumbini,Rolpa,Holeri hill settlement,Community tourism and notable villages,Runtigadhi Rural Municipality,,Established,AREA,ROUTING_HOLD,NONE,,provinces/lumbini/districts/rolpa.md,provinces/lumbini/visitor_ready/rolpa.md
np-lumbini-rolpa-holeri-ridge-landscape,Lumbini,Rolpa,Holeri ridge landscape,Viewpoints and hill stations,Holeri/Runtigadhi area,,First-round researched,AREA,ROUTING_HOLD,NONE,,provinces/lumbini/districts/rolpa.md,provinces/lumbini/visitor_ready/rolpa.md
np-lumbini-rolpa-madi-river-valley,Lumbini,Rolpa,Madi River valley,Rivers and waterfalls,Central and southern Rolpa,,Established,CORRIDOR,ROUTING_HOLD,NONE,,provinces/lumbini/districts/rolpa.md,provinces/lumbini/visitor_ready/rolpa.md
np-lumbini-rolpa-lungri-river-valley,Lumbini,Rolpa,Lungri River valley,Rivers and waterfalls,Eastern Rolpa,,Established,CORRIDOR,ROUTING_HOLD,NONE,,provinces/lumbini/districts/rolpa.md,provinces/lumbini/visitor_ready/rolpa.md
np-lumbini-rolpa-sunchhahari-waterfall-and-river-landscape,Lumbini,Rolpa,Sunchhahari waterfall and river landscape,Rivers and waterfalls,Sunchhahari Rural Municipality,,First-round researched,CORRIDOR,ROUTING_HOLD,NONE,,provinces/lumbini/districts/rolpa.md,provinces/lumbini/visitor_ready/rolpa.md
np-lumbini-rolpa-lisne-lekh-western-approach,Lumbini,Rolpa,Lisne Lekh western approach,Viewpoints and hill stations,Rolpa–Pyuthan border,,Established,AREA,ROUTING_HOLD,NONE,,provinces/lumbini/districts/rolpa.md,provinces/lumbini/visitor_ready/rolpa.md
np-lumbini-rolpa-chalabang-apple-farming-landscape,Lumbini,Rolpa,Chalabang apple-farming landscape,Community tourism and notable villages,Chalabang area,,First-round researched,AREA,ROUTING_HOLD,NONE,,provinces/lumbini/districts/rolpa.md,provinces/lumbini/visitor_ready/rolpa.md
np-lumbini-rolpa-rolpa-kham-magar-village-circuit,Lumbini,Rolpa,Rolpa Kham Magar village circuit,Community tourism and notable villages,"Thabang, Jelbang and northern villages",,Needs local verification,ROUTE,ROUTING_HOLD,DYNAMIC,,provinces/lumbini/districts/rolpa.md,provinces/lumbini/visitor_ready/rolpa.md
np-lumbini-rupandehi-lumbini-world-heritage-site,Lumbini,Rupandehi,Lumbini World Heritage Site,,,,READY_AREA,POINT,ROUTING_HOLD,NONE,,provinces/lumbini/districts/rupandehi.md,provinces/lumbini/visitor_ready/rupandehi.md
np-lumbini-rupandehi-maya-devi-temple,Lumbini,Rupandehi,Maya Devi Temple,,,,READY_POINT_AFTER_GIS,POINT,ROUTING_HOLD,NONE,,provinces/lumbini/districts/rupandehi.md,provinces/lumbini/visitor_ready/rupandehi.md
np-lumbini-rupandehi-ashoka-pillar,Lumbini,Rupandehi,Ashoka Pillar,,,,READY_POINT_AFTER_GIS,POINT,ROUTING_HOLD,NONE,,provinces/lumbini/districts/rupandehi.md,provinces/lumbini/visitor_ready/rupandehi.md
np-lumbini-rupandehi-marker-stone,Lumbini,Rupandehi,Marker Stone,,,,INTERNAL_POI,POINT,ROUTING_HOLD,NONE,,provinces/lumbini/districts/rupandehi.md,provinces/lumbini/visitor_ready/rupandehi.md
np-lumbini-rupandehi-nativity-sculpture,Lumbini,Rupandehi,Nativity Sculpture,,,,INTERNAL_POI,POINT,ROUTING_HOLD,NONE,,provinces/lumbini/districts/rupandehi.md,provinces/lumbini/visitor_ready/rupandehi.md
np-lumbini-rupandehi-puskarini-sacred-pond,Lumbini,Rupandehi,Puskarini Sacred Pond,,,,READY_AREA,WATER,ROUTING_HOLD,NONE,,provinces/lumbini/districts/rupandehi.md,provinces/lumbini/visitor_ready/rupandehi.md
np-lumbini-rupandehi-sacred-bodhi-tree,Lumbini,Rupandehi,Sacred Bodhi Tree,,,,READY_POINT,POINT,ROUTING_HOLD,NONE,,provinces/lumbini/districts/rupandehi.md,provinces/lumbini/visitor_ready/rupandehi.md
np-lumbini-rupandehi-ancient-buddhist-vihara-ruins,Lumbini,Rupandehi,Ancient Buddhist vihara ruins,,,,READY_AREA,POINT,ROUTING_HOLD,NONE,,provinces/lumbini/districts/rupandehi.md,provinces/lumbini/visitor_ready/rupandehi.md
np-lumbini-rupandehi-ancient-buddhist-stupa-ruins,Lumbini,Rupandehi,Ancient Buddhist stupa ruins,,,,READY_AREA,POINT,ROUTING_HOLD,NONE,,provinces/lumbini/districts/rupandehi.md,provinces/lumbini/visitor_ready/rupandehi.md
np-lumbini-rupandehi-lumbini-east-monastic-zone,Lumbini,Rupandehi,Lumbini East Monastic Zone,,,,READY_AREA,POINT,ROUTING_HOLD,NONE,,provinces/lumbini/districts/rupandehi.md,provinces/lumbini/visitor_ready/rupandehi.md
np-lumbini-rupandehi-lumbini-west-monastic-zone,Lumbini,Rupandehi,Lumbini West Monastic Zone,,,,READY_AREA,POINT,ROUTING_HOLD,NONE,,provinces/lumbini/districts/rupandehi.md,provinces/lumbini/visitor_ready/rupandehi.md
np-lumbini-rupandehi-lumbini-central-canal,Lumbini,Rupandehi,Lumbini Central Canal,,,,READY_CORRIDOR,POINT,ROUTING_HOLD,NONE,,provinces/lumbini/districts/rupandehi.md,provinces/lumbini/visitor_ready/rupandehi.md
np-lumbini-rupandehi-world-peace-pagoda-lumbini,Lumbini,Rupandehi,"World Peace Pagoda, Lumbini",,,,READY_POINT,POINT,ROUTING_HOLD,NONE,,provinces/lumbini/districts/rupandehi.md,provinces/lumbini/visitor_ready/rupandehi.md
np-lumbini-rupandehi-lumbini-museum,Lumbini,Rupandehi,Lumbini Museum,,,,PIN_VERIFY,POINT,ROUTING_HOLD,NONE,,provinces/lumbini/districts/rupandehi.md,provinces/lumbini/visitor_ready/rupandehi.md
np-lumbini-rupandehi-lumbini-international-research-institute,Lumbini,Rupandehi,Lumbini International Research Institute,,,,ACCESS_VERIFY,POINT,ROUTING_HOLD,NONE,,provinces/lumbini/districts/rupandehi.md,provinces/lumbini/visitor_ready/rupandehi.md
np-lumbini-rupandehi-lumbini-crane-sanctuary,Lumbini,Rupandehi,Lumbini Crane Sanctuary,,,,ACCESS_NODE_REQUIRED,POINT,ROUTING_HOLD,NONE,,provinces/lumbini/districts/rupandehi.md,provinces/lumbini/visitor_ready/rupandehi.md
np-lumbini-rupandehi-devdaha-heritage-landscape,Lumbini,Rupandehi,Devdaha heritage landscape,,,,READY_AREA,AREA,ROUTING_HOLD,NONE,,provinces/lumbini/districts/rupandehi.md,provinces/lumbini/visitor_ready/rupandehi.md
np-lumbini-rupandehi-bhawanipur-archaeological-and-religious-area,Lumbini,Rupandehi,Bhawanipur archaeological and religious area,,,,ACCESS_VERIFY,AREA,ROUTING_HOLD,NONE,,provinces/lumbini/districts/rupandehi.md,provinces/lumbini/visitor_ready/rupandehi.md
np-lumbini-rupandehi-kanyamai-archaeological-area,Lumbini,Rupandehi,Kanyamai archaeological area,,,,ACCESS_VERIFY,AREA,ROUTING_HOLD,NONE,,provinces/lumbini/districts/rupandehi.md,provinces/lumbini/visitor_ready/rupandehi.md
np-lumbini-rupandehi-sainamaina-archaeological-landscape,Lumbini,Rupandehi,Sainamaina archaeological landscape,,,,AREA_VERIFY,AREA,ROUTING_HOLD,NONE,,provinces/lumbini/districts/rupandehi.md,provinces/lumbini/visitor_ready/rupandehi.md
np-lumbini-rupandehi-jitgadhi-fort,Lumbini,Rupandehi,Jitgadhi Fort,,,,PIN_VERIFY,POINT,ROUTING_HOLD,NONE,,provinces/lumbini/districts/rupandehi.md,provinces/lumbini/visitor_ready/rupandehi.md
np-lumbini-rupandehi-manimukunda-sen-park,Lumbini,Rupandehi,Manimukunda Sen Park,,,,READY_AREA,POINT,ROUTING_HOLD,NONE,,provinces/lumbini/districts/rupandehi.md,provinces/lumbini/visitor_ready/rupandehi.md
np-lumbini-rupandehi-siddha-baba-temple,Lumbini,Rupandehi,Siddha Baba Temple,,,,CROSS_BOUNDARY_VERIFY,POINT,ROUTING_HOLD,NONE,,provinces/lumbini/districts/rupandehi.md,provinces/lumbini/visitor_ready/rupandehi.md
np-lumbini-rupandehi-butwal-hill-park,Lumbini,Rupandehi,Butwal Hill Park,,,,READY_AREA,AREA,ROUTING_HOLD,NONE,,provinces/lumbini/districts/rupandehi.md,provinces/lumbini/visitor_ready/rupandehi.md
np-lumbini-rupandehi-tinau-river-corridor,Lumbini,Rupandehi,Tinau River corridor,,,,ROUTE_NODE_REQUIRED,CORRIDOR,ROUTING_HOLD,NONE,,provinces/lumbini/districts/rupandehi.md,provinces/lumbini/visitor_ready/rupandehi.md
np-lumbini-rupandehi-rohini-river-corridor,Lumbini,Rupandehi,Rohini River corridor,,,,ROUTE_NODE_REQUIRED,CORRIDOR,ROUTING_HOLD,NONE,,provinces/lumbini/districts/rupandehi.md,provinces/lumbini/visitor_ready/rupandehi.md
np-lumbini-rupandehi-gajedi-lake,Lumbini,Rupandehi,Gajedi Lake,,,,READY_AREA,WATER,ROUTING_HOLD,NONE,,provinces/lumbini/districts/rupandehi.md,provinces/lumbini/visitor_ready/rupandehi.md
np-lumbini-rupandehi-chhapiya-fish-tourism-area,Lumbini,Rupandehi,Chhapiya fish-tourism area,,,,PRODUCT_VERIFY,AREA,ROUTING_HOLD,NONE,,provinces/lumbini/districts/rupandehi.md,provinces/lumbini/visitor_ready/rupandehi.md
np-karnali-dailekh-dailekh-bazaar-historic-core,Karnali,Dailekh,Dailekh Bazaar historic core,Historical and cultural place,Narayan Municipality,3,Established,AREA,ROUTING_HOLD,NONE,,provinces/karnali/districts/dailekh.md,provinces/karnali/visitor_ready/dailekh.md
np-karnali-dailekh-dullu-historic-town,Karnali,Dailekh,Dullu historic town,Historical and cultural place,Dullu Municipality,4,Established,AREA,ROUTING_HOLD,NONE,,provinces/karnali/districts/dailekh.md,provinces/karnali/visitor_ready/dailekh.md
np-karnali-dailekh-dullu-durbar-area,Karnali,Dailekh,Dullu Durbar area,Palace / historical monument,Dullu Municipality,4,First-round researched,AREA,ROUTING_HOLD,NONE,,provinces/karnali/districts/dailekh.md,provinces/karnali/visitor_ready/dailekh.md
np-karnali-dailekh-kirti-khamba-dullu-stone-pillar,Karnali,Dailekh,Kirti Khamba / Dullu stone pillar,Inscription and monument,Dullu Municipality,4,Established,POINT,ROUTING_HOLD,NONE,,provinces/karnali/districts/dailekh.md,provinces/karnali/visitor_ready/dailekh.md
np-karnali-dailekh-panchakoshi-pilgrimage-circuit,Karnali,Dailekh,Panchakoshi pilgrimage circuit,Religious and cultural route,Dailekh district,5,Established,ROUTE,ROUTING_HOLD,NONE,,provinces/karnali/districts/dailekh.md,provinces/karnali/visitor_ready/dailekh.md
np-karnali-dailekh-shirsthan,Karnali,Dailekh,Shirsthan,Religious site and eternal-flame landscape,Panchakoshi area,5,Established,AREA,ROUTING_HOLD,DYNAMIC,,provinces/karnali/districts/dailekh.md,provinces/karnali/visitor_ready/dailekh.md
np-karnali-dailekh-nabhisthan,Karnali,Dailekh,Nabhisthan,Religious site and eternal-flame landscape,Panchakoshi area,5,Established,AREA,ROUTING_HOLD,NONE,,provinces/karnali/districts/dailekh.md,provinces/karnali/visitor_ready/dailekh.md
np-karnali-dailekh-padukasthan,Karnali,Dailekh,Padukasthan,Religious and archaeological site,Dullu Municipality,5,Established,POINT,ROUTING_HOLD,NONE,,provinces/karnali/districts/dailekh.md,provinces/karnali/visitor_ready/dailekh.md
np-karnali-dailekh-kotilasthan,Karnali,Dailekh,Kotilasthan,Religious site,Panchakoshi area,4,Established,POINT,ROUTING_HOLD,NONE,,provinces/karnali/districts/dailekh.md,provinces/karnali/visitor_ready/dailekh.md
np-karnali-dailekh-dhuleshwar,Karnali,Dailekh,Dhuleshwar,Religious site,Panchakoshi area,4,Established,POINT,ROUTING_HOLD,DYNAMIC,,provinces/karnali/districts/dailekh.md,provinces/karnali/visitor_ready/dailekh.md
np-karnali-dailekh-panchakoshi-natural-flame-heritage,Karnali,Dailekh,Panchakoshi natural-flame heritage,Geological and religious phenomenon,Multiple sites,5,Established,POINT,ROUTING_HOLD,NONE,,provinces/karnali/districts/dailekh.md,provinces/karnali/visitor_ready/dailekh.md
np-karnali-dailekh-bhurti-temple-complex,Karnali,Dailekh,Bhurti Temple Complex,Archaeological and religious monument complex,Narayan Municipality area,5,UNESCO Tentative List / established,POINT,ROUTING_HOLD,NONE,,provinces/karnali/districts/dailekh.md,provinces/karnali/visitor_ready/dailekh.md
np-karnali-dailekh-bhurti-deval-monuments,Karnali,Dailekh,Bhurti deval monuments,Archaeological monuments,Bhurti,4,Established,POINT,ROUTING_HOLD,NONE,,provinces/karnali/districts/dailekh.md,provinces/karnali/visitor_ready/dailekh.md
np-karnali-dailekh-belaspur-temple,Karnali,Dailekh,Belaspur Temple,Religious and historical site,Dailekh area,3,First-round researched,POINT,ROUTING_HOLD,DYNAMIC,,provinces/karnali/districts/dailekh.md,provinces/karnali/visitor_ready/dailekh.md
np-karnali-dailekh-malika-temple-landscape,Karnali,Dailekh,Malika Temple landscape,Religious site and viewpoint,Dailekh highlands,3,First-round researched,AREA,ROUTING_HOLD,NONE,,provinces/karnali/districts/dailekh.md,provinces/karnali/visitor_ready/dailekh.md
np-karnali-dailekh-mahabu-lekh,Karnali,Dailekh,Mahabu Lekh,"Hill, viewpoint and pilgrimage landscape",Northern Dailekh / Kalikot border,4,Established,AREA,ROUTING_HOLD,NONE,,provinces/karnali/districts/dailekh.md,provinces/karnali/visitor_ready/dailekh.md
np-karnali-dailekh-mahabu-pilgrimage-route,Karnali,Dailekh,Mahabu pilgrimage route,Trekking and religious route,Mahabu area,3,First-round researched,ROUTE,ROUTING_HOLD,DYNAMIC,,provinces/karnali/districts/dailekh.md,provinces/karnali/visitor_ready/dailekh.md
np-karnali-dailekh-guranshe-hill-and-forest,Karnali,Dailekh,Guranshe hill and forest,Viewpoint and natural attraction,Dailekh–Surkhet road corridor,3,Established,AREA,ROUTING_HOLD,NONE,,provinces/karnali/districts/dailekh.md,provinces/karnali/visitor_ready/dailekh.md
np-karnali-dailekh-rakam-karnali,Karnali,Dailekh,Rakam Karnali,River valley and settlement landscape,Aathbis Municipality,3,Established,CORRIDOR,ROUTING_HOLD,NONE,,provinces/karnali/districts/dailekh.md,provinces/karnali/visitor_ready/dailekh.md
np-karnali-dailekh-karnali-river-corridor,Karnali,Dailekh,Karnali River corridor,River and natural attraction,Western Dailekh,4,Established,CORRIDOR,ROUTING_HOLD,OPERATOR_DEPENDENT;DYNAMIC,karnali-river-corridor,provinces/karnali/districts/dailekh.md,provinces/karnali/visitor_ready/dailekh.md
np-karnali-dailekh-lohore-khola-valley,Karnali,Dailekh,Lohore Khola valley,River valley and natural attraction,Central Dailekh,3,Established,CORRIDOR,ROUTING_HOLD,NONE,,provinces/karnali/districts/dailekh.md,provinces/karnali/visitor_ready/dailekh.md
np-karnali-dailekh-chhamghat-khola-landscape,Karnali,Dailekh,Chhamghat Khola landscape,River and rural landscape,Dailekh,2,First-round researched,CORRIDOR,ROUTING_HOLD,NONE,,provinces/karnali/districts/dailekh.md,provinces/karnali/visitor_ready/dailekh.md
np-karnali-dailekh-jwala-heritage-museum-interpretation-potential,Karnali,Dailekh,Jwala heritage museum / interpretation potential,Museum and heritage interpretation,Panchakoshi/Dullu area,2,Needs local verification,POINT,ROUTING_HOLD,NONE,,provinces/karnali/districts/dailekh.md,provinces/karnali/visitor_ready/dailekh.md
np-karnali-dailekh-khasa-inscriptions-landscape,Karnali,Dailekh,Khasa inscriptions landscape,Archaeological and historical heritage,Dullu and Panchakoshi cluster,4,Established,AREA,ROUTING_HOLD,NONE,,provinces/karnali/districts/dailekh.md,provinces/karnali/visitor_ready/dailekh.md
np-karnali-dailekh-traditional-khasa-settlements,Karnali,Dailekh,Traditional Khasa settlements,Community tourism and culture,Dullu and rural municipalities,3,First-round researched,POINT,ROUTING_HOLD,NONE,,provinces/karnali/districts/dailekh.md,provinces/karnali/visitor_ready/dailekh.md
np-karnali-dailekh-dailekh-orange-growing-landscape,Karnali,Dailekh,Dailekh orange-growing landscape,Agro-tourism,Mid-hill municipalities,2,First-round researched,AREA,ROUTING_HOLD,DYNAMIC,,provinces/karnali/districts/dailekh.md,provinces/karnali/visitor_ready/dailekh.md
np-karnali-dailekh-dailekh-medicinal-herb-and-forest-landscape,Karnali,Dailekh,Dailekh medicinal-herb and forest landscape,Natural and livelihood landscape,Higher hills,2,Needs local verification,AREA,ROUTING_HOLD,DYNAMIC,,provinces/karnali/districts/dailekh.md,provinces/karnali/visitor_ready/dailekh.md
np-karnali-dailekh-panchakoshi-festival-and-pilgrimage-season,Karnali,Dailekh,Panchakoshi festival and pilgrimage season,Festival / living heritage,Panchakoshi circuit,3,Established,POINT,ROUTING_HOLD,NONE,,provinces/karnali/districts/dailekh.md,provinces/karnali/visitor_ready/dailekh.md
np-karnali-dailekh-dullu-panchakoshi-heritage-route,Karnali,Dailekh,Dullu–Panchakoshi heritage route,Cultural route,Dullu and surrounding sacred sites,4,First-round researched,ROUTE,ROUTING_HOLD,NONE,,provinces/karnali/districts/dailekh.md,provinces/karnali/visitor_ready/dailekh.md
np-karnali-dailekh-dailekh-mahabu-scenic-route,Karnali,Dailekh,Dailekh–Mahabu scenic route,Scenic road / trekking route,Dailekh to Mahabu ridge,3,Needs current-status verification,ROUTE,ROUTING_HOLD,NONE,,provinces/karnali/districts/dailekh.md,provinces/karnali/visitor_ready/dailekh.md
np-karnali-dolpa-shey-phoksundo-national-park,Karnali,Dolpa,Shey Phoksundo National Park,National park / wildlife,"Shey Phoksundo, Dolpo Buddha, and adjoining areas",5,Government-managed,PROTECTED_AREA,ROUTING_HOLD,PROTECTED_AREA_ENTRY;ENTRY_FEE,shey-phoksundo-national-park,provinces/karnali/districts/dolpa.md,provinces/karnali/visitor_ready/dolpa.md
np-karnali-dolpa-phoksundo-lake,Karnali,Dolpa,Phoksundo Lake,Lake / wetland,Shey Phoksundo Rural Municipality,5,Government-managed / Ramsar-recognized,WATER,ROUTING_HOLD,NONE,,provinces/karnali/districts/dolpa.md,provinces/karnali/visitor_ready/dolpa.md
np-karnali-dolpa-ringmo-village,Karnali,Dolpa,Ringmo Village,Community tourism / cultural village,Phoksundo lake area,5,Established,AREA,ROUTING_HOLD,NONE,,provinces/karnali/districts/dolpa.md,provinces/karnali/visitor_ready/dolpa.md
np-karnali-dolpa-tshowa-bon-monastery-ringmo,Karnali,Dolpa,"Tshowa (Bon) Monastery, Ringmo",Monastery / religious heritage,Ringmo,4,Established,POINT,ROUTING_HOLD,NONE,,provinces/karnali/districts/dolpa.md,provinces/karnali/visitor_ready/dolpa.md
np-karnali-dolpa-phoksundo-waterfall,Karnali,Dolpa,Phoksundo Waterfall,Waterfall,Suligad–Phoksundo approach,4,Established; local-status verification needed,POINT,ROUTING_HOLD,DYNAMIC,,provinces/karnali/districts/dolpa.md,provinces/karnali/visitor_ready/dolpa.md
np-karnali-dolpa-suligad-valley-and-trail,Karnali,Dolpa,Suligad Valley and Trail,Trekking area / river valley,Suligad–Phoksundo corridor,4,Established,CORRIDOR,ROUTING_HOLD,DYNAMIC,,provinces/karnali/districts/dolpa.md,provinces/karnali/visitor_ready/dolpa.md
np-karnali-dolpa-shey-gompa,Karnali,Dolpa,Shey Gompa,Monastery / pilgrimage,Upper Dolpo,5,Established,POINT,ROUTING_HOLD,NONE,,provinces/karnali/districts/dolpa.md,provinces/karnali/visitor_ready/dolpa.md
np-karnali-dolpa-crystal-mountain-shelri-shey-ri,Karnali,Dolpa,Crystal Mountain (Shelri / Shey Ri),Sacred mountain / pilgrimage,Shey area,5,Established,POINT,ROUTING_HOLD,DYNAMIC,,provinces/karnali/districts/dolpa.md,provinces/karnali/visitor_ready/dolpa.md
np-karnali-dolpa-shey-festival-landscape,Karnali,Dolpa,Shey Festival Landscape,Festival / living culture,Shey Gompa area,4,Event-based; local verification needed,AREA,ROUTING_HOLD,DYNAMIC,,provinces/karnali/districts/dolpa.md,provinces/karnali/visitor_ready/dolpa.md
np-karnali-dolpa-upper-dolpo-cultural-landscape,Karnali,Dolpa,Upper Dolpo Cultural Landscape,Cultural landscape / trekking region,"Dolpo Buddha, Shey Phoksundo and Chharka Tangsong areas",5,Established,ROUTE,ROUTING_HOLD,NONE,,provinces/karnali/districts/dolpa.md,provinces/karnali/visitor_ready/dolpa.md
np-karnali-dolpa-lower-dolpo-trekking-region,Karnali,Dolpa,Lower Dolpo Trekking Region,Trekking region,Dunai–Tarap–Phoksundo approaches,5,Established,ROUTE,ROUTING_HOLD,NONE,,provinces/karnali/districts/dolpa.md,provinces/karnali/visitor_ready/dolpa.md
np-karnali-dolpa-dho-tarap-village,Karnali,Dolpa,Dho Tarap Village,Community tourism / cultural village,Dolpo Buddha Rural Municipality,5,Established,AREA,ROUTING_HOLD,NONE,,provinces/karnali/districts/dolpa.md,provinces/karnali/visitor_ready/dolpa.md
np-karnali-dolpa-tarap-valley,Karnali,Dolpa,Tarap Valley,Valley / trekking area,Dolpo Buddha Rural Municipality,5,Established,CORRIDOR,ROUTING_HOLD,NONE,,provinces/karnali/districts/dolpa.md,provinces/karnali/visitor_ready/dolpa.md
np-karnali-dolpa-saldang-village,Karnali,Dolpa,Saldang Village,Community tourism / cultural village,Shey Phoksundo Rural Municipality,4,Established,AREA,ROUTING_HOLD,NONE,,provinces/karnali/districts/dolpa.md,provinces/karnali/visitor_ready/dolpa.md
np-karnali-dolpa-yangjer-gompa,Karnali,Dolpa,Yangjer Gompa,Monastery / religious heritage,Saldang area,4,First-round researched,POINT,ROUTING_HOLD,NONE,,provinces/karnali/districts/dolpa.md,provinces/karnali/visitor_ready/dolpa.md
np-karnali-dolpa-tinje-village,Karnali,Dolpa,Tinje Village,Community tourism / cultural village,Chharka Tangsong Rural Municipality,4,Established,AREA,ROUTING_HOLD,NONE,,provinces/karnali/districts/dolpa.md,provinces/karnali/visitor_ready/dolpa.md
np-karnali-dolpa-chharka-bhot-village,Karnali,Dolpa,Chharka Bhot Village,Community tourism / cultural village,Chharka Tangsong Rural Municipality,4,Established,AREA,ROUTING_HOLD,NONE,,provinces/karnali/districts/dolpa.md,provinces/karnali/visitor_ready/dolpa.md
np-karnali-dolpa-mukot-village-and-valley,Karnali,Dolpa,Mukot Village and Valley,Community tourism / mountain landscape,Chharka Tangsong area,3,First-round researched,CORRIDOR,ROUTING_HOLD,NONE,,provinces/karnali/districts/dolpa.md,provinces/karnali/visitor_ready/dolpa.md
np-karnali-dolpa-dunai-bazaar,Karnali,Dolpa,Dunai Bazaar,Historic town / gateway,Thuli Bheri Municipality,4,Established,AREA,ROUTING_HOLD,NONE,,provinces/karnali/districts/dolpa.md,provinces/karnali/visitor_ready/dolpa.md
np-karnali-dolpa-juphal,Karnali,Dolpa,Juphal,Transport gateway / town,Thuli Bheri Municipality,4,Established; operational verification needed,AREA,ROUTING_HOLD,NONE,,provinces/karnali/districts/dolpa.md,provinces/karnali/visitor_ready/dolpa.md
np-karnali-dolpa-tripurasundari-temple,Karnali,Dolpa,Tripurasundari Temple,Temple / pilgrimage,Tripurasundari Municipality,4,Established,POINT,ROUTING_HOLD,NONE,,provinces/karnali/districts/dolpa.md,provinces/karnali/visitor_ready/dolpa.md
np-karnali-dolpa-tripurakot-heritage-settlement,Karnali,Dolpa,Tripurakot Heritage Settlement,Historical / cultural settlement,Tripurasundari Municipality,3,First-round researched,POINT,ROUTING_HOLD,NONE,,provinces/karnali/districts/dolpa.md,provinces/karnali/visitor_ready/dolpa.md
np-karnali-dolpa-kaike-cultural-landscape,Karnali,Dolpa,Kaike Cultural Landscape,Indigenous culture / village cluster,Kaike Rural Municipality,4,Established,AREA,ROUTING_HOLD,NONE,,provinces/karnali/districts/dolpa.md,provinces/karnali/visitor_ready/dolpa.md
np-karnali-dolpa-tichurong-valley,Karnali,Dolpa,Tichurong Valley,Cultural landscape / trekking area,Kaike and adjoining lower Dolpo areas,4,Established,CORRIDOR,ROUTING_HOLD,NONE,,provinces/karnali/districts/dolpa.md,provinces/karnali/visitor_ready/dolpa.md
np-karnali-dolpa-num-la-pass,Karnali,Dolpa,Num La Pass,Mountain pass / trekking,Lower Dolpo route,4,Established,ROUTE,ROUTING_HOLD,DYNAMIC,,provinces/karnali/districts/dolpa.md,provinces/karnali/visitor_ready/dolpa.md
np-karnali-dolpa-baga-la-pass,Karnali,Dolpa,Baga La Pass,Mountain pass / trekking,Phoksundo–Tarap route,4,Established,ROUTE,ROUTING_HOLD,DYNAMIC,,provinces/karnali/districts/dolpa.md,provinces/karnali/visitor_ready/dolpa.md
np-karnali-dolpa-kang-la-pass-dolpo,Karnali,Dolpa,Kang La Pass (Dolpo),Mountain pass / trekking,Shey approach,4,Established,ROUTE,ROUTING_HOLD,NONE,,provinces/karnali/districts/dolpa.md,provinces/karnali/visitor_ready/dolpa.md
np-karnali-dolpa-jeng-la-pass,Karnali,Dolpa,Jeng La Pass,Mountain pass / trekking,Tarap–Upper Dolpo route,3,Established; specialist verification needed,ROUTE,ROUTING_HOLD,NONE,,provinces/karnali/districts/dolpa.md,provinces/karnali/visitor_ready/dolpa.md
np-karnali-dolpa-thuli-bheri-river-corridor,Karnali,Dolpa,Thuli Bheri River Corridor,River / scenic corridor,Dunai and southern Dolpa,3,Established,CORRIDOR,ROUTING_HOLD,NONE,,provinces/karnali/districts/dolpa.md,provinces/karnali/visitor_ready/dolpa.md
np-karnali-dolpa-kanjiroba-himal-landscape,Karnali,Dolpa,Kanjiroba Himal Landscape,Mountain destination / wilderness,Shey Phoksundo National Park area,4,Established,AREA,ROUTING_HOLD,NONE,,provinces/karnali/districts/dolpa.md,provinces/karnali/visitor_ready/dolpa.md
np-karnali-dolpa-snow-leopard-and-blue-sheep-habitat,Karnali,Dolpa,Snow Leopard and Blue Sheep Habitat,Wildlife observation landscape,Shey Phoksundo National Park,4,Government-managed; sightings not guaranteed,AREA,ROUTING_HOLD,DYNAMIC,,provinces/karnali/districts/dolpa.md,provinces/karnali/visitor_ready/dolpa.md
np-karnali-dolpa-yarsagumba-collection-landscapes,Karnali,Dolpa,Yarsagumba Collection Landscapes,Seasonal cultural / natural landscape,High pastures across Dolpa,3,Needs local verification,AREA,ROUTING_HOLD,DYNAMIC,,provinces/karnali/districts/dolpa.md,provinces/karnali/visitor_ready/dolpa.md
np-karnali-humla-limi-valley,Karnali,Humla,Limi Valley,Cultural landscape / trekking area,Namkha Rural Municipality,Flagship,Established,CORRIDOR,ROUTING_HOLD,RESTRICTED_AREA_PERMIT;DYNAMIC,,provinces/karnali/districts/humla.md,provinces/karnali/visitor_ready/humla.md
np-karnali-humla-halji-village,Karnali,Humla,Halji Village,Community tourism / heritage village,"Limi, Namkha RM",Major,Established,AREA,ROUTING_HOLD,DYNAMIC,,provinces/karnali/districts/humla.md,provinces/karnali/visitor_ready/humla.md
np-karnali-humla-rinchenling-monastery,Karnali,Humla,Rinchenling Monastery,Buddhist monastery / heritage,"Halji, Limi",Flagship,Established,POINT,ROUTING_HOLD,NONE,,provinces/karnali/districts/humla.md,provinces/karnali/visitor_ready/humla.md
np-karnali-humla-til-village,Karnali,Humla,Til Village,Community tourism / heritage village,"Limi, Namkha RM",Major,Established,AREA,ROUTING_HOLD,DYNAMIC,,provinces/karnali/districts/humla.md,provinces/karnali/visitor_ready/humla.md
np-karnali-humla-jang-dzang-village,Karnali,Humla,Jang / Dzang Village,Community tourism / heritage village,"Limi, Namkha RM",Major,Established,AREA,ROUTING_HOLD,NONE,,provinces/karnali/districts/humla.md,provinces/karnali/visitor_ready/humla.md
np-karnali-humla-lapcha-la-lapcha-syar-viewpoint,Karnali,Humla,Lapcha La / Lapcha Syar Viewpoint,Mountain viewpoint / pilgrimage landscape,Namkha RM,Flagship,Established,AREA,ROUTING_HOLD,BORDER_CONTROL,,provinces/karnali/districts/humla.md,provinces/karnali/visitor_ready/humla.md
np-karnali-humla-hilsa-border-settlement,Karnali,Humla,Hilsa Border Settlement,Border gateway / historic trade route,Namkha RM,Flagship,Established,ROUTE,ROUTING_HOLD,BORDER_CONTROL,,provinces/karnali/districts/humla.md,provinces/karnali/visitor_ready/humla.md
np-karnali-humla-simikot,Karnali,Humla,Simikot,Historic town / trekking gateway,Simkot Rural Municipality,Flagship,Established,ROUTE,ROUTING_HOLD,NONE,,provinces/karnali/districts/humla.md,provinces/karnali/visitor_ready/humla.md
np-karnali-humla-simikot-airport,Karnali,Humla,Simikot Airport,Transport heritage / tourism gateway,Simikot,Major,Government-managed,POINT,ROUTING_HOLD,DYNAMIC,,provinces/karnali/districts/humla.md,provinces/karnali/visitor_ready/humla.md
np-karnali-humla-simikot-hilsa-trail,Karnali,Humla,Simikot–Hilsa Trail,Trekking / pilgrimage route,Simikot–Namkha corridor,Flagship,Established,ROUTE,ROUTING_HOLD,NONE,,provinces/karnali/districts/humla.md,provinces/karnali/visitor_ready/humla.md
np-karnali-humla-kailash-pilgrimage-route-through-humla,Karnali,Humla,Kailash Pilgrimage Route through Humla,Pilgrimage route,Simikot–Hilsa corridor,Flagship,Established,ROUTE,ROUTING_HOLD,BORDER_CONTROL;DYNAMIC,,provinces/karnali/districts/humla.md,provinces/karnali/visitor_ready/humla.md
np-karnali-humla-humla-great-himalaya-trail-section,Karnali,Humla,Humla Great Himalaya Trail Section,Long-distance trekking route,Humla District,Major,Established,ROUTE,ROUTING_HOLD,NONE,,provinces/karnali/districts/humla.md,provinces/karnali/visitor_ready/humla.md
np-karnali-humla-nyalu-la-nyalu-lagna-pass,Karnali,Humla,Nyalu La / Nyalu Lagna Pass,Mountain pass / trekking,Limi access route,Major,Established,ROUTE,ROUTING_HOLD,DYNAMIC,,provinces/karnali/districts/humla.md,provinces/karnali/visitor_ready/humla.md
np-karnali-humla-nara-la-pass,Karnali,Humla,Nara La Pass,Mountain pass / trekking,Simikot–Hilsa route,Major,Established,ROUTE,ROUTING_HOLD,DYNAMIC,,provinces/karnali/districts/humla.md,provinces/karnali/visitor_ready/humla.md
np-karnali-humla-salli-khola-talung-valley-route,Karnali,Humla,Salli Khola–Talung Valley Route,Trekking landscape,Namkha RM,Strong,First-round researched,CORRIDOR,ROUTING_HOLD,DYNAMIC,,provinces/karnali/districts/humla.md,provinces/karnali/visitor_ready/humla.md
np-karnali-humla-humla-karnali-river-corridor,Karnali,Humla,Humla Karnali River Corridor,River / valley landscape,Simikot–Namkha–Sarkegad corridor,Major,Established,CORRIDOR,ROUTING_HOLD,NONE,,provinces/karnali/districts/humla.md,provinces/karnali/visitor_ready/humla.md
np-karnali-humla-chuwa-khola-hot-spring-area,Karnali,Humla,Chuwa Khola Hot Spring Area,Hot spring / natural attraction,Humla Karnali corridor,Strong,Needs local verification,AREA,ROUTING_HOLD,NONE,,provinces/karnali/districts/humla.md,provinces/karnali/visitor_ready/humla.md
np-karnali-humla-kermi-village-and-hot-spring,Karnali,Humla,Kermi Village and Hot Spring,Community tourism / hot spring,Namkha RM,Strong,"Established, local details pending",AREA,ROUTING_HOLD,DYNAMIC,,provinces/karnali/districts/humla.md,provinces/karnali/visitor_ready/humla.md
np-karnali-humla-yalbang-village,Karnali,Humla,Yalbang Village,Community tourism / Buddhist heritage,Namkha RM,Strong,Established,AREA,ROUTING_HOLD,NONE,,provinces/karnali/districts/humla.md,provinces/karnali/visitor_ready/humla.md
np-karnali-humla-yalbang-monastery,Karnali,Humla,Yalbang Monastery,Buddhist monastery,Yalbang area,Strong,First-round researched,POINT,ROUTING_HOLD,NONE,,provinces/karnali/districts/humla.md,provinces/karnali/visitor_ready/humla.md
np-karnali-humla-muchu-village,Karnali,Humla,Muchu Village,Community tourism / cultural landscape,Namkha RM,Strong,Established,AREA,ROUTING_HOLD,DYNAMIC,,provinces/karnali/districts/humla.md,provinces/karnali/visitor_ready/humla.md
np-karnali-humla-tumkot-monastery-dhungkar-choezom-monastery,Karnali,Humla,Tumkot Monastery / Dhungkar Choezom Monastery,Buddhist monastery,Tumkot–Muchu area,Strong,First-round researched,POINT,ROUTING_HOLD,NONE,,provinces/karnali/districts/humla.md,provinces/karnali/visitor_ready/humla.md
np-karnali-humla-yari-village,Karnali,Humla,Yari Village,Trekking settlement / highland culture,Namkha RM,Strong,Established,ROUTE,ROUTING_HOLD,DYNAMIC,,provinces/karnali/districts/humla.md,provinces/karnali/visitor_ready/humla.md
np-karnali-humla-nyin-valley-cultural-landscape,Karnali,Humla,Nyin Valley Cultural Landscape,Community tourism / cultural landscape,Simikot area,Strong,Established,CORRIDOR,ROUTING_HOLD,NONE,,provinces/karnali/districts/humla.md,provinces/karnali/visitor_ready/humla.md
np-karnali-humla-kharpunath-temple-and-confluence-landscape,Karnali,Humla,Kharpunath Temple and Confluence Landscape,Religious site / river confluence,Kharpunath Rural Municipality,Major,Established,CORRIDOR,ROUTING_HOLD,NONE,,provinces/karnali/districts/humla.md,provinces/karnali/visitor_ready/humla.md
np-karnali-humla-raling-gompa,Karnali,Humla,Raling Gompa,Buddhist monastery / pilgrimage,Simikot highlands,Strong,"Established, coordinate pending",POINT,ROUTING_HOLD,NONE,,provinces/karnali/districts/humla.md,provinces/karnali/visitor_ready/humla.md
np-karnali-humla-saipal-himal-view-landscapes,Karnali,Humla,Saipal Himal View Landscapes,Mountain viewpoint / trekking landscape,Southern and western Humla,Major,First-round researched,ROUTE,ROUTING_HOLD,NONE,,provinces/karnali/districts/humla.md,provinces/karnali/visitor_ready/humla.md
np-karnali-humla-limi-wildlife-and-high-pasture-landscape,Karnali,Humla,Limi Wildlife and High-Pasture Landscape,Wildlife / alpine ecosystem,Limi and upper Humla,Major,"Research-supported, field verification needed",AREA,ROUTING_HOLD,NONE,,provinces/karnali/districts/humla.md,provinces/karnali/visitor_ready/humla.md
np-karnali-jajarkot-jajarkot-khalanga,Karnali,Jajarkot,Jajarkot Khalanga,Historical and cultural place,Bheri Municipality,High,Established,POINT,ROUTING_HOLD,NONE,,provinces/karnali/districts/jajarkot.md,provinces/karnali/visitor_ready/jajarkot.md
np-karnali-jajarkot-jajarkot-durbar-palace-area,Karnali,Jajarkot,Jajarkot Durbar / Palace area,Palace and heritage site,Khalanga,High,First-round researched,AREA,ROUTING_HOLD,NONE,,provinces/karnali/districts/jajarkot.md,provinces/karnali/visitor_ready/jajarkot.md
np-karnali-jajarkot-khalanga-old-settlement,Karnali,Jajarkot,Khalanga old settlement,Historical townscape,Khalanga,Medium,First-round researched,AREA,ROUTING_HOLD,NONE,,provinces/karnali/districts/jajarkot.md,provinces/karnali/visitor_ready/jajarkot.md
np-karnali-jajarkot-bheri-river-corridor,Karnali,Jajarkot,Bheri River corridor,River and natural landscape,Southern Jajarkot,High,Established,CORRIDOR,ROUTING_HOLD,OPERATOR_DEPENDENT;DYNAMIC,bheri-river-corridor,provinces/karnali/districts/jajarkot.md,provinces/karnali/visitor_ready/jajarkot.md
np-karnali-jajarkot-nalgad-river-valley,Karnali,Jajarkot,Nalgad River valley,River and valley,Nalgad area,Medium,Established,CORRIDOR,ROUTING_HOLD,NONE,,provinces/karnali/districts/jajarkot.md,provinces/karnali/visitor_ready/jajarkot.md
np-karnali-jajarkot-nalgad-confluence-landscape,Karnali,Jajarkot,Nalgad confluence landscape,River confluence,Nalgad–Bheri area,Medium,Needs local verification,CORRIDOR,ROUTING_HOLD,DYNAMIC,,provinces/karnali/districts/jajarkot.md,provinces/karnali/visitor_ready/jajarkot.md
np-karnali-jajarkot-barekot-highland-landscape,Karnali,Jajarkot,Barekot highland landscape,Mountain and trekking area,Barekot Rural Municipality,High,Established,ROUTE,ROUTING_HOLD,NONE,,provinces/karnali/districts/jajarkot.md,provinces/karnali/visitor_ready/jajarkot.md
np-karnali-jajarkot-kushe-highland-landscape,Karnali,Jajarkot,Kushe highland landscape,Mountain and trekking area,Kushe Rural Municipality,High,Established,ROUTE,ROUTING_HOLD,NONE,,provinces/karnali/districts/jajarkot.md,provinces/karnali/visitor_ready/jajarkot.md
np-karnali-jajarkot-kushe-himal-viewpoints,Karnali,Jajarkot,Kushe Himal viewpoints,Mountain viewpoint,Kushe area,Medium,First-round researched,POINT,ROUTING_HOLD,NONE,,provinces/karnali/districts/jajarkot.md,provinces/karnali/visitor_ready/jajarkot.md
np-karnali-jajarkot-junichande-ridge-landscape,Karnali,Jajarkot,Junichande ridge landscape,Viewpoint and hill station,Junichande Rural Municipality,Medium,First-round researched,AREA,ROUTING_HOLD,NONE,,provinces/karnali/districts/jajarkot.md,provinces/karnali/visitor_ready/jajarkot.md
np-karnali-jajarkot-shivalaya-valley,Karnali,Jajarkot,Shivalaya valley,Community tourism and natural landscape,Shivalaya Rural Municipality,Medium,Established,CORRIDOR,ROUTING_HOLD,NONE,,provinces/karnali/districts/jajarkot.md,provinces/karnali/visitor_ready/jajarkot.md
np-karnali-jajarkot-chhedagad-valley,Karnali,Jajarkot,Chhedagad valley,River and community landscape,Chhedagad Municipality,Medium,Established,CORRIDOR,ROUTING_HOLD,NONE,,provinces/karnali/districts/jajarkot.md,provinces/karnali/visitor_ready/jajarkot.md
np-karnali-jajarkot-cheda-river-corridor,Karnali,Jajarkot,Cheda River corridor,River landscape,Chhedagad area,Medium,First-round researched,CORRIDOR,ROUTING_HOLD,DYNAMIC,,provinces/karnali/districts/jajarkot.md,provinces/karnali/visitor_ready/jajarkot.md
np-karnali-jajarkot-rimna-river-confluence-area,Karnali,Jajarkot,Rimna river-confluence area,River and gateway landscape,Bheri corridor,Medium,First-round researched,CORRIDOR,ROUTING_HOLD,NONE,,provinces/karnali/districts/jajarkot.md,provinces/karnali/visitor_ready/jajarkot.md
np-karnali-jajarkot-jagatipur-heritage-settlement,Karnali,Jajarkot,Jagatipur heritage settlement,Historical and cultural place,Bheri Municipality area,Medium,First-round researched,POINT,ROUTING_HOLD,NONE,,provinces/karnali/districts/jajarkot.md,provinces/karnali/visitor_ready/jajarkot.md
np-karnali-jajarkot-dashera-heritage-area,Karnali,Jajarkot,Dashera heritage area,Religious and cultural place,Chhedagad / Dashera area,Medium,First-round researched,AREA,ROUTING_HOLD,NONE,,provinces/karnali/districts/jajarkot.md,provinces/karnali/visitor_ready/jajarkot.md
np-karnali-jajarkot-panchala-waterfall-landscape,Karnali,Jajarkot,Panchala waterfall landscape,Waterfall,Jajarkot district,Medium,Needs local verification,AREA,ROUTING_HOLD,DYNAMIC,,provinces/karnali/districts/jajarkot.md,provinces/karnali/visitor_ready/jajarkot.md
np-karnali-jajarkot-malika-religious-ridge,Karnali,Jajarkot,Malika religious ridge,Religious site and viewpoint,Highland Jajarkot,Medium,Needs local verification,AREA,ROUTING_HOLD,NONE,,provinces/karnali/districts/jajarkot.md,provinces/karnali/visitor_ready/jajarkot.md
np-karnali-jajarkot-traditional-khas-villages,Karnali,Jajarkot,Traditional Khas villages,Community tourism,Multiple municipalities,Medium,First-round researched,AREA,ROUTING_HOLD,NONE,,provinces/karnali/districts/jajarkot.md,provinces/karnali/visitor_ready/jajarkot.md
np-karnali-jajarkot-magar-community-landscapes,Karnali,Jajarkot,Magar community landscapes,Community tourism,Western and southern Jajarkot,Medium,First-round researched,AREA,ROUTING_HOLD,NONE,,provinces/karnali/districts/jajarkot.md,provinces/karnali/visitor_ready/jajarkot.md
np-karnali-jajarkot-jajarkot-dolpa-trekking-corridor,Karnali,Jajarkot,Jajarkot–Dolpa trekking corridor,Trekking route,Northern Jajarkot,High,Established,CORRIDOR,ROUTING_HOLD,NONE,,provinces/karnali/districts/jajarkot.md,provinces/karnali/visitor_ready/jajarkot.md
np-karnali-jajarkot-jajarkot-rukum-trekking-corridor,Karnali,Jajarkot,Jajarkot–Rukum trekking corridor,Trekking route,Western Jajarkot,Medium,First-round researched,CORRIDOR,ROUTING_HOLD,NONE,,provinces/karnali/districts/jajarkot.md,provinces/karnali/visitor_ready/jajarkot.md
np-karnali-jajarkot-high-altitude-pasture-zones,Karnali,Jajarkot,High-altitude pasture zones,Natural attraction,Barekot and Kushe,Medium,Needs local verification,POINT,ROUTING_HOLD,DYNAMIC,,provinces/karnali/districts/jajarkot.md,provinces/karnali/visitor_ready/jajarkot.md
np-karnali-jajarkot-forest-and-bird-habitats,Karnali,Jajarkot,Forest and bird habitats,Wildlife and nature site,District-wide,Medium,First-round researched,AREA,ROUTING_HOLD,NONE,,provinces/karnali/districts/jajarkot.md,provinces/karnali/visitor_ready/jajarkot.md
np-karnali-jajarkot-walnut-and-apple-farming-landscapes,Karnali,Jajarkot,Walnut and apple farming landscapes,Agro-tourism,Higher-elevation municipalities,Medium,Needs local verification,AREA,ROUTING_HOLD,NONE,,provinces/karnali/districts/jajarkot.md,provinces/karnali/visitor_ready/jajarkot.md
np-karnali-jajarkot-traditional-water-mills-and-village-trails,Karnali,Jajarkot,Traditional water mills and village trails,Cultural and community tourism,District-wide,Low,Needs local verification,ROUTE,ROUTING_HOLD,NONE,,provinces/karnali/districts/jajarkot.md,provinces/karnali/visitor_ready/jajarkot.md
np-karnali-jajarkot-earthquake-affected-heritage-documentation-sites,Karnali,Jajarkot,Earthquake-affected heritage documentation sites,Historical documentation,Jajarkot,Medium,Needs local verification,POINT,ROUTING_HOLD,DYNAMIC,,provinces/karnali/districts/jajarkot.md,provinces/karnali/visitor_ready/jajarkot.md
np-karnali-jumla-sinja-valley,Karnali,Jumla,Sinja Valley,Historical and cultural landscape,Sinja–Kanakasundari area,Flagship,UNESCO Tentative List / established,CORRIDOR,ROUTING_HOLD,NONE,,provinces/karnali/districts/jumla.md,provinces/karnali/visitor_ready/jumla.md
np-karnali-jumla-sinja-archaeological-settlement-remains,Karnali,Jumla,Sinja archaeological settlement remains,Archaeological site,Sinja Valley,Major,Established; specialist verification pending,POINT,ROUTING_HOLD,NONE,,provinces/karnali/districts/jumla.md,provinces/karnali/visitor_ready/jumla.md
np-karnali-jumla-sinja-cliff-inscriptions-and-caves,Karnali,Jumla,Sinja cliff inscriptions and caves,Archaeological / linguistic heritage,Sinja Valley cliffs,Major,First-round researched,POINT,ROUTING_HOLD,NONE,,provinces/karnali/districts/jumla.md,provinces/karnali/visitor_ready/jumla.md
np-karnali-jumla-hima-river-cultural-landscape,Karnali,Jumla,Hima River cultural landscape,River / cultural landscape,Sinja Valley,Strong,Established,CORRIDOR,ROUTING_HOLD,DYNAMIC,,provinces/karnali/districts/jumla.md,provinces/karnali/visitor_ready/jumla.md
np-karnali-jumla-kanakasundari-temple,Karnali,Jumla,Kanakasundari Temple,Religious site,Kanakasundari Rural Municipality,Major,Established,POINT,ROUTING_HOLD,NONE,,provinces/karnali/districts/jumla.md,provinces/karnali/visitor_ready/jumla.md
np-karnali-jumla-kanakasundari-valley-and-village-landscape,Karnali,Jumla,Kanakasundari Valley and village landscape,Community and cultural tourism,Kanakasundari,Strong,Established,CORRIDOR,ROUTING_HOLD,NONE,,provinces/karnali/districts/jumla.md,provinces/karnali/visitor_ready/jumla.md
np-karnali-jumla-chandannath-temple,Karnali,Jumla,Chandannath Temple,Religious and historical site,"Khalanga, Chandannath Municipality",Flagship,Established,POINT,ROUTING_HOLD,NONE,,provinces/karnali/districts/jumla.md,provinces/karnali/visitor_ready/jumla.md
np-karnali-jumla-bhairavnath-temple,Karnali,Jumla,Bhairavnath Temple,Religious site,"Chandannath temple complex, Khalanga",Major,Established,POINT,ROUTING_HOLD,NONE,,provinces/karnali/districts/jumla.md,provinces/karnali/visitor_ready/jumla.md
np-karnali-jumla-chandannath-annual-lingo-ceremony,Karnali,Jumla,Chandannath annual lingo ceremony,Festival / living heritage,Khalanga,Strong,Event-based; local verification needed,POINT,ROUTING_HOLD,NONE,,provinces/karnali/districts/jumla.md,provinces/karnali/visitor_ready/jumla.md
np-karnali-jumla-jumla-khalanga-historic-core,Karnali,Jumla,Jumla Khalanga historic core,Historic town,Chandannath Municipality,Major,Established,AREA,ROUTING_HOLD,NONE,,provinces/karnali/districts/jumla.md,provinces/karnali/visitor_ready/jumla.md
np-karnali-jumla-jumla-bazaar,Karnali,Jumla,Jumla Bazaar,Urban and gateway tourism,Chandannath Municipality,Strong,Established,AREA,ROUTING_HOLD,NONE,,provinces/karnali/districts/jumla.md,provinces/karnali/visitor_ready/jumla.md
np-karnali-jumla-jumla-airport,Karnali,Jumla,Jumla Airport,Tourism gateway,Chandannath Municipality,Strong,Government-managed,POINT,ROUTING_HOLD,NONE,,provinces/karnali/districts/jumla.md,provinces/karnali/visitor_ready/jumla.md
np-karnali-jumla-tila-river-valley,Karnali,Jumla,Tila River valley,River / agricultural landscape,"Chandannath, Tatopani and Tila areas",Major,Established,CORRIDOR,ROUTING_HOLD,NONE,,provinces/karnali/districts/jumla.md,provinces/karnali/visitor_ready/jumla.md
np-karnali-jumla-jumla-marsi-rice-terraces,Karnali,Jumla,Jumla Marsi rice terraces,Agro-tourism / cultural landscape,Tila–Hima–Sinja valleys,Major,Established,AREA,ROUTING_HOLD,NONE,,provinces/karnali/districts/jumla.md,provinces/karnali/visitor_ready/jumla.md
np-karnali-jumla-jumla-apple-growing-landscape,Karnali,Jumla,Jumla apple-growing landscape,Agro-tourism,Multiple municipalities,Major,Established,AREA,ROUTING_HOLD,OPERATOR_DEPENDENT;DYNAMIC,,provinces/karnali/districts/jumla.md,provinces/karnali/visitor_ready/jumla.md
np-karnali-jumla-tatopani-hot-spring,Karnali,Jumla,Tatopani hot spring,Natural / wellness site,Tatopani Rural Municipality,Major,Established; operating details pending,POINT,ROUTING_HOLD,ENTRY_FEE;DYNAMIC,,provinces/karnali/districts/jumla.md,provinces/karnali/visitor_ready/jumla.md
np-karnali-jumla-tatopani-village-and-river-corridor,Karnali,Jumla,Tatopani village and river corridor,Community tourism,Tatopani Rural Municipality,Strong,First-round researched,CORRIDOR,ROUTING_HOLD,NONE,,provinces/karnali/districts/jumla.md,provinces/karnali/visitor_ready/jumla.md
np-karnali-jumla-patarasi-mountain-landscape,Karnali,Jumla,Patarasi mountain landscape,Mountain / trekking area,Patarasi Rural Municipality,Major,Established,ROUTE,ROUTING_HOLD,NONE,,provinces/karnali/districts/jumla.md,provinces/karnali/visitor_ready/jumla.md
np-karnali-jumla-patarasi-village-cluster,Karnali,Jumla,Patarasi village cluster,Community and cultural tourism,Patarasi Rural Municipality,Strong,First-round researched,AREA,ROUTING_HOLD,NONE,,provinces/karnali/districts/jumla.md,provinces/karnali/visitor_ready/jumla.md
np-karnali-jumla-chhumchaur-high-altitude-agricultural-landscape,Karnali,Jumla,Chhumchaur high-altitude agricultural landscape,Agro-tourism / mountain landscape,Patarasi area,Strong,Established; coordinates pending,AREA,ROUTING_HOLD,NONE,,provinces/karnali/districts/jumla.md,provinces/karnali/visitor_ready/jumla.md
np-karnali-jumla-gidikhola-valley,Karnali,Jumla,Gidikhola valley,Natural / community landscape,Guthichaur area,Emerging,First-round researched,CORRIDOR,ROUTING_HOLD,NONE,,provinces/karnali/districts/jumla.md,provinces/karnali/visitor_ready/jumla.md
np-karnali-jumla-guthichaur-alpine-meadows,Karnali,Jumla,Guthichaur alpine meadows,Natural attraction / trekking,Guthichaur Rural Municipality,Strong,Established; seasonal,ROUTE,ROUTING_HOLD,NONE,,provinces/karnali/districts/jumla.md,provinces/karnali/visitor_ready/jumla.md
np-karnali-jumla-guthichaur-valley-and-village-landscape,Karnali,Jumla,Guthichaur valley and village landscape,Community tourism,Guthichaur,Strong,First-round researched,CORRIDOR,ROUTING_HOLD,NONE,,provinces/karnali/districts/jumla.md,provinces/karnali/visitor_ready/jumla.md
np-karnali-jumla-dillichaur-and-tila-valley-settlements,Karnali,Jumla,Dillichaur and Tila valley settlements,Community / agricultural tourism,Tila Rural Municipality,Emerging,First-round researched,CORRIDOR,ROUTING_HOLD,DYNAMIC,,provinces/karnali/districts/jumla.md,provinces/karnali/visitor_ready/jumla.md
np-karnali-jumla-jumla-rara-trekking-corridor,Karnali,Jumla,Jumla–Rara trekking corridor,Trekking route,Jumla to Mugu,Major,Established; cross-district,CORRIDOR,ROUTING_HOLD,NONE,,provinces/karnali/districts/jumla.md,provinces/karnali/visitor_ready/jumla.md
np-karnali-jumla-jumla-dolpo-trekking-corridor,Karnali,Jumla,Jumla–Dolpo trekking corridor,Trekking route,Western / northern Jumla approaches,Strong,First-round researched; cross-district,CORRIDOR,ROUTING_HOLD,NONE,,provinces/karnali/districts/jumla.md,provinces/karnali/visitor_ready/jumla.md
np-karnali-jumla-danphe-lek-high-ridge-bird-habitat,Karnali,Jumla,Danphe Lek / high-ridge bird habitat,Wildlife / viewpoint landscape,High ridges of Jumla,Emerging,Needs local verification,AREA,ROUTING_HOLD,NONE,,provinces/karnali/districts/jumla.md,provinces/karnali/visitor_ready/jumla.md
np-karnali-jumla-jumla-medicinal-herb-and-high-pasture-landscape,Karnali,Jumla,Jumla medicinal-herb and high-pasture landscape,Nature / livelihood tourism,"Patarasi, Guthichaur and highlands",Strong,Established as landscape; controlled access,AREA,ROUTING_HOLD,NONE,,provinces/karnali/districts/jumla.md,provinces/karnali/visitor_ready/jumla.md
np-karnali-kalikot-manma-kalikot-district-headquarters,Karnali,Kalikot,Manma / Kalikot district headquarters,Historical and cultural place,Khadachakra Municipality,3,Established,POINT,ROUTING_HOLD,NONE,,provinces/karnali/districts/kalikot.md,provinces/karnali/visitor_ready/kalikot.md
np-karnali-kalikot-khadachakra-cultural-landscape,Karnali,Kalikot,Khadachakra cultural landscape,Religious and cultural place,Khadachakra Municipality,3,First-round researched,AREA,ROUTING_HOLD,NONE,,provinces/karnali/districts/kalikot.md,provinces/karnali/visitor_ready/kalikot.md
np-karnali-kalikot-karnali-river-corridor,Karnali,Kalikot,Karnali River corridor,River and natural attraction,Western/southern Kalikot,4,Established,CORRIDOR,ROUTING_HOLD,NONE,karnali-river-corridor,provinces/karnali/districts/kalikot.md,provinces/karnali/visitor_ready/kalikot.md
np-karnali-kalikot-tila-river-corridor,Karnali,Kalikot,Tila River corridor,River and natural attraction,Eastern Kalikot,4,Established,CORRIDOR,ROUTING_HOLD,DYNAMIC,,provinces/karnali/districts/kalikot.md,provinces/karnali/visitor_ready/kalikot.md
np-karnali-kalikot-karnali-tila-confluence-landscape,Karnali,Kalikot,Karnali–Tila confluence landscape,Natural attraction,Kalikot river junction area,3,Needs coordinate verification,AREA,ROUTING_HOLD,NONE,,provinces/karnali/districts/kalikot.md,provinces/karnali/visitor_ready/kalikot.md
np-karnali-kalikot-raskot-valley,Karnali,Kalikot,Raskot Valley,Natural and cultural landscape,Raskot Municipality,4,Established,CORRIDOR,ROUTING_HOLD,NONE,,provinces/karnali/districts/kalikot.md,provinces/karnali/visitor_ready/kalikot.md
np-karnali-kalikot-raskot-heritage-settlement,Karnali,Kalikot,Raskot heritage settlement,Historical and cultural place,Raskot Municipality,3,First-round researched,POINT,ROUTING_HOLD,NONE,,provinces/karnali/districts/kalikot.md,provinces/karnali/visitor_ready/kalikot.md
np-karnali-kalikot-sanni-triveni-landscape,Karnali,Kalikot,Sanni Triveni landscape,River confluence and pilgrimage,Sanni Triveni Rural Municipality,4,First-round researched,CORRIDOR,ROUTING_HOLD,NONE,,provinces/karnali/districts/kalikot.md,provinces/karnali/visitor_ready/kalikot.md
np-karnali-kalikot-triveni-patan,Karnali,Kalikot,Triveni Patan,Alpine meadow / pilgrimage landscape,Sanni Triveni highlands,4,First-round researched,AREA,ROUTING_HOLD,DYNAMIC,,provinces/karnali/districts/kalikot.md,provinces/karnali/visitor_ready/kalikot.md
np-karnali-kalikot-badimalika-approach-from-kalikot,Karnali,Kalikot,Badimalika approach from Kalikot,Trekking and pilgrimage route,Southern highlands,4,Established,ROUTE,ROUTING_HOLD,NONE,,provinces/karnali/districts/kalikot.md,provinces/karnali/visitor_ready/kalikot.md
np-karnali-kalikot-mahabu-mahawai-lekh,Karnali,Kalikot,Mahabu / Mahawai Lekh,"Hill, viewpoint and pilgrimage landscape",Mahawai Rural Municipality,4,Established,AREA,ROUTING_HOLD,NONE,mahābu-mahawai-lekh,provinces/karnali/districts/kalikot.md,provinces/karnali/visitor_ready/kalikot.md
np-karnali-kalikot-mahabu-pilgrimage-route,Karnali,Kalikot,Mahabu pilgrimage route,Trekking and religious route,Mahawai highlands,3,First-round researched,ROUTE,ROUTING_HOLD,DYNAMIC,,provinces/karnali/districts/kalikot.md,provinces/karnali/visitor_ready/kalikot.md
np-karnali-kalikot-naraharinath-cultural-landscape,Karnali,Kalikot,Naraharinath cultural landscape,Religious and historical place,Naraharinath Rural Municipality,3,First-round researched,AREA,ROUTING_HOLD,NONE,,provinces/karnali/districts/kalikot.md,provinces/karnali/visitor_ready/kalikot.md
np-karnali-kalikot-kotbada,Karnali,Kalikot,Kotbada,Historical place and viewpoint,Naraharinath area,3,Established,POINT,ROUTING_HOLD,NONE,,provinces/karnali/districts/kalikot.md,provinces/karnali/visitor_ready/kalikot.md
np-karnali-kalikot-suntharali-airport-kotbada-airstrip,Karnali,Kalikot,Suntharali Airport / Kotbada airstrip,Transport heritage and viewpoint,Naraharinath area,2,Needs current-status verification,POINT,ROUTING_HOLD,DYNAMIC,,provinces/karnali/districts/kalikot.md,provinces/karnali/visitor_ready/kalikot.md
np-karnali-kalikot-panchadeval-heritage-site,Karnali,Kalikot,Panchadeval heritage site,Archaeological / religious monument,"Kalikot, exact locality pending",3,Needs coordinate verification,POINT,ROUTING_HOLD,NONE,,provinces/karnali/districts/kalikot.md,provinces/karnali/visitor_ready/kalikot.md
np-karnali-kalikot-tilagufa-landscape,Karnali,Kalikot,Tilagufa landscape,"Cave, ridge and community tourism",Tilagufa Municipality,3,First-round researched,AREA,ROUTING_HOLD,NONE,,provinces/karnali/districts/kalikot.md,provinces/karnali/visitor_ready/kalikot.md
np-karnali-kalikot-pili-memorial-landscape,Karnali,Kalikot,Pili memorial landscape,Historical and memorial site,Khadachakra area,3,Established,AREA,ROUTING_HOLD,NONE,,provinces/karnali/districts/kalikot.md,provinces/karnali/visitor_ready/kalikot.md
np-karnali-kalikot-pachal-waterfall-landscape,Karnali,Kalikot,Pachal waterfall landscape,Waterfall and natural attraction,Pachaljharana Rural Municipality,4,First-round researched,AREA,ROUTING_HOLD,DYNAMIC,,provinces/karnali/districts/kalikot.md,provinces/karnali/visitor_ready/kalikot.md
np-karnali-kalikot-palata-highland-landscape,Karnali,Kalikot,Palata highland landscape,Natural and community tourism,Palata Rural Municipality,3,First-round researched,AREA,ROUTING_HOLD,NONE,,provinces/karnali/districts/kalikot.md,provinces/karnali/visitor_ready/kalikot.md
np-karnali-kalikot-subha-kalika-ridge-landscape,Karnali,Kalikot,Subha Kalika ridge landscape,Viewpoint and religious area,Subha Kalika Rural Municipality,3,First-round researched,AREA,ROUTING_HOLD,NONE,,provinces/karnali/districts/kalikot.md,provinces/karnali/visitor_ready/kalikot.md
np-karnali-kalikot-khandachakra-raskot-trekking-corridor,Karnali,Kalikot,Khandachakra–Raskot trekking corridor,Trekking route,Central Kalikot,3,First-round researched,CORRIDOR,ROUTING_HOLD,NONE,,provinces/karnali/districts/kalikot.md,provinces/karnali/visitor_ready/kalikot.md
np-karnali-kalikot-karnali-highway-scenic-corridor,Karnali,Kalikot,Karnali Highway scenic corridor,Scenic road and engineering landscape,Kalikot section,3,Established,CORRIDOR,ROUTING_HOLD,NONE,,provinces/karnali/districts/kalikot.md,provinces/karnali/visitor_ready/kalikot.md
np-karnali-kalikot-traditional-khasa-settlements,Karnali,Kalikot,Traditional Khasa settlements,Community tourism and culture,Multiple municipalities,3,First-round researched,POINT,ROUTING_HOLD,NONE,,provinces/karnali/districts/kalikot.md,provinces/karnali/visitor_ready/kalikot.md
np-karnali-kalikot-apple-and-walnut-farming-landscape,Karnali,Kalikot,Apple and walnut farming landscape,Agro-tourism,Higher Kalikot valleys,2,First-round researched,AREA,ROUTING_HOLD,DYNAMIC,,provinces/karnali/districts/kalikot.md,provinces/karnali/visitor_ready/kalikot.md
np-karnali-kalikot-high-pasture-and-medicinal-herb-landscape,Karnali,Kalikot,High-pasture and medicinal-herb landscape,Natural and livelihood landscape,Northern/high Kalikot,2,Needs local verification,AREA,ROUTING_HOLD,DYNAMIC,,provinces/karnali/districts/kalikot.md,provinces/karnali/visitor_ready/kalikot.md
np-karnali-mugu-rara-lake,Karnali,Mugu,Rara Lake,Lake and flagship natural attraction,Chhayanath Rara / Rara area,5,Government-managed / established,WATER,ROUTING_HOLD,NONE,,provinces/karnali/districts/mugu.md,provinces/karnali/visitor_ready/mugu.md
np-karnali-mugu-rara-national-park,Karnali,Mugu,Rara National Park,National park,Rara area,5,Government-managed / protected,PROTECTED_AREA,ROUTING_HOLD,PROTECTED_AREA_ENTRY,rara-national-park,provinces/karnali/districts/mugu.md,provinces/karnali/visitor_ready/mugu.md
np-karnali-mugu-rara-lake-shoreline-and-wetland-zone,Karnali,Mugu,Rara Lake shoreline and wetland zone,Wetland and nature landscape,Rara area,4,Established,WATER,ROUTING_HOLD,NONE,,provinces/karnali/districts/mugu.md,provinces/karnali/visitor_ready/mugu.md
np-karnali-mugu-murma-top,Karnali,Mugu,Murma Top,Viewpoint and hiking destination,Murma / Rara area,5,Established,POINT,ROUTING_HOLD,DYNAMIC,,provinces/karnali/districts/mugu.md,provinces/karnali/visitor_ready/mugu.md
np-karnali-mugu-rara-murma-hiking-route,Karnali,Mugu,Rara–Murma hiking route,Hiking route,Rara–Murma,4,Established,ROUTE,ROUTING_HOLD,NONE,,provinces/karnali/districts/mugu.md,provinces/karnali/visitor_ready/mugu.md
np-karnali-mugu-talcha-airport,Karnali,Mugu,Talcha Airport,Tourism gateway,Talcha,4,Established,POINT,ROUTING_HOLD,NONE,,provinces/karnali/districts/mugu.md,provinces/karnali/visitor_ready/mugu.md
np-karnali-mugu-gamgadhi,Karnali,Mugu,Gamgadhi,District gateway and town,Chhayanath Rara Municipality,4,Established,AREA,ROUTING_HOLD,NONE,,provinces/karnali/districts/mugu.md,provinces/karnali/visitor_ready/mugu.md
np-karnali-mugu-gamgadhi-old-market-core,Karnali,Mugu,Gamgadhi old market core,Historic market and cultural place,Gamgadhi,3,First-round researched,POINT,ROUTING_HOLD,NONE,,provinces/karnali/districts/mugu.md,provinces/karnali/visitor_ready/mugu.md
np-karnali-mugu-chhayanath-temple-pilgrimage-site,Karnali,Mugu,Chhayanath Temple / pilgrimage site,Religious and pilgrimage site,Chhayanath Rara area,5,Established,POINT,ROUTING_HOLD,DYNAMIC,,provinces/karnali/districts/mugu.md,provinces/karnali/visitor_ready/mugu.md
np-karnali-mugu-chhayanath-pilgrimage-route,Karnali,Mugu,Chhayanath pilgrimage route,Pilgrimage and trekking route,Chhayanath highlands,4,First-round researched,ROUTE,ROUTING_HOLD,NONE,,provinces/karnali/districts/mugu.md,provinces/karnali/visitor_ready/mugu.md
np-karnali-mugu-chhayanath-high-altitude-landscape,Karnali,Mugu,Chhayanath high-altitude landscape,Mountain and sacred landscape,Mugum Karmarong / Chhayanath area,4,First-round researched,AREA,ROUTING_HOLD,DYNAMIC,,provinces/karnali/districts/mugu.md,provinces/karnali/visitor_ready/mugu.md
np-karnali-mugu-mugum-karmarong-cultural-landscape,Karnali,Mugu,Mugum Karmarong cultural landscape,Community and cultural tourism,Mugum Karmarong Rural Municipality,5,Established,AREA,ROUTING_HOLD,NONE,,provinces/karnali/districts/mugu.md,provinces/karnali/visitor_ready/mugu.md
np-karnali-mugu-mugu-village,Karnali,Mugu,Mugu Village,Heritage village,Mugum Karmarong,4,Established,AREA,ROUTING_HOLD,NONE,,provinces/karnali/districts/mugu.md,provinces/karnali/visitor_ready/mugu.md
np-karnali-mugu-pulu-village,Karnali,Mugu,Pulu Village,Community tourism and trekking settlement,Mugum Karmarong,4,Established,ROUTE,ROUTING_HOLD,NONE,,provinces/karnali/districts/mugu.md,provinces/karnali/visitor_ready/mugu.md
np-karnali-mugu-kimri-village,Karnali,Mugu,Kimri Village,Cultural village,Mugum Karmarong,3,First-round researched,AREA,ROUTING_HOLD,NONE,,provinces/karnali/districts/mugu.md,provinces/karnali/visitor_ready/mugu.md
np-karnali-mugu-mangri-village,Karnali,Mugu,Mangri Village,Cultural village,Mugum Karmarong,3,First-round researched,AREA,ROUTING_HOLD,DYNAMIC,,provinces/karnali/districts/mugu.md,provinces/karnali/visitor_ready/mugu.md
np-karnali-mugu-dolphu-valley-and-village,Karnali,Mugu,Dolphu Valley and village,Remote valley and community tourism,Mugum Karmarong,4,First-round researched,CORRIDOR,ROUTING_HOLD,DYNAMIC,,provinces/karnali/districts/mugu.md,provinces/karnali/visitor_ready/mugu.md
np-karnali-mugu-mugu-karnali-river-corridor,Karnali,Mugu,Mugu Karnali River corridor,River and valley landscape,Mugu district,5,Established,CORRIDOR,ROUTING_HOLD,NONE,,provinces/karnali/districts/mugu.md,provinces/karnali/visitor_ready/mugu.md
np-karnali-mugu-karnali-river-canyon-viewpoints,Karnali,Mugu,Karnali river canyon viewpoints,Viewpoint landscape,Mugu Karnali corridor,3,Needs local verification,CORRIDOR,ROUTING_HOLD,NONE,,provinces/karnali/districts/mugu.md,provinces/karnali/visitor_ready/mugu.md
np-karnali-mugu-soru-valley,Karnali,Mugu,Soru Valley,Valley and community tourism,Soru Rural Municipality,4,Established,CORRIDOR,ROUTING_HOLD,NONE,,provinces/karnali/districts/mugu.md,provinces/karnali/visitor_ready/mugu.md
np-karnali-mugu-soru-riverside-settlements,Karnali,Mugu,Soru riverside settlements,Community tourism cluster,Soru Rural Municipality,3,First-round researched,CORRIDOR,ROUTING_HOLD,DYNAMIC,,provinces/karnali/districts/mugu.md,provinces/karnali/visitor_ready/mugu.md
np-karnali-mugu-khatyad-valley,Karnali,Mugu,Khatyad Valley,Valley and rural landscape,Khatyad Rural Municipality,4,Established,CORRIDOR,ROUTING_HOLD,NONE,,provinces/karnali/districts/mugu.md,provinces/karnali/visitor_ready/mugu.md
np-karnali-mugu-khatyad-river-corridor,Karnali,Mugu,Khatyad river corridor,River and nature attraction,Khatyad Rural Municipality,3,First-round researched,CORRIDOR,ROUTING_HOLD,DYNAMIC,,provinces/karnali/districts/mugu.md,provinces/karnali/visitor_ready/mugu.md
np-karnali-mugu-pina-village-and-rara-approach,Karnali,Mugu,Pina village and Rara approach,Gateway village and route,Chhayanath Rara area,3,Established,ROUTE,ROUTING_HOLD,DYNAMIC,,provinces/karnali/districts/mugu.md,provinces/karnali/visitor_ready/mugu.md
np-karnali-mugu-jhyari-village-and-rara-approach,Karnali,Mugu,Jhyari village and Rara approach,Gateway village and route,Rara approach,3,Established,ROUTE,ROUTING_HOLD,DYNAMIC,,provinces/karnali/districts/mugu.md,provinces/karnali/visitor_ready/mugu.md
np-karnali-mugu-rara-forest-and-meadow-landscape,Karnali,Mugu,Rara forest and meadow landscape,"Forest, meadow and wildlife habitat",Rara National Park,4,Government-managed / protected,AREA,ROUTING_HOLD,NONE,,provinces/karnali/districts/mugu.md,provinces/karnali/visitor_ready/mugu.md
np-karnali-mugu-rara-bird-watching-landscape,Karnali,Mugu,Rara bird-watching landscape,Wildlife and birding,Rara Lake / National Park,4,Established,AREA,ROUTING_HOLD,DYNAMIC,,provinces/karnali/districts/mugu.md,provinces/karnali/visitor_ready/mugu.md
np-karnali-mugu-snow-trout-habitat-of-rara-lake,Karnali,Mugu,Snow-trout habitat of Rara Lake,Aquatic wildlife and conservation,Rara Lake,3,Government-managed / protected,WATER,ROUTING_HOLD,DYNAMIC,,provinces/karnali/districts/mugu.md,provinces/karnali/visitor_ready/mugu.md
np-karnali-mugu-high-altitude-pasture-and-medicinal-herb-landscape,Karnali,Mugu,High-altitude pasture and medicinal-herb landscape,Nature and livelihood tourism,Northern Mugu,3,Needs local verification,AREA,ROUTING_HOLD,DYNAMIC,,provinces/karnali/districts/mugu.md,provinces/karnali/visitor_ready/mugu.md
np-karnali-mugu-nepal-tibet-traditional-trade-route-landscape,Karnali,Mugu,Nepal–Tibet traditional trade-route landscape,Historical and cultural route,Mugum Karmarong / northern border area,4,First-round researched,ROUTE,ROUTING_HOLD,BORDER_CONTROL,,provinces/karnali/districts/mugu.md,provinces/karnali/visitor_ready/mugu.md
np-karnali-salyan-salyan-khalanga,Karnali,Salyan,Salyan Khalanga,Historical and cultural place,Sharada Municipality,High,Established,POINT,ROUTING_HOLD,NONE,,provinces/karnali/districts/salyan.md,provinces/karnali/visitor_ready/salyan.md
np-karnali-salyan-khalanga-historic-core,Karnali,Salyan,Khalanga historic core,Historical and cultural place,Sharada Municipality,Medium,First-round researched,POINT,ROUTING_HOLD,NONE,,provinces/karnali/districts/salyan.md,provinces/karnali/visitor_ready/salyan.md
np-karnali-salyan-kupinde-lake,Karnali,Salyan,Kupinde Lake,Lake and wetland,Bangad Kupinde Municipality,High,Established,WATER,ROUTING_HOLD,OPERATOR_DEPENDENT;DYNAMIC,,provinces/karnali/districts/salyan.md,provinces/karnali/visitor_ready/salyan.md
np-karnali-salyan-kupinde-lakeside-landscape,Karnali,Salyan,Kupinde lakeside landscape,Natural attraction,Bangad Kupinde Municipality,Medium,Needs local verification,WATER,ROUTING_HOLD,DYNAMIC,,provinces/karnali/districts/salyan.md,provinces/karnali/visitor_ready/salyan.md
np-karnali-salyan-khairabang-bhagwati-temple,Karnali,Salyan,Khairabang Bhagwati Temple,Religious site and temple,Near Khalanga / Sharada area,High,Established,POINT,ROUTING_HOLD,NONE,,provinces/karnali/districts/salyan.md,provinces/karnali/visitor_ready/salyan.md
np-karnali-salyan-chhatreshwari-temple,Karnali,Salyan,Chhatreshwari Temple,Religious site and temple,Chhatreshwari Rural Municipality,High,Established,POINT,ROUTING_HOLD,NONE,,provinces/karnali/districts/salyan.md,provinces/karnali/visitor_ready/salyan.md
np-karnali-salyan-chhatreshwari-hill-landscape,Karnali,Salyan,Chhatreshwari hill landscape,Viewpoint and hill station,Chhatreshwari Rural Municipality,Medium,First-round researched,AREA,ROUTING_HOLD,NONE,,provinces/karnali/districts/salyan.md,provinces/karnali/visitor_ready/salyan.md
np-karnali-salyan-sharada-river-corridor,Karnali,Salyan,Sharada River corridor,River and natural attraction,Sharada Municipality and downstream areas,High,Established geographic entity,CORRIDOR,ROUTING_HOLD,NONE,,provinces/karnali/districts/salyan.md,provinces/karnali/visitor_ready/salyan.md
np-karnali-salyan-bheri-river-corridor-salyan-sector,Karnali,Salyan,"Bheri River corridor, Salyan sector",River and natural attraction,Western / southern Salyan,High,Established geographic entity,CORRIDOR,ROUTING_HOLD,NONE,,provinces/karnali/districts/salyan.md,provinces/karnali/visitor_ready/salyan.md
np-karnali-salyan-babai-headwater-landscape,Karnali,Salyan,Babai headwater landscape,River and natural attraction,Southern Salyan highlands,Medium,First-round researched,CORRIDOR,ROUTING_HOLD,NONE,,provinces/karnali/districts/salyan.md,provinces/karnali/visitor_ready/salyan.md
np-karnali-salyan-kumakh-lekh,Karnali,Salyan,Kumakh Lekh,Viewpoint and hill station,Kumakh Rural Municipality,High,Established regional destination,AREA,ROUTING_HOLD,NONE,,provinces/karnali/districts/salyan.md,provinces/karnali/visitor_ready/salyan.md
np-karnali-salyan-kumakh-trekking-landscape,Karnali,Salyan,Kumakh trekking landscape,Trekking area,Kumakh Rural Municipality,Medium,Needs local verification,ROUTE,ROUTING_HOLD,DYNAMIC,,provinces/karnali/districts/salyan.md,provinces/karnali/visitor_ready/salyan.md
np-karnali-salyan-siddha-kumakh-area,Karnali,Salyan,Siddha Kumakh area,Religious and natural attraction,Siddha Kumakh Rural Municipality,Medium,First-round researched,AREA,ROUTING_HOLD,NONE,,provinces/karnali/districts/salyan.md,provinces/karnali/visitor_ready/salyan.md
np-karnali-salyan-kapurkot-hill-landscape,Karnali,Salyan,Kapurkot hill landscape,Viewpoint and hill station,Kapurkot Rural Municipality,High,Established,AREA,ROUTING_HOLD,NONE,,provinces/karnali/districts/salyan.md,provinces/karnali/visitor_ready/salyan.md
np-karnali-salyan-kapurkot-vegetable-farming-landscape,Karnali,Salyan,Kapurkot vegetable-farming landscape,Community and agro-tourism,Kapurkot Rural Municipality,Medium,Established regional identity,AREA,ROUTING_HOLD,OPERATOR_DEPENDENT;DYNAMIC,,provinces/karnali/districts/salyan.md,provinces/karnali/visitor_ready/salyan.md
np-karnali-salyan-bagchaur-hill-town,Karnali,Salyan,Bagchaur hill town,Community tourism and notable settlement,Bagchaur Municipality,Medium,Established,AREA,ROUTING_HOLD,NONE,,provinces/karnali/districts/salyan.md,provinces/karnali/visitor_ready/salyan.md
np-karnali-salyan-bagchaur-agricultural-terraces,Karnali,Salyan,Bagchaur agricultural terraces,Community and agro-tourism,Bagchaur Municipality,Medium,Needs local verification,POINT,ROUTING_HOLD,NONE,,provinces/karnali/districts/salyan.md,provinces/karnali/visitor_ready/salyan.md
np-karnali-salyan-bangad-valley,Karnali,Salyan,Bangad Valley,Natural attraction and community tourism,Bangad Kupinde Municipality,Medium,Established geographic landscape,CORRIDOR,ROUTING_HOLD,NONE,,provinces/karnali/districts/salyan.md,provinces/karnali/visitor_ready/salyan.md
np-karnali-salyan-darma-valley,Karnali,Salyan,Darma Valley,Natural attraction and community tourism,Darma Rural Municipality,Medium,First-round researched,CORRIDOR,ROUTING_HOLD,NONE,,provinces/karnali/districts/salyan.md,provinces/karnali/visitor_ready/salyan.md
np-karnali-salyan-tribeni-rural-landscape,Karnali,Salyan,Tribeni rural landscape,Religious and river landscape,Tribeni Rural Municipality,Medium,First-round researched,CORRIDOR,ROUTING_HOLD,NONE,,provinces/karnali/districts/salyan.md,provinces/karnali/visitor_ready/salyan.md
np-karnali-salyan-kalimati-forest-and-valley-landscape,Karnali,Salyan,Kalimati forest and valley landscape,Natural attraction,Kalimati Rural Municipality,Medium,First-round researched,CORRIDOR,ROUTING_HOLD,NONE,,provinces/karnali/districts/salyan.md,provinces/karnali/visitor_ready/salyan.md
np-karnali-salyan-jhimpe-ridge-landscape,Karnali,Salyan,Jhimpe ridge landscape,Viewpoint and community tourism,Chhatreshwari / central Salyan area,Low,Needs local verification,AREA,ROUTING_HOLD,NONE,,provinces/karnali/districts/salyan.md,provinces/karnali/visitor_ready/salyan.md
np-karnali-salyan-marke-village-landscape,Karnali,Salyan,Marke village landscape,Community tourism and notable village,Central Salyan,Low,Needs local verification,AREA,ROUTING_HOLD,NONE,,provinces/karnali/districts/salyan.md,provinces/karnali/visitor_ready/salyan.md
np-karnali-salyan-salyan-rolpa-hill-trail-corridor,Karnali,Salyan,Salyan–Rolpa hill trail corridor,Trekking area and historic route,Northern/eastern Salyan,Medium,First-round researched,CORRIDOR,ROUTING_HOLD,NONE,,provinces/karnali/districts/salyan.md,provinces/karnali/visitor_ready/salyan.md
np-karnali-salyan-salyan-dang-ridge-and-trade-corridor,Karnali,Salyan,Salyan–Dang ridge and trade corridor,Historical route and viewpoint landscape,Southern Salyan,Medium,Established geographic corridor,CORRIDOR,ROUTING_HOLD,NONE,,provinces/karnali/districts/salyan.md,provinces/karnali/visitor_ready/salyan.md
np-karnali-salyan-local-seasonal-waterfalls-of-kumakh-darma-highlands,Karnali,Salyan,Local seasonal waterfalls of Kumakh–Darma highlands,Waterfalls,Northern Salyan,Low,Needs local verification,AREA,ROUTING_HOLD,NONE,,provinces/karnali/districts/salyan.md,provinces/karnali/visitor_ready/salyan.md
np-karnali-surkhet-birendranagar,Karnali,Surkhet,Birendranagar,Major tourist destination,Birendranagar Municipality,High,Established,POINT,ROUTING_HOLD,NONE,,provinces/karnali/districts/surkhet.md,provinces/karnali/visitor_ready/surkhet.md
np-karnali-surkhet-birendranagar-planned-city-landscape,Karnali,Surkhet,Birendranagar planned-city landscape,Historical and cultural place,Birendranagar Municipality,Medium,First-round researched,AREA,ROUTING_HOLD,NONE,,provinces/karnali/districts/surkhet.md,provinces/karnali/visitor_ready/surkhet.md
np-karnali-surkhet-kakrebihar-temple,Karnali,Surkhet,Kakrebihar Temple,"Historical, archaeological and religious site",Birendranagar Municipality,High,Government-protected / established,POINT,ROUTING_HOLD,NONE,,provinces/karnali/districts/surkhet.md,provinces/karnali/visitor_ready/surkhet.md
np-karnali-surkhet-kakrebihar-archaeological-hill,Karnali,Surkhet,Kakrebihar archaeological hill,Archaeological and natural attraction,Birendranagar Municipality,High,Established,AREA,ROUTING_HOLD,NONE,,provinces/karnali/districts/surkhet.md,provinces/karnali/visitor_ready/surkhet.md
np-karnali-surkhet-kakrebihar-forest,Karnali,Surkhet,Kakrebihar forest,Forest and wildlife site,Birendranagar Municipality,Medium,Established,AREA,ROUTING_HOLD,NONE,,provinces/karnali/districts/surkhet.md,provinces/karnali/visitor_ready/surkhet.md
np-karnali-surkhet-bulbule-lake,Karnali,Surkhet,Bulbule Lake,Lake and wetland,Birendranagar Municipality,High,Established,WATER,ROUTING_HOLD,DYNAMIC,,provinces/karnali/districts/surkhet.md,provinces/karnali/visitor_ready/surkhet.md
np-karnali-surkhet-bulbule-park,Karnali,Surkhet,Bulbule Park,Urban recreation and cultural site,Birendranagar Municipality,Medium,Needs local verification,POINT,ROUTING_HOLD,OPERATOR_DEPENDENT;ENTRY_FEE,,provinces/karnali/districts/surkhet.md,provinces/karnali/visitor_ready/surkhet.md
np-karnali-surkhet-deuti-bajai-temple,Karnali,Surkhet,Deuti Bajai Temple,Religious site and temple,Birendranagar Municipality,High,Established,POINT,ROUTING_HOLD,NONE,,provinces/karnali/districts/surkhet.md,provinces/karnali/visitor_ready/surkhet.md
np-karnali-surkhet-mangalgadhi,Karnali,Surkhet,Mangalgadhi,Historical and cultural place,Birendranagar Municipality,High,Established,POINT,ROUTING_HOLD,DYNAMIC,,provinces/karnali/districts/surkhet.md,provinces/karnali/visitor_ready/surkhet.md
np-karnali-surkhet-ghantaghar,Karnali,Surkhet,Ghantaghar,Monument and city landmark,Birendranagar Municipality,Medium,Established,POINT,ROUTING_HOLD,NONE,,provinces/karnali/districts/surkhet.md,provinces/karnali/visitor_ready/surkhet.md
np-karnali-surkhet-latikoili-shiva-temple,Karnali,Surkhet,Latikoili Shiva Temple,Religious site and temple,Birendranagar Municipality,Medium,First-round researched,POINT,ROUTING_HOLD,NONE,,provinces/karnali/districts/surkhet.md,provinces/karnali/visitor_ready/surkhet.md
np-karnali-surkhet-gothikanda,Karnali,Surkhet,Gothikanda,Viewpoint and hill station,Birendranagar / northern ridge,High,Established regional destination,AREA,ROUTING_HOLD,DYNAMIC,,provinces/karnali/districts/surkhet.md,provinces/karnali/visitor_ready/surkhet.md
np-karnali-surkhet-surkhet-valley,Karnali,Surkhet,Surkhet Valley,Natural and cultural landscape,Central Surkhet,High,Established geographic entity,CORRIDOR,ROUTING_HOLD,NONE,,provinces/karnali/districts/surkhet.md,provinces/karnali/visitor_ready/surkhet.md
np-karnali-surkhet-bheri-river-corridor-surkhet-sector,Karnali,Surkhet,"Bheri River corridor, Surkhet sector",River and natural attraction,Eastern and southern Surkhet,High,Established geographic entity,CORRIDOR,ROUTING_HOLD,OPERATOR_DEPENDENT,,provinces/karnali/districts/surkhet.md,provinces/karnali/visitor_ready/surkhet.md
np-karnali-surkhet-bheri-rafting-corridor,Karnali,Surkhet,Bheri rafting corridor,Adventure tourism route,Bheriganga and downstream areas,Medium,Needs local verification,CORRIDOR,ROUTING_HOLD,OPERATOR_DEPENDENT,,provinces/karnali/districts/surkhet.md,provinces/karnali/visitor_ready/surkhet.md
np-karnali-surkhet-karnali-river-corridor-surkhet-sector,Karnali,Surkhet,"Karnali River corridor, Surkhet sector",River and natural attraction,Western Surkhet / Chaukune side,High,Established geographic entity,CORRIDOR,ROUTING_HOLD,NONE,,provinces/karnali/districts/surkhet.md,provinces/karnali/visitor_ready/surkhet.md
np-karnali-surkhet-chaukune-landscape,Karnali,Surkhet,Chaukune landscape,Natural and community-tourism area,Chaukune Rural Municipality,Medium,First-round researched,AREA,ROUTING_HOLD,NONE,,provinces/karnali/districts/surkhet.md,provinces/karnali/visitor_ready/surkhet.md
np-karnali-surkhet-barahatal-area,Karnali,Surkhet,Barahatal area,Natural and community-tourism area,Barahatal Rural Municipality,Medium,First-round researched,AREA,ROUTING_HOLD,NONE,,provinces/karnali/districts/surkhet.md,provinces/karnali/visitor_ready/surkhet.md
np-karnali-surkhet-barahatal-lake-pond-sites,Karnali,Surkhet,Barahatal lake / pond sites,Lakes and wetlands,Barahatal Rural Municipality,Low,Needs local verification,WATER,ROUTING_HOLD,DYNAMIC,,provinces/karnali/districts/surkhet.md,provinces/karnali/visitor_ready/surkhet.md
np-karnali-surkhet-bheriganga-valley,Karnali,Surkhet,Bheriganga Valley,River and community-tourism landscape,Bheriganga Municipality,Medium,Established geographic entity,CORRIDOR,ROUTING_HOLD,NONE,,provinces/karnali/districts/surkhet.md,provinces/karnali/visitor_ready/surkhet.md
np-karnali-surkhet-ramghat-area,Karnali,Surkhet,Ramghat area,River and religious landscape,Bheriganga Municipality,Medium,First-round researched,CORRIDOR,ROUTING_HOLD,NONE,,provinces/karnali/districts/surkhet.md,provinces/karnali/visitor_ready/surkhet.md
np-karnali-surkhet-gurbhakot-ridge-and-valley-landscape,Karnali,Surkhet,Gurbhakot ridge-and-valley landscape,Viewpoint and community tourism,Gurbhakot Municipality,Medium,First-round researched,CORRIDOR,ROUTING_HOLD,NONE,,provinces/karnali/districts/surkhet.md,provinces/karnali/visitor_ready/surkhet.md
np-karnali-surkhet-chingad-valley,Karnali,Surkhet,Chingad Valley,Natural and community-tourism area,Chingad Rural Municipality,Medium,First-round researched,CORRIDOR,ROUTING_HOLD,NONE,,provinces/karnali/districts/surkhet.md,provinces/karnali/visitor_ready/surkhet.md
np-karnali-surkhet-simta-valley,Karnali,Surkhet,Simta Valley,Natural and community-tourism area,Simta Rural Municipality,Medium,First-round researched,CORRIDOR,ROUTING_HOLD,NONE,,provinces/karnali/districts/surkhet.md,provinces/karnali/visitor_ready/surkhet.md
np-karnali-surkhet-lekbesi-rural-landscape,Karnali,Surkhet,Lekbesi rural landscape,Community tourism and agricultural landscape,Lekbesi Municipality,Medium,First-round researched,AREA,ROUTING_HOLD,NONE,,provinces/karnali/districts/surkhet.md,provinces/karnali/visitor_ready/surkhet.md
np-karnali-surkhet-panchapuri-landscape,Karnali,Surkhet,Panchapuri landscape,Community tourism and river landscape,Panchapuri Municipality,Medium,First-round researched,CORRIDOR,ROUTING_HOLD,NONE,,provinces/karnali/districts/surkhet.md,provinces/karnali/visitor_ready/surkhet.md
np-karnali-surkhet-surkhet-airport-viewpoint-and-gateway,Karnali,Surkhet,Surkhet Airport viewpoint and gateway,Transport heritage and gateway,Birendranagar Municipality,Medium,Established infrastructure,POINT,ROUTING_HOLD,NONE,,provinces/karnali/districts/surkhet.md,provinces/karnali/visitor_ready/surkhet.md
np-karnali-surkhet-karnali-provincial-museum-cultural-museum-resources,Karnali,Surkhet,Karnali Provincial Museum / cultural museum resources,Museum and cultural place,Birendranagar Municipality,Medium,Needs local verification,POINT,ROUTING_HOLD,DYNAMIC,,provinces/karnali/districts/surkhet.md,provinces/karnali/visitor_ready/surkhet.md
np-karnali-surkhet-raji-cultural-landscape,Karnali,Surkhet,Raji cultural landscape,Community tourism and living culture,Bheri / Surkhet communities,High,First-round researched,AREA,ROUTING_HOLD,NONE,,provinces/karnali/districts/surkhet.md,provinces/karnali/visitor_ready/surkhet.md
np-karnali-surkhet-ratna-highway-karnali-gateway-corridor,Karnali,Surkhet,Ratna Highway–Karnali gateway corridor,Scenic and historic route,Southern Surkhet to Birendranagar,Medium,Established geographic route,CORRIDOR,ROUTING_HOLD,NONE,,provinces/karnali/districts/surkhet.md,provinces/karnali/visitor_ready/surkhet.md
np-karnali-western-rukum-rukumkot-heritage-landscape,Karnali,Western Rukum,Rukumkot heritage landscape,Historical and cultural place,Musikot Municipality area,High,Established,AREA,ROUTING_HOLD,NONE,,provinces/karnali/districts/western-rukum.md,provinces/karnali/visitor_ready/western-rukum.md
np-karnali-western-rukum-musikot-khalanga,Karnali,Western Rukum,Musikot Khalanga,Historical townscape,Musikot Municipality,High,Established,AREA,ROUTING_HOLD,NONE,,provinces/karnali/districts/western-rukum.md,provinces/karnali/visitor_ready/western-rukum.md
np-karnali-western-rukum-syarpu-lake,Karnali,Western Rukum,Syarpu Lake,Lake and wetland,Banfikot area,High,Established,WATER,ROUTING_HOLD,OPERATOR_DEPENDENT,,provinces/karnali/districts/western-rukum.md,provinces/karnali/visitor_ready/western-rukum.md
np-karnali-western-rukum-syarpu-village-landscape,Karnali,Western Rukum,Syarpu village landscape,Community tourism,Banfikot Rural Municipality,Medium,First-round researched,AREA,ROUTING_HOLD,NONE,,provinces/karnali/districts/western-rukum.md,provinces/karnali/visitor_ready/western-rukum.md
np-karnali-western-rukum-banfikot-hill-landscape,Karnali,Western Rukum,Banfikot hill landscape,Viewpoint and hill station,Banfikot Rural Municipality,Medium,Established,AREA,ROUTING_HOLD,NONE,,provinces/karnali/districts/western-rukum.md,provinces/karnali/visitor_ready/western-rukum.md
np-karnali-western-rukum-chaurjahari-valley,Karnali,Western Rukum,Chaurjahari Valley,Valley and community tourism,Chaurjahari Municipality,High,Established,CORRIDOR,ROUTING_HOLD,NONE,,provinces/karnali/districts/western-rukum.md,provinces/karnali/visitor_ready/western-rukum.md
np-karnali-western-rukum-chaurjahari-airport,Karnali,Western Rukum,Chaurjahari Airport,Gateway and transport heritage,Chaurjahari,Medium,Established,POINT,ROUTING_HOLD,NONE,,provinces/karnali/districts/western-rukum.md,provinces/karnali/visitor_ready/western-rukum.md
np-karnali-western-rukum-bheri-river-corridor,Karnali,Western Rukum,Bheri River corridor,River and natural landscape,Chaurjahari / southern district,High,Established,CORRIDOR,ROUTING_HOLD,DYNAMIC,bheri-river-corridor,provinces/karnali/districts/western-rukum.md,provinces/karnali/visitor_ready/western-rukum.md
np-karnali-western-rukum-sani-bheri-river-corridor,Karnali,Western Rukum,Sani Bheri River corridor,River and natural landscape,District-wide,High,Established,CORRIDOR,ROUTING_HOLD,NONE,,provinces/karnali/districts/western-rukum.md,provinces/karnali/visitor_ready/western-rukum.md
np-karnali-western-rukum-magma-aathbiskot-mountain-landscape,Karnali,Western Rukum,Magma–Aathbiskot mountain landscape,Mountain and community tourism,Aathbiskot Municipality,Medium,First-round researched,AREA,ROUTING_HOLD,NONE,,provinces/karnali/districts/western-rukum.md,provinces/karnali/visitor_ready/western-rukum.md
np-karnali-western-rukum-aathbiskot-heritage-settlements,Karnali,Western Rukum,Aathbiskot heritage settlements,Historical and community tourism,Aathbiskot Municipality,Medium,First-round researched,POINT,ROUTING_HOLD,NONE,,provinces/karnali/districts/western-rukum.md,provinces/karnali/visitor_ready/western-rukum.md
np-karnali-western-rukum-rukum-darma-cultural-landscape,Karnali,Western Rukum,Rukum Darma cultural landscape,Community tourism,Triveni / western district,Medium,First-round researched,AREA,ROUTING_HOLD,NONE,,provinces/karnali/districts/western-rukum.md,provinces/karnali/visitor_ready/western-rukum.md
np-karnali-western-rukum-triveni-river-landscape,Karnali,Western Rukum,Triveni river landscape,River confluence and religious site,Triveni Rural Municipality,Medium,First-round researched,CORRIDOR,ROUTING_HOLD,NONE,,provinces/karnali/districts/western-rukum.md,provinces/karnali/visitor_ready/western-rukum.md
np-karnali-western-rukum-sisne-jaljala-trekking-connections,Karnali,Western Rukum,Sisne–Jaljala trekking connections,Trekking area,Eastern and northern approaches,High,Established,ROUTE,ROUTING_HOLD,NONE,,provinces/karnali/districts/western-rukum.md,provinces/karnali/visitor_ready/western-rukum.md
np-karnali-western-rukum-guerrilla-trek-western-section,Karnali,Western Rukum,Guerrilla Trek western section,Trekking and historical route,Western Rukum,High,Established,ROUTE,ROUTING_HOLD,DYNAMIC,,provinces/karnali/districts/western-rukum.md,provinces/karnali/visitor_ready/western-rukum.md
np-karnali-western-rukum-chunbang-historical-landscape,Karnali,Western Rukum,Chunbang historical landscape,Historical and cultural place,Triveni / Chunbang area,High,Established,AREA,ROUTING_HOLD,NONE,,provinces/karnali/districts/western-rukum.md,provinces/karnali/visitor_ready/western-rukum.md
np-karnali-western-rukum-chunbang-village,Karnali,Western Rukum,Chunbang village,Community tourism,Chunbang area,Medium,Established,AREA,ROUTING_HOLD,NONE,,provinces/karnali/districts/western-rukum.md,provinces/karnali/visitor_ready/western-rukum.md
np-karnali-western-rukum-khara-historical-site,Karnali,Western Rukum,Khara historical site,Historical place,Western Rukum,High,Established,POINT,ROUTING_HOLD,NONE,,provinces/karnali/districts/western-rukum.md,provinces/karnali/visitor_ready/western-rukum.md
np-karnali-western-rukum-kholagaun-and-pipal-village-landscapes,Karnali,Western Rukum,Kholagaun and Pipal village landscapes,Community tourism,Rural municipalities,Medium,Needs local verification,AREA,ROUTING_HOLD,NONE,,provinces/karnali/districts/western-rukum.md,provinces/karnali/visitor_ready/western-rukum.md
np-karnali-western-rukum-traditional-magar-settlements,Karnali,Western Rukum,Traditional Magar settlements,Community tourism,Multiple municipalities,Medium,First-round researched,POINT,ROUTING_HOLD,NONE,,provinces/karnali/districts/western-rukum.md,provinces/karnali/visitor_ready/western-rukum.md
np-karnali-western-rukum-khas-cultural-settlements,Karnali,Western Rukum,Khas cultural settlements,Community tourism,Multiple municipalities,Medium,First-round researched,POINT,ROUTING_HOLD,NONE,,provinces/karnali/districts/western-rukum.md,provinces/karnali/visitor_ready/western-rukum.md
np-karnali-western-rukum-high-pasture-and-forest-landscapes,Karnali,Western Rukum,High-pasture and forest landscapes,Natural attraction,Northern Western Rukum,Medium,Needs local verification,AREA,ROUTING_HOLD,DYNAMIC,,provinces/karnali/districts/western-rukum.md,provinces/karnali/visitor_ready/western-rukum.md
np-karnali-western-rukum-waterfalls-of-aathbiskot-and-banfikot,Karnali,Western Rukum,Waterfalls of Aathbiskot and Banfikot,Waterfalls,Multiple locations,Medium,Needs local verification,POINT,ROUTING_HOLD,DYNAMIC,,provinces/karnali/districts/western-rukum.md,provinces/karnali/visitor_ready/western-rukum.md
np-karnali-western-rukum-suspension-bridges-and-river-crossings,Karnali,Western Rukum,Suspension bridges and river crossings,Infrastructure and scenic site,Sani Bheri and Bheri corridors,Low,Needs local verification,CORRIDOR,ROUTING_HOLD,DYNAMIC,,provinces/karnali/districts/western-rukum.md,provinces/karnali/visitor_ready/western-rukum.md
np-karnali-western-rukum-traditional-water-mills,Karnali,Western Rukum,Traditional water mills,Cultural heritage,Rural settlements,Low,Needs local verification,POINT,ROUTING_HOLD,NONE,,provinces/karnali/districts/western-rukum.md,provinces/karnali/visitor_ready/western-rukum.md
np-karnali-western-rukum-mountain-biking-and-ridge-routes,Karnali,Western Rukum,Mountain biking and ridge routes,Adventure tourism,Musikot–Banfikot–Aathbiskot,Medium,Needs local verification,ROUTE,ROUTING_HOLD,NONE,,provinces/karnali/districts/western-rukum.md,provinces/karnali/visitor_ready/western-rukum.md
np-karnali-western-rukum-agricultural-terrace-landscapes,Karnali,Western Rukum,Agricultural terrace landscapes,Agro-tourism,District-wide,Medium,First-round researched,AREA,ROUTING_HOLD,DYNAMIC,,provinces/karnali/districts/western-rukum.md,provinces/karnali/visitor_ready/western-rukum.md
np-sudurpashchim-achham-mangalsen,Sudurpashchim,Achham,Mangalsen,Historical and cultural place,Mangalsen Municipality,High,Established,POINT,ROUTING_HOLD,NONE,,provinces/sudurpashchim/districts/achham.md,
np-sudurpashchim-achham-mangalsen-durbar-area,Sudurpashchim,Achham,Mangalsen Durbar area,"Palace, fort, and monument",Mangalsen Municipality,High,First-round researched,AREA,ROUTING_HOLD,NONE,,provinces/sudurpashchim/districts/achham.md,
np-sudurpashchim-achham-ramaroshan-area,Sudurpashchim,Achham,Ramaroshan Area,"Lakes, wetlands, and hill landscape",Ramaroshan Rural Municipality,High,Established regional destination,WATER,ROUTING_HOLD,NONE,,provinces/sudurpashchim/districts/achham.md,
np-sudurpashchim-achham-ramaroshan-lake-cluster,Sudurpashchim,Achham,Ramaroshan lake cluster,Lakes and wetlands,Ramaroshan Rural Municipality,High,Needs local verification,WATER,ROUTING_HOLD,DYNAMIC,,provinces/sudurpashchim/districts/achham.md,
np-sudurpashchim-achham-ramaroshan-meadows,Sudurpashchim,Achham,Ramaroshan meadows,Natural attraction,Ramaroshan Rural Municipality,High,Established geographic entity,POINT,ROUTING_HOLD,NONE,,provinces/sudurpashchim/districts/achham.md,
np-sudurpashchim-achham-ramaroshan-trekking-landscape,Sudurpashchim,Achham,Ramaroshan trekking landscape,Trekking area,Ramaroshan Rural Municipality,High,Needs local verification,ROUTE,ROUTING_HOLD,NONE,,provinces/sudurpashchim/districts/achham.md,
np-sudurpashchim-achham-khaptad-national-park-achham-sector,Sudurpashchim,Achham,"Khaptad National Park, Achham sector",National park and wildlife site,Northern Achham,High,Government-managed / protected,PROTECTED_AREA,ROUTING_HOLD,PROTECTED_AREA_ENTRY,,provinces/sudurpashchim/districts/achham.md,
np-sudurpashchim-achham-khaptad-approaches-from-achham,Sudurpashchim,Achham,Khaptad approaches from Achham,Trekking and pilgrimage route,Northern Achham,High,Needs local verification,ROUTE,ROUTING_HOLD,DYNAMIC,,provinces/sudurpashchim/districts/achham.md,
np-sudurpashchim-achham-baidyanath-dham,Sudurpashchim,Achham,Baidyanath Dham,Religious site and temple,Sanphebagar area,High,Established,POINT,ROUTING_HOLD,NONE,,provinces/sudurpashchim/districts/achham.md,
np-sudurpashchim-achham-budhiganga-river-corridor,Sudurpashchim,Achham,Budhiganga River corridor,River and natural attraction,Sanphebagar and downstream areas,High,Established geographic entity,CORRIDOR,ROUTING_HOLD,NONE,,provinces/sudurpashchim/districts/achham.md,
np-sudurpashchim-achham-sanphebagar,Sudurpashchim,Achham,Sanphebagar,Historical and cultural place,Sanphebagar Municipality,High,Established,POINT,ROUTING_HOLD,NONE,,provinces/sudurpashchim/districts/achham.md,
np-sudurpashchim-achham-sanphebagar-valley-landscape,Sudurpashchim,Achham,Sanphebagar valley landscape,Natural and agricultural landscape,Sanphebagar Municipality,High,Established,CORRIDOR,ROUTING_HOLD,NONE,,provinces/sudurpashchim/districts/achham.md,
np-sudurpashchim-achham-sanphebagar-airport,Sudurpashchim,Achham,Sanphebagar Airport,Transport and tourism gateway,Sanphebagar Municipality,Medium,Established infrastructure,POINT,ROUTING_HOLD,DYNAMIC,,provinces/sudurpashchim/districts/achham.md,
np-sudurpashchim-achham-panchadewal-binayak-heritage-landscape,Sudurpashchim,Achham,Panchadewal Binayak heritage landscape,Historical and religious landscape,Panchadewal Binayak Municipality,High,First-round researched,AREA,ROUTING_HOLD,NONE,,provinces/sudurpashchim/districts/achham.md,
np-sudurpashchim-achham-panchadewal-temple-structures,Sudurpashchim,Achham,Panchadewal temple structures,Religious site and monument,Panchadewal Binayak Municipality,Medium,Needs specialist verification,POINT,ROUTING_HOLD,NONE,,provinces/sudurpashchim/districts/achham.md,
np-sudurpashchim-achham-kamal-bazaar,Sudurpashchim,Achham,Kamal Bazaar,Historical and cultural place,Kamal Bazaar Municipality,Medium,Established,AREA,ROUTING_HOLD,NONE,,provinces/sudurpashchim/districts/achham.md,
np-sudurpashchim-achham-chaurpati-rural-landscape,Sudurpashchim,Achham,Chaurpati rural landscape,Community tourism,Chaurpati Rural Municipality,Medium,First-round researched,AREA,ROUTING_HOLD,NONE,,provinces/sudurpashchim/districts/achham.md,
np-sudurpashchim-achham-mellekh-hill-landscape,Sudurpashchim,Achham,Mellekh hill landscape,Viewpoint and community tourism,Mellekh Rural Municipality,Medium,First-round researched,AREA,ROUTING_HOLD,NONE,,provinces/sudurpashchim/districts/achham.md,
np-sudurpashchim-achham-bannigadhi-jaygadh-landscape,Sudurpashchim,Achham,Bannigadhi Jaygadh landscape,Historical and cultural landscape,Bannigadhi Jaygadh Rural Municipality,Medium,First-round researched,AREA,ROUTING_HOLD,NONE,,provinces/sudurpashchim/districts/achham.md,
np-sudurpashchim-achham-turmakhand-highlands,Sudurpashchim,Achham,Turmakhand highlands,Natural attraction and community tourism,Turmakhand Rural Municipality,Medium,First-round researched,AREA,ROUTING_HOLD,NONE,,provinces/sudurpashchim/districts/achham.md,
np-sudurpashchim-achham-dhakari-rural-landscape,Sudurpashchim,Achham,Dhakari rural landscape,Community tourism,Dhakari Rural Municipality,Medium,First-round researched,AREA,ROUTING_HOLD,NONE,,provinces/sudurpashchim/districts/achham.md,
np-sudurpashchim-achham-chure-and-mid-hill-forest-belts-of-achham,Sudurpashchim,Achham,Chure and mid-hill forest belts of Achham,Natural attraction and wildlife habitat,Southern and central Achham,Medium,Established geographic entity,AREA,ROUTING_HOLD,NONE,,provinces/sudurpashchim/districts/achham.md,
np-sudurpashchim-achham-achham-terraced-agriculture-landscape,Sudurpashchim,Achham,Achham terraced-agriculture landscape,Agricultural and cultural landscape,District-wide,Medium,Established geographic entity,AREA,ROUTING_HOLD,NONE,,provinces/sudurpashchim/districts/achham.md,
np-sudurpashchim-achham-gaura-festival-landscape-of-achham,Sudurpashchim,Achham,Gaura festival landscape of Achham,Festival and living culture,District-wide,High,Established living culture,AREA,ROUTING_HOLD,NONE,,provinces/sudurpashchim/districts/achham.md,
np-sudurpashchim-achham-deuda-cultural-traditions-of-achham,Sudurpashchim,Achham,Deuda cultural traditions of Achham,Living culture,District-wide,High,Established living culture,POINT,ROUTING_HOLD,NONE,,provinces/sudurpashchim/districts/achham.md,
np-sudurpashchim-achham-achhami-cultural-settlements,Sudurpashchim,Achham,Achhami cultural settlements,Historical and cultural landscape,District-wide,Medium,First-round researched,AREA,ROUTING_HOLD,NONE,,provinces/sudurpashchim/districts/achham.md,
np-sudurpashchim-achham-achham-village-trekking-routes,Sudurpashchim,Achham,Achham village trekking routes,Trekking area,Multiple municipalities,Medium,Needs local verification,ROUTE,ROUTING_HOLD,DYNAMIC,,provinces/sudurpashchim/districts/achham.md,
np-sudurpashchim-achham-seasonal-waterfalls-of-achham,Sudurpashchim,Achham,Seasonal waterfalls of Achham,Waterfalls,Multiple hill areas,Low,Needs local verification,POINT,ROUTING_HOLD,NONE,,provinces/sudurpashchim/districts/achham.md,
np-sudurpashchim-achham-community-homestay-prospects-in-achham,Sudurpashchim,Achham,Community homestay prospects in Achham,Community tourism,Selected villages,Low,Needs local verification,POINT,ROUTING_HOLD,NONE,,provinces/sudurpashchim/districts/achham.md,
np-sudurpashchim-achham-achham-khaptad-regional-tourism-corridor,Sudurpashchim,Achham,Achham–Khaptad regional tourism corridor,Trekking and route-planning entity,Achham to Khaptad,High,First-round researched,CORRIDOR,ROUTING_HOLD,DYNAMIC,,provinces/sudurpashchim/districts/achham.md,
np-sudurpashchim-baitadi-tripura-sundari-temple,Sudurpashchim,Baitadi,Tripura Sundari Temple,Religious site and temple,Dasharathchand Municipality area,High,Established,POINT,ROUTING_HOLD,NONE,,provinces/sudurpashchim/districts/baitadi.md,
np-sudurpashchim-baitadi-tripura-sundari-temple-landscape,Sudurpashchim,Baitadi,Tripura Sundari temple landscape,Religious and cultural landscape,Dasharathchand Municipality area,Medium,First-round researched,AREA,ROUTING_HOLD,NONE,,provinces/sudurpashchim/districts/baitadi.md,
np-sudurpashchim-baitadi-ninglashaini-bhagwati-temple,Sudurpashchim,Baitadi,Ninglashaini Bhagwati Temple,Religious site and temple,Baitadi district,High,Established regional destination,POINT,ROUTING_HOLD,NONE,,provinces/sudurpashchim/districts/baitadi.md,
np-sudurpashchim-baitadi-dehimandu-temple,Sudurpashchim,Baitadi,Dehimandu Temple,Religious site and temple,Dasharathchand Municipality area,High,Established,POINT,ROUTING_HOLD,DYNAMIC,,provinces/sudurpashchim/districts/baitadi.md,
np-sudurpashchim-baitadi-dogadakedar-temple,Sudurpashchim,Baitadi,Dogadakedar Temple,Religious site and temple,Dogadakedar Rural Municipality,High,Established,POINT,ROUTING_HOLD,DYNAMIC,,provinces/sudurpashchim/districts/baitadi.md,
np-sudurpashchim-baitadi-dogadakedar-hill-landscape,Sudurpashchim,Baitadi,Dogadakedar hill landscape,Viewpoint and hill station,Dogadakedar Rural Municipality,Medium,First-round researched,AREA,ROUTING_HOLD,NONE,,provinces/sudurpashchim/districts/baitadi.md,
np-sudurpashchim-baitadi-patan-bazaar,Sudurpashchim,Baitadi,Patan Bazaar,Historical and cultural place,Patan Municipality,High,Established,AREA,ROUTING_HOLD,NONE,,provinces/sudurpashchim/districts/baitadi.md,
np-sudurpashchim-baitadi-patan-historic-core,Sudurpashchim,Baitadi,Patan historic core,Historical and cultural place,Patan Municipality,Medium,First-round researched,POINT,ROUTING_HOLD,NONE,,provinces/sudurpashchim/districts/baitadi.md,
np-sudurpashchim-baitadi-patan-airport,Sudurpashchim,Baitadi,Patan Airport,Transport heritage and gateway,Patan Municipality,Medium,Established gateway,POINT,ROUTING_HOLD,DYNAMIC,,provinces/sudurpashchim/districts/baitadi.md,
np-sudurpashchim-baitadi-dasharathchand-khalanga,Sudurpashchim,Baitadi,Dasharathchand Khalanga,Historical and cultural place,Dasharathchand Municipality,High,Established,POINT,ROUTING_HOLD,NONE,,provinces/sudurpashchim/districts/baitadi.md,
np-sudurpashchim-baitadi-dasharathchand-historic-core,Sudurpashchim,Baitadi,Dasharathchand historic core,Historical and cultural place,Dasharathchand Municipality,Medium,First-round researched,POINT,ROUTING_HOLD,NONE,,provinces/sudurpashchim/districts/baitadi.md,
np-sudurpashchim-baitadi-mahakali-river-corridor-baitadi-sector,Sudurpashchim,Baitadi,"Mahakali River corridor, Baitadi sector",River and natural attraction,Western Baitadi border landscape,High,Established geographic entity,CORRIDOR,ROUTING_HOLD,BORDER_CONTROL,,provinces/sudurpashchim/districts/baitadi.md,
np-sudurpashchim-baitadi-jhulaghat-border-settlement-and-bridge-area,Sudurpashchim,Baitadi,Jhulaghat border settlement and bridge area,"Historical, cultural, and border gateway",Dasharathchand Municipality / Mahakali corridor,High,Established gateway,AREA,ROUTING_HOLD,BORDER_CONTROL,,provinces/sudurpashchim/districts/baitadi.md,
np-sudurpashchim-baitadi-surnaya-river-corridor,Sudurpashchim,Baitadi,Surnaya River corridor,River and natural attraction,Surnaya and downstream areas,Medium,Established geographic entity,CORRIDOR,ROUTING_HOLD,NONE,,provinces/sudurpashchim/districts/baitadi.md,
np-sudurpashchim-baitadi-surnaya-valley,Sudurpashchim,Baitadi,Surnaya valley,Natural and community tourism landscape,Surnaya Rural Municipality,Medium,First-round researched,CORRIDOR,ROUTING_HOLD,NONE,,provinces/sudurpashchim/districts/baitadi.md,
np-sudurpashchim-baitadi-purchaudi-ridge-landscape,Sudurpashchim,Baitadi,Purchaudi ridge landscape,Viewpoint and hill station,Purchaudi Municipality,Medium,First-round researched,AREA,ROUTING_HOLD,NONE,,provinces/sudurpashchim/districts/baitadi.md,
np-sudurpashchim-baitadi-purchaudi-cultural-villages,Sudurpashchim,Baitadi,Purchaudi cultural villages,Community tourism and notable villages,Purchaudi Municipality,Medium,Needs local verification,AREA,ROUTING_HOLD,NONE,,provinces/sudurpashchim/districts/baitadi.md,
np-sudurpashchim-baitadi-dilasaini-rural-landscape,Sudurpashchim,Baitadi,Dilasaini rural landscape,Community tourism and natural attraction,Dilasaini Rural Municipality,Medium,First-round researched,AREA,ROUTING_HOLD,NONE,,provinces/sudurpashchim/districts/baitadi.md,
np-sudurpashchim-baitadi-shivnath-hill-and-temple-landscape,Sudurpashchim,Baitadi,Shivnath hill and temple landscape,Religious and natural attraction,Shivnath Rural Municipality,Medium,First-round researched,AREA,ROUTING_HOLD,NONE,,provinces/sudurpashchim/districts/baitadi.md,
np-sudurpashchim-baitadi-pancheshwar-confluence-landscape,Sudurpashchim,Baitadi,Pancheshwar confluence landscape,River and religious landscape,Southern Mahakali corridor,High,Established geographic entity,CORRIDOR,ROUTING_HOLD,BORDER_CONTROL,,provinces/sudurpashchim/districts/baitadi.md,
np-sudurpashchim-baitadi-pancheshwar-pilgrimage-area,Sudurpashchim,Baitadi,Pancheshwar pilgrimage area,Religious site and pilgrimage landscape,Pancheshwar Rural Municipality area,Medium,First-round researched,AREA,ROUTING_HOLD,DYNAMIC,,provinces/sudurpashchim/districts/baitadi.md,
np-sudurpashchim-baitadi-melauli-bhagwati-temple,Sudurpashchim,Baitadi,Melauli Bhagwati Temple,Religious site and temple,Melauli Municipality,High,Established regional destination,POINT,ROUTING_HOLD,NONE,,provinces/sudurpashchim/districts/baitadi.md,
np-sudurpashchim-baitadi-melauli-hill-landscape,Sudurpashchim,Baitadi,Melauli hill landscape,Viewpoint and hill station,Melauli Municipality,Medium,First-round researched,AREA,ROUTING_HOLD,NONE,,provinces/sudurpashchim/districts/baitadi.md,
np-sudurpashchim-baitadi-baitadi-mid-hill-forest-belt,Sudurpashchim,Baitadi,Baitadi mid-hill forest belt,Natural attraction and wildlife habitat,Central and eastern Baitadi,Medium,First-round researched,AREA,ROUTING_HOLD,NONE,,provinces/sudurpashchim/districts/baitadi.md,
np-sudurpashchim-baitadi-traditional-stone-village-landscapes,Sudurpashchim,Baitadi,Traditional stone-village landscapes,Historical and cultural place,Multiple rural municipalities,Medium,Needs local verification,AREA,ROUTING_HOLD,NONE,,provinces/sudurpashchim/districts/baitadi.md,
np-sudurpashchim-baitadi-baitadi-terrace-farming-landscape,Sudurpashchim,Baitadi,Baitadi terrace-farming landscape,Agricultural and community tourism,Multiple municipalities,Medium,First-round researched,AREA,ROUTING_HOLD,NONE,,provinces/sudurpashchim/districts/baitadi.md,
np-sudurpashchim-baitadi-seasonal-ridge-and-village-walking-routes,Sudurpashchim,Baitadi,Seasonal ridge and village walking routes,Trekking area,District-wide,Low,Needs local verification,ROUTE,ROUTING_HOLD,DYNAMIC,,provinces/sudurpashchim/districts/baitadi.md,
np-sudurpashchim-bajhang-chainpur,Sudurpashchim,Bajhang,Chainpur,Major tourist destination,Jaya Prithvi Municipality,High,Established,POINT,ROUTING_HOLD,NONE,,provinces/sudurpashchim/districts/bajhang.md,
np-sudurpashchim-bajhang-chainpur-historic-bazaar,Sudurpashchim,Bajhang,Chainpur historic bazaar,Historical and cultural place,Jaya Prithvi Municipality,Medium,First-round researched,AREA,ROUTING_HOLD,NONE,,provinces/sudurpashchim/districts/bajhang.md,
np-sudurpashchim-bajhang-jaya-prithvi-nagar-palace-area,Sudurpashchim,Bajhang,Jaya Prithvi Nagar palace area,Palace and historical place,Jaya Prithvi Municipality,High,First-round researched,AREA,ROUTING_HOLD,NONE,,provinces/sudurpashchim/districts/bajhang.md,
np-sudurpashchim-bajhang-bajhang-kot-royal-fort-landscape,Sudurpashchim,Bajhang,Bajhang Kot / royal fort landscape,Fort and historical place,Jaya Prithvi / former royal area,High,First-round researched,AREA,ROUTING_HOLD,NONE,,provinces/sudurpashchim/districts/bajhang.md,
np-sudurpashchim-bajhang-seti-river-corridor,Sudurpashchim,Bajhang,Seti River corridor,River and natural attraction,Across central Bajhang,High,Established,CORRIDOR,ROUTING_HOLD,OPERATOR_DEPENDENT,,provinces/sudurpashchim/districts/bajhang.md,
np-sudurpashchim-bajhang-bauli-khola-confluence,Sudurpashchim,Bajhang,Bauli Khola confluence,River and scenic place,Chainpur,Medium,Established,CORRIDOR,ROUTING_HOLD,DYNAMIC,,provinces/sudurpashchim/districts/bajhang.md,
np-sudurpashchim-bajhang-khaptad-national-park-bajhang-sector,Sudurpashchim,Bajhang,Khaptad National Park — Bajhang sector,National park and wildlife site,Khaptadchhanna / southern Bajhang,High,Government-managed / protected,PROTECTED_AREA,ROUTING_HOLD,PROTECTED_AREA_ENTRY,,provinces/sudurpashchim/districts/bajhang.md,
np-sudurpashchim-bajhang-khaptad-plateau-access-from-bajhang,Sudurpashchim,Bajhang,Khaptad plateau access from Bajhang,Trekking area and mountain destination,Khaptadchhanna Rural Municipality,High,Established,ROUTE,ROUTING_HOLD,DYNAMIC,,provinces/sudurpashchim/districts/bajhang.md,
np-sudurpashchim-bajhang-khaptad-baba-ashram-relationship,Sudurpashchim,Bajhang,Khaptad Baba Ashram relationship,Religious and pilgrimage site,Khaptad landscape,High,Established,POINT,ROUTING_HOLD,NONE,,provinces/sudurpashchim/districts/bajhang.md,
np-sudurpashchim-bajhang-saipal-himal,Sudurpashchim,Bajhang,Saipal Himal,Mountain destination,Saipal Rural Municipality,High,Established,POINT,ROUTING_HOLD,NONE,,provinces/sudurpashchim/districts/bajhang.md,
np-sudurpashchim-bajhang-saipal-base-camp-route,Sudurpashchim,Bajhang,Saipal Base Camp route,Trekking area and mountain destination,Saipal Rural Municipality,High,First-round researched,ROUTE,ROUTING_HOLD,NONE,,provinces/sudurpashchim/districts/bajhang.md,
np-sudurpashchim-bajhang-saipal-high-mountain-landscape,Sudurpashchim,Bajhang,Saipal high-mountain landscape,Natural attraction,Saipal Rural Municipality,High,Established,AREA,ROUTING_HOLD,NONE,,provinces/sudurpashchim/districts/bajhang.md,
np-sudurpashchim-bajhang-surma-sarovar,Sudurpashchim,Bajhang,Surma Sarovar,"Lake, wetland and pilgrimage site",Surma Rural Municipality,High,Established,WATER,ROUTING_HOLD,DYNAMIC,,provinces/sudurpashchim/districts/bajhang.md,
np-sudurpashchim-bajhang-surma-devi-temple,Sudurpashchim,Bajhang,Surma Devi Temple,Religious site and temple,Surma Rural Municipality,High,Established,POINT,ROUTING_HOLD,NONE,,provinces/sudurpashchim/districts/bajhang.md,
np-sudurpashchim-bajhang-surma-pilgrimage-trail,Sudurpashchim,Bajhang,Surma pilgrimage trail,Trekking and pilgrimage route,Surma Rural Municipality,Medium,Needs local verification,ROUTE,ROUTING_HOLD,DYNAMIC,,provinces/sudurpashchim/districts/bajhang.md,
np-sudurpashchim-bajhang-jalapa-devi-temple,Sudurpashchim,Bajhang,Jalapa Devi Temple,Religious site and temple,Rithapata / Dewal area,High,Government-recognized / established,POINT,ROUTING_HOLD,DYNAMIC,,provinces/sudurpashchim/districts/bajhang.md,
np-sudurpashchim-bajhang-masta-devi-temple,Sudurpashchim,Bajhang,Masta Devi Temple,Religious site and temple,Jaya Prithvi Municipality area,High,Established,POINT,ROUTING_HOLD,NONE,,provinces/sudurpashchim/districts/bajhang.md,
np-sudurpashchim-bajhang-bannimasta-temple,Sudurpashchim,Bajhang,Bannimasta Temple,Religious site and temple,Bajhang district,High,Established,POINT,ROUTING_HOLD,NONE,,provinces/sudurpashchim/districts/bajhang.md,
np-sudurpashchim-bajhang-devisthan-temple-chainpur,Sudurpashchim,Bajhang,"Devisthan Temple, Chainpur",Religious site and temple,Jaya Prithvi Municipality,Medium,Established,POINT,ROUTING_HOLD,DYNAMIC,,provinces/sudurpashchim/districts/bajhang.md,
np-sudurpashchim-bajhang-khulmour-kedar-temple,Sudurpashchim,Bajhang,Khulmour Kedar Temple,Religious site and temple,Kedarsyu / Khulmour area,High,Established,POINT,ROUTING_HOLD,NONE,,provinces/sudurpashchim/districts/bajhang.md,
np-sudurpashchim-bajhang-bitthad-kalika-temple,Sudurpashchim,Bajhang,Bitthad Kalika Temple,Religious site and temple,Bitthadchir Rural Municipality,High,Established,POINT,ROUTING_HOLD,BORDER_CONTROL,,provinces/sudurpashchim/districts/bajhang.md,
np-sudurpashchim-bajhang-chuli-tika-sacred-ridge,Sudurpashchim,Bajhang,Chuli Tika sacred ridge,Religious site and viewpoint,Chhabis Pathibhera Rural Municipality,Medium,First-round researched,AREA,ROUTING_HOLD,NONE,,provinces/sudurpashchim/districts/bajhang.md,
np-sudurpashchim-bajhang-thali-sacred-landscape,Sudurpashchim,Bajhang,Thali sacred landscape,Religious and cultural place,Durgathali Rural Municipality,Medium,First-round researched,AREA,ROUTING_HOLD,NONE,,provinces/sudurpashchim/districts/bajhang.md,
np-sudurpashchim-bajhang-bungal-valley,Sudurpashchim,Bajhang,Bungal Valley,Natural and community-tourism landscape,Bungal Municipality,Medium,Established,CORRIDOR,ROUTING_HOLD,NONE,,provinces/sudurpashchim/districts/bajhang.md,
np-sudurpashchim-bajhang-bungal-historic-villages,Sudurpashchim,Bajhang,Bungal historic villages,Community tourism and notable villages,Bungal Municipality,Medium,First-round researched,AREA,ROUTING_HOLD,NONE,,provinces/sudurpashchim/districts/bajhang.md,
np-sudurpashchim-bajhang-talkot-ridge-and-village-landscape,Sudurpashchim,Bajhang,Talkot ridge and village landscape,Viewpoint and community tourism,Talkot Rural Municipality,Medium,First-round researched,AREA,ROUTING_HOLD,NONE,,provinces/sudurpashchim/districts/bajhang.md,
np-sudurpashchim-bajhang-thalara-valley,Sudurpashchim,Bajhang,Thalara Valley,Natural and community-tourism landscape,Thalara Rural Municipality,Medium,First-round researched,CORRIDOR,ROUTING_HOLD,NONE,,provinces/sudurpashchim/districts/bajhang.md,
np-sudurpashchim-bajhang-durgathali-highland-landscape,Sudurpashchim,Bajhang,Durgathali highland landscape,Viewpoint and trekking area,Durgathali Rural Municipality,Medium,First-round researched,ROUTE,ROUTING_HOLD,NONE,,provinces/sudurpashchim/districts/bajhang.md,
np-sudurpashchim-bajhang-kedarsyu-cultural-landscape,Sudurpashchim,Bajhang,Kedarsyu cultural landscape,Religious and community-tourism landscape,Kedarsyu Rural Municipality,Medium,First-round researched,AREA,ROUTING_HOLD,NONE,,provinces/sudurpashchim/districts/bajhang.md,
np-sudurpashchim-bajhang-northern-bajhang-trans-himalayan-route-landscape,Sudurpashchim,Bajhang,Northern Bajhang trans-Himalayan route landscape,Trekking and historical trade route,Saipal Rural Municipality,Medium,Needs local verification,ROUTE,ROUTING_HOLD,BORDER_CONTROL;DYNAMIC,,provinces/sudurpashchim/districts/bajhang.md,
np-sudurpashchim-bajura-badimalika-temple,Sudurpashchim,Bajura,Badimalika Temple,Religious site and pilgrimage,Triveni Municipality / highlands,Very high,Established,POINT,ROUTING_HOLD,DYNAMIC,,provinces/sudurpashchim/districts/bajura.md,
np-sudurpashchim-bajura-badimalika-pilgrimage-landscape,Sudurpashchim,Bajura,Badimalika pilgrimage landscape,Sacred natural landscape,Triveni highlands,Very high,Established,AREA,ROUTING_HOLD,NONE,,provinces/sudurpashchim/districts/bajura.md,
np-sudurpashchim-bajura-badimalika-patan,Sudurpashchim,Bajura,Badimalika Patan,Alpine meadow,Triveni highlands,High,Established,POINT,ROUTING_HOLD,DYNAMIC,,provinces/sudurpashchim/districts/bajura.md,
np-sudurpashchim-bajura-badimalika-trek,Sudurpashchim,Bajura,Badimalika Trek,Trekking route,Martadi–Badimalika corridor,High,Established,ROUTE,ROUTING_HOLD,NONE,,provinces/sudurpashchim/districts/bajura.md,
np-sudurpashchim-bajura-martadi,Sudurpashchim,Bajura,Martadi,Historic town and gateway,Badimalika Municipality,High,Established,AREA,ROUTING_HOLD,NONE,,provinces/sudurpashchim/districts/bajura.md,
np-sudurpashchim-bajura-martadi-historic-core,Sudurpashchim,Bajura,Martadi historic core,Historical and cultural place,Badimalika Municipality,Medium,First-round researched,POINT,ROUTING_HOLD,NONE,,provinces/sudurpashchim/districts/bajura.md,
np-sudurpashchim-bajura-budhinanda-temple,Sudurpashchim,Bajura,Budhinanda Temple,Religious site,Budhinanda Municipality,High,Established,POINT,ROUTING_HOLD,NONE,,provinces/sudurpashchim/districts/bajura.md,
np-sudurpashchim-bajura-budhinanda-sacred-landscape,Sudurpashchim,Bajura,Budhinanda sacred landscape,Sacred natural landscape,Budhinanda highlands,High,First-round researched,AREA,ROUTING_HOLD,NONE,,provinces/sudurpashchim/districts/bajura.md,
np-sudurpashchim-bajura-nateshwari-temple,Sudurpashchim,Bajura,Nateshwari Temple,Religious site,Bajura,High,Established,POINT,ROUTING_HOLD,NONE,,provinces/sudurpashchim/districts/bajura.md,
np-sudurpashchim-bajura-triveni-pilgrimage-area,Sudurpashchim,Bajura,Triveni pilgrimage area,Religious and river-confluence landscape,Triveni Municipality,High,Established,CORRIDOR,ROUTING_HOLD,NONE,,provinces/sudurpashchim/districts/bajura.md,
np-sudurpashchim-bajura-budhiganga-river-corridor,Sudurpashchim,Bajura,Budhiganga River corridor,River and natural attraction,Southern and central Bajura,High,Established,CORRIDOR,ROUTING_HOLD,NONE,,provinces/sudurpashchim/districts/bajura.md,
np-sudurpashchim-bajura-karnali-river-corridor,Sudurpashchim,Bajura,Karnali River corridor,River and natural attraction,Eastern Bajura boundary areas,High,Established,CORRIDOR,ROUTING_HOLD,NONE,karnali-river-corridor,provinces/sudurpashchim/districts/bajura.md,
np-sudurpashchim-bajura-seti-headwater-landscapes,Sudurpashchim,Bajura,Seti headwater landscapes,River and mountain landscape,Northern Bajura,Medium,First-round researched,CORRIDOR,ROUTING_HOLD,NONE,,provinces/sudurpashchim/districts/bajura.md,
np-sudurpashchim-bajura-gaumul-highlands,Sudurpashchim,Bajura,Gaumul highlands,Mountain and community landscape,Gaumul Rural Municipality,High,First-round researched,AREA,ROUTING_HOLD,NONE,,provinces/sudurpashchim/districts/bajura.md,
np-sudurpashchim-bajura-himali-highlands,Sudurpashchim,Bajura,Himali highlands,Mountain and community landscape,Himali Rural Municipality,High,First-round researched,AREA,ROUTING_HOLD,DYNAMIC,,provinces/sudurpashchim/districts/bajura.md,
np-sudurpashchim-bajura-swamikartik-khapar-landscape,Sudurpashchim,Bajura,Swamikartik Khapar landscape,Religious and mountain landscape,Swamikartik Khapar Rural Municipality,High,Established,AREA,ROUTING_HOLD,NONE,,provinces/sudurpashchim/districts/bajura.md,
np-sudurpashchim-bajura-jagannath-ridge-landscape,Sudurpashchim,Bajura,Jagannath ridge landscape,Viewpoint and community tourism,Jagannath Rural Municipality,Medium,First-round researched,AREA,ROUTING_HOLD,NONE,,provinces/sudurpashchim/districts/bajura.md,
np-sudurpashchim-bajura-khaptad-chhededaha-landscape,Sudurpashchim,Bajura,Khaptad Chhededaha landscape,Natural and community tourism,Khaptad Chhededaha Rural Municipality,High,Established,AREA,ROUTING_HOLD,NONE,,provinces/sudurpashchim/districts/bajura.md,
np-sudurpashchim-bajura-tribeni-municipality-villages,Sudurpashchim,Bajura,Tribeni Municipality villages,Community tourism,Triveni Municipality,Medium,First-round researched,AREA,ROUTING_HOLD,NONE,,provinces/sudurpashchim/districts/bajura.md,
np-sudurpashchim-bajura-pandusain,Sudurpashchim,Bajura,Pandusain,Community and pilgrimage gateway,Budhinanda area,Medium,Established,POINT,ROUTING_HOLD,NONE,,provinces/sudurpashchim/districts/bajura.md,
np-sudurpashchim-bajura-kolti,Sudurpashchim,Bajura,Kolti,Gateway town,Budhinanda Municipality,High,Established,AREA,ROUTING_HOLD,NONE,,provinces/sudurpashchim/districts/bajura.md,
np-sudurpashchim-bajura-kolti-airport,Sudurpashchim,Bajura,Kolti Airport,Transport heritage and gateway,Kolti,Medium,Established,POINT,ROUTING_HOLD,NONE,,provinces/sudurpashchim/districts/bajura.md,
np-sudurpashchim-bajura-piluchaur,Sudurpashchim,Bajura,Piluchaur,River-valley settlement,Swamikartik Khapar area,Medium,First-round researched,CORRIDOR,ROUTING_HOLD,NONE,,provinces/sudurpashchim/districts/bajura.md,
np-sudurpashchim-bajura-barhabis-valley,Sudurpashchim,Bajura,Barhabis valley,Natural and community landscape,Southern Bajura,Medium,First-round researched,CORRIDOR,ROUTING_HOLD,NONE,,provinces/sudurpashchim/districts/bajura.md,
np-sudurpashchim-bajura-bajura-apple-growing-landscapes,Sudurpashchim,Bajura,Bajura apple-growing landscapes,Agricultural tourism,Higher municipalities,Medium,First-round researched,AREA,ROUTING_HOLD,NONE,,provinces/sudurpashchim/districts/bajura.md,
np-sudurpashchim-bajura-bajura-walnut-growing-landscapes,Sudurpashchim,Bajura,Bajura walnut-growing landscapes,Agricultural tourism,Higher municipalities,Medium,First-round researched,AREA,ROUTING_HOLD,DYNAMIC,,provinces/sudurpashchim/districts/bajura.md,
np-sudurpashchim-bajura-alpine-medicinal-herb-landscapes,Sudurpashchim,Bajura,Alpine medicinal-herb landscapes,Natural and livelihood landscape,Northern highlands,Medium,Needs local verification,AREA,ROUTING_HOLD,NONE,,provinces/sudurpashchim/districts/bajura.md,
np-sudurpashchim-bajura-himalayan-wildlife-habitat,Sudurpashchim,Bajura,Himalayan wildlife habitat,Wildlife and conservation landscape,Northern Bajura,Medium,First-round researched,AREA,ROUTING_HOLD,NONE,,provinces/sudurpashchim/districts/bajura.md,
np-sudurpashchim-bajura-seasonal-high-pasture-settlements,Sudurpashchim,Bajura,Seasonal high-pasture settlements,Community and pastoral landscape,Northern highlands,Medium,Needs local verification,AREA,ROUTING_HOLD,NONE,,provinces/sudurpashchim/districts/bajura.md,
np-sudurpashchim-bajura-khaptad-badimalika-trekking-connection,Sudurpashchim,Bajura,Khaptad–Badimalika trekking connection,Trekking corridor,Bajura–Doti/Achham connection,High,First-round researched,CORRIDOR,ROUTING_HOLD,DYNAMIC,,provinces/sudurpashchim/districts/bajura.md,
np-sudurpashchim-dadeldhura-amargadhi-fort,Sudurpashchim,Dadeldhura,Amargadhi Fort,"Fort, monument, and historical place",Amargadhi Municipality,High,Established,POINT,ROUTING_HOLD,NONE,,provinces/sudurpashchim/districts/dadeldhura.md,
np-sudurpashchim-dadeldhura-amargadhi-historic-core,Sudurpashchim,Dadeldhura,Amargadhi historic core,Historical and cultural place,Amargadhi Municipality,High,Established,POINT,ROUTING_HOLD,NONE,,provinces/sudurpashchim/districts/dadeldhura.md,
np-sudurpashchim-dadeldhura-khalanga-bazaar-heritage-area,Sudurpashchim,Dadeldhura,Khalanga bazaar heritage area,Historical and cultural place,Amargadhi Municipality,Medium,First-round researched,AREA,ROUTING_HOLD,NONE,,provinces/sudurpashchim/districts/dadeldhura.md,
np-sudurpashchim-dadeldhura-ugratara-bhagwati-temple,Sudurpashchim,Dadeldhura,Ugratara Bhagwati Temple,Religious site and temple,Amargadhi Municipality area,High,Established,POINT,ROUTING_HOLD,DYNAMIC,,provinces/sudurpashchim/districts/dadeldhura.md,
np-sudurpashchim-dadeldhura-ugratara-sacred-landscape,Sudurpashchim,Dadeldhura,Ugratara sacred landscape,Religious and cultural landscape,Amargadhi Municipality area,Medium,First-round researched,AREA,ROUTING_HOLD,NONE,,provinces/sudurpashchim/districts/dadeldhura.md,
np-sudurpashchim-dadeldhura-ajaymerukot,Sudurpashchim,Dadeldhura,Ajaymerukot,"Fort, palace, and historical place",Ajaymeru Rural Municipality,High,Established regional heritage,POINT,ROUTING_HOLD,NONE,,provinces/sudurpashchim/districts/dadeldhura.md,
np-sudurpashchim-dadeldhura-ajaymeru-hill-landscape,Sudurpashchim,Dadeldhura,Ajaymeru hill landscape,Viewpoint and hill station,Ajaymeru Rural Municipality,Medium,First-round researched,AREA,ROUTING_HOLD,NONE,,provinces/sudurpashchim/districts/dadeldhura.md,
np-sudurpashchim-dadeldhura-parashuram-dham,Sudurpashchim,Dadeldhura,Parashuram Dham,Religious site and pilgrimage landscape,Parashuram Municipality,High,Established,AREA,ROUTING_HOLD,DYNAMIC,,provinces/sudurpashchim/districts/dadeldhura.md,
np-sudurpashchim-dadeldhura-parashuram-river-confluence-landscape,Sudurpashchim,Dadeldhura,Parashuram river-confluence landscape,River and religious landscape,Parashuram Municipality,High,Established geographic entity,CORRIDOR,ROUTING_HOLD,DYNAMIC,,provinces/sudurpashchim/districts/dadeldhura.md,
np-sudurpashchim-dadeldhura-aalital-lake,Sudurpashchim,Dadeldhura,Aalital Lake,Lake and wetland,Aalital Rural Municipality,High,Established regional destination,WATER,ROUTING_HOLD,OPERATOR_DEPENDENT,,provinces/sudurpashchim/districts/dadeldhura.md,
np-sudurpashchim-dadeldhura-aalital-lakeside-landscape,Sudurpashchim,Dadeldhura,Aalital lakeside landscape,Natural attraction,Aalital Rural Municipality,Medium,Needs local verification,WATER,ROUTING_HOLD,NONE,,provinces/sudurpashchim/districts/dadeldhura.md,
np-sudurpashchim-dadeldhura-ghatal-than,Sudurpashchim,Dadeldhura,Ghatal Than,Religious site and sacred natural feature,Dadeldhura district,High,Established regional destination,POINT,ROUTING_HOLD,NONE,,provinces/sudurpashchim/districts/dadeldhura.md,
np-sudurpashchim-dadeldhura-ghatal-sacred-pond-landscape,Sudurpashchim,Dadeldhura,Ghatal sacred pond landscape,"Lake, wetland, and religious place",Dadeldhura district,Medium,Needs local verification,WATER,ROUTING_HOLD,DYNAMIC,,provinces/sudurpashchim/districts/dadeldhura.md,
np-sudurpashchim-dadeldhura-mahakali-river-corridor-dadeldhura-sector,Sudurpashchim,Dadeldhura,"Mahakali River corridor, Dadeldhura sector",River and natural attraction,Western and southern Dadeldhura,High,Established geographic entity,CORRIDOR,ROUTING_HOLD,BORDER_CONTROL,,provinces/sudurpashchim/districts/dadeldhura.md,
np-sudurpashchim-dadeldhura-rangoon-river-corridor,Sudurpashchim,Dadeldhura,Rangoon River corridor,River and natural attraction,Parashuram and inner-valley areas,Medium,Established geographic entity,CORRIDOR,ROUTING_HOLD,NONE,,provinces/sudurpashchim/districts/dadeldhura.md,
np-sudurpashchim-dadeldhura-jogbuda-valley,Sudurpashchim,Dadeldhura,Jogbuda Valley,Natural and community tourism landscape,Parashuram Municipality area,High,Established regional landscape,CORRIDOR,ROUTING_HOLD,NONE,,provinces/sudurpashchim/districts/dadeldhura.md,
np-sudurpashchim-dadeldhura-dadeldhura-hill-viewpoints,Sudurpashchim,Dadeldhura,Dadeldhura hill viewpoints,Viewpoint and hill station,Amargadhi and surrounding ridges,Medium,Needs local verification,AREA,ROUTING_HOLD,NONE,,provinces/sudurpashchim/districts/dadeldhura.md,
np-sudurpashchim-dadeldhura-mahabharat-forest-belt,Sudurpashchim,Dadeldhura,Mahabharat forest belt,Natural attraction and wildlife habitat,Northern and eastern Dadeldhura,Medium,First-round researched,AREA,ROUTING_HOLD,NONE,,provinces/sudurpashchim/districts/dadeldhura.md,
np-sudurpashchim-dadeldhura-ganyapdhura-hill-landscape,Sudurpashchim,Dadeldhura,Ganyapdhura hill landscape,Viewpoint and hill station,Ganyapdhura Rural Municipality,Medium,First-round researched,AREA,ROUTING_HOLD,NONE,,provinces/sudurpashchim/districts/dadeldhura.md,
np-sudurpashchim-dadeldhura-ganyapdhura-cultural-villages,Sudurpashchim,Dadeldhura,Ganyapdhura cultural villages,Community tourism and notable villages,Ganyapdhura Rural Municipality,Medium,Needs local verification,AREA,ROUTING_HOLD,NONE,,provinces/sudurpashchim/districts/dadeldhura.md,
np-sudurpashchim-dadeldhura-nawadurga-sacred-landscape,Sudurpashchim,Dadeldhura,Nawadurga sacred landscape,Religious and cultural place,Nawadurga Rural Municipality,Medium,First-round researched,AREA,ROUTING_HOLD,NONE,,provinces/sudurpashchim/districts/dadeldhura.md,
np-sudurpashchim-dadeldhura-bhageshwar-hill-landscape,Sudurpashchim,Dadeldhura,Bhageshwar hill landscape,Religious and natural attraction,Bhageshwar Rural Municipality,Medium,First-round researched,AREA,ROUTING_HOLD,NONE,,provinces/sudurpashchim/districts/dadeldhura.md,
np-sudurpashchim-dadeldhura-dadeldhura-terrace-farming-landscape,Sudurpashchim,Dadeldhura,Dadeldhura terrace-farming landscape,Agricultural and community tourism,District-wide hill settlements,Medium,First-round researched,AREA,ROUTING_HOLD,NONE,,provinces/sudurpashchim/districts/dadeldhura.md,
np-sudurpashchim-dadeldhura-traditional-stone-and-slate-roof-villages,Sudurpashchim,Dadeldhura,Traditional stone and slate-roof villages,Historical and cultural place,Multiple rural municipalities,Medium,Needs local verification,AREA,ROUTING_HOLD,NONE,,provinces/sudurpashchim/districts/dadeldhura.md,
np-sudurpashchim-dadeldhura-dadeldhura-doti-historic-hill-route,Sudurpashchim,Dadeldhura,Dadeldhura–Doti historic hill route,Historical route and trekking area,Eastern Dadeldhura,Medium,First-round researched,ROUTE,ROUTING_HOLD,NONE,,provinces/sudurpashchim/districts/dadeldhura.md,
np-sudurpashchim-dadeldhura-dadeldhura-mahakali-pilgrimage-corridor,Sudurpashchim,Dadeldhura,Dadeldhura–Mahakali pilgrimage corridor,Pilgrimage route,Amargadhi to Parashuram / Mahakali sector,Medium,First-round researched,CORRIDOR,ROUTING_HOLD,DYNAMIC,,provinces/sudurpashchim/districts/dadeldhura.md,
np-sudurpashchim-dadeldhura-inner-terai-forest-edge-communities,Sudurpashchim,Dadeldhura,Inner-Terai forest-edge communities,Community tourism and natural attraction,Jogbuda / Parashuram area,Medium,Needs local verification,AREA,ROUTING_HOLD,NONE,,provinces/sudurpashchim/districts/dadeldhura.md,
np-sudurpashchim-dadeldhura-seasonal-waterfalls-and-springs,Sudurpashchim,Dadeldhura,Seasonal waterfalls and springs,Waterfalls and natural attraction,District-wide hills,Low,Needs local verification,POINT,ROUTING_HOLD,DYNAMIC,,provinces/sudurpashchim/districts/dadeldhura.md,
np-sudurpashchim-darchula-api-nampa-conservation-area,Sudurpashchim,Darchula,Api Nampa Conservation Area,Conservation area and wildlife site,Northern Darchula,Very high,Government-managed / protected,PROTECTED_AREA,ROUTING_HOLD,PROTECTED_AREA_ENTRY;DYNAMIC,api-nampa-conservation-area,provinces/sudurpashchim/districts/darchula.md,
np-sudurpashchim-darchula-api-himal,Sudurpashchim,Darchula,Api Himal,Mountain destination,Api Himal Rural Municipality / northern Darchula,Very high,Established geographic entity,POINT,ROUTING_HOLD,DYNAMIC,,provinces/sudurpashchim/districts/darchula.md,
np-sudurpashchim-darchula-api-himal-base-camp-landscape,Sudurpashchim,Darchula,Api Himal base-camp landscape,Trekking and mountain destination,Api Himal Rural Municipality,High,Needs local verification,ROUTE,ROUTING_HOLD,NONE,,provinces/sudurpashchim/districts/darchula.md,
np-sudurpashchim-darchula-nampa-himal,Sudurpashchim,Darchula,Nampa Himal,Mountain destination,Api Nampa Conservation Area,High,Established geographic entity,POINT,ROUTING_HOLD,NONE,,provinces/sudurpashchim/districts/darchula.md,
np-sudurpashchim-darchula-jethi-bahurani-himal,Sudurpashchim,Darchula,Jethi Bahurani Himal,Mountain destination,Northern Darchula,High,Established geographic entity,POINT,ROUTING_HOLD,NONE,,provinces/sudurpashchim/districts/darchula.md,
np-sudurpashchim-darchula-byas-valley,Sudurpashchim,Darchula,Byas Valley,Cultural and mountain landscape,Byas Rural Municipality,Very high,Established,CORRIDOR,ROUTING_HOLD,NONE,,provinces/sudurpashchim/districts/darchula.md,
np-sudurpashchim-darchula-tinkar-village,Sudurpashchim,Darchula,Tinkar Village,Community tourism and cultural village,Byas Rural Municipality,Very high,Established,AREA,ROUTING_HOLD,DYNAMIC,,provinces/sudurpashchim/districts/darchula.md,
np-sudurpashchim-darchula-chhangru-village,Sudurpashchim,Darchula,Chhangru Village,Community tourism and cultural village,Byas Rural Municipality,Very high,Established,AREA,ROUTING_HOLD,BORDER_CONTROL,,provinces/sudurpashchim/districts/darchula.md,
np-sudurpashchim-darchula-sauka-byansi-cultural-landscape,Sudurpashchim,Darchula,Sauka / Byansi cultural landscape,Community tourism and living heritage,Byas and northern Darchula,Very high,First-round researched,AREA,ROUTING_HOLD,DYNAMIC,,provinces/sudurpashchim/districts/darchula.md,
np-sudurpashchim-darchula-tinkar-valley,Sudurpashchim,Darchula,Tinkar Valley,Trekking and mountain landscape,Byas Rural Municipality,High,Established geographic entity,CORRIDOR,ROUTING_HOLD,BORDER_CONTROL;DYNAMIC,,provinces/sudurpashchim/districts/darchula.md,
np-sudurpashchim-darchula-tinkar-pass-route,Sudurpashchim,Darchula,Tinkar Pass route,Historic trade and trekking route,Byas Rural Municipality / northern border,High,Needs government verification,ROUTE,ROUTING_HOLD,BORDER_CONTROL;DYNAMIC,,provinces/sudurpashchim/districts/darchula.md,
np-sudurpashchim-darchula-lipu-lekh-approach-landscape-nepal-side,Sudurpashchim,Darchula,"Lipu Lekh approach landscape, Nepal side",Historic pilgrimage and mountain route,Far northern Darchula,High,Needs government verification,ROUTE,ROUTING_HOLD,NONE,,provinces/sudurpashchim/districts/darchula.md,
np-sudurpashchim-darchula-kailash-mansarovar-pilgrimage-gateway-darchula-sector,Sudurpashchim,Darchula,"Kailash–Mansarovar pilgrimage gateway, Darchula sector",Pilgrimage route and gateway,Byas / northern Darchula,High,Established route concept,ROUTE,ROUTING_HOLD,BORDER_CONTROL;DYNAMIC,,provinces/sudurpashchim/districts/darchula.md,
np-sudurpashchim-darchula-mahakali-river-corridor,Sudurpashchim,Darchula,Mahakali River corridor,River and natural attraction,Western Darchula,Very high,Established geographic entity,CORRIDOR,ROUTING_HOLD,BORDER_CONTROL,mahakali-river-corridor,provinces/sudurpashchim/districts/darchula.md,
np-sudurpashchim-darchula-darchula-khalanga,Sudurpashchim,Darchula,Darchula Khalanga,Historical and cultural place,Mahakali Municipality,High,Established,POINT,ROUTING_HOLD,BORDER_CONTROL,,provinces/sudurpashchim/districts/darchula.md,
np-sudurpashchim-darchula-khalanga-riverfront-and-border-town-landscape,Sudurpashchim,Darchula,Khalanga riverfront and border-town landscape,Historical and cultural place,Mahakali Municipality,High,First-round researched,CORRIDOR,ROUTING_HOLD,BORDER_CONTROL;DYNAMIC,,provinces/sudurpashchim/districts/darchula.md,
np-sudurpashchim-darchula-nepal-india-suspension-bridge-landscape-at-khalanga,Sudurpashchim,Darchula,Nepal–India suspension-bridge landscape at Khalanga,Historic route and viewpoint,Mahakali Municipality,Medium,Needs government verification,ROUTE,ROUTING_HOLD,NONE,,provinces/sudurpashchim/districts/darchula.md,
np-sudurpashchim-darchula-malikarjun-temple,Sudurpashchim,Darchula,Malikarjun Temple,Religious site and temple,Malikarjun Rural Municipality,Very high,Established pilgrimage destination,POINT,ROUTING_HOLD,NONE,,provinces/sudurpashchim/districts/darchula.md,
np-sudurpashchim-darchula-malikarjun-sacred-landscape,Sudurpashchim,Darchula,Malikarjun sacred landscape,Religious and natural attraction,Malikarjun Rural Municipality,High,First-round researched,AREA,ROUTING_HOLD,NONE,,provinces/sudurpashchim/districts/darchula.md,
np-sudurpashchim-darchula-latinath-temple-area,Sudurpashchim,Darchula,Latinath Temple area,Religious site and temple,Shailyashikhar / Latinath area,High,Established regional destination,AREA,ROUTING_HOLD,DYNAMIC,,provinces/sudurpashchim/districts/darchula.md,
np-sudurpashchim-darchula-hunainath-temple,Sudurpashchim,Darchula,Hunainath Temple,Religious site and temple,Lekam Rural Municipality,High,Established regional destination,POINT,ROUTING_HOLD,NONE,,provinces/sudurpashchim/districts/darchula.md,
np-sudurpashchim-darchula-lekam-hill-landscape,Sudurpashchim,Darchula,Lekam hill landscape,Viewpoint and hill station,Lekam Rural Municipality,Medium,First-round researched,AREA,ROUTING_HOLD,NONE,,provinces/sudurpashchim/districts/darchula.md,
np-sudurpashchim-darchula-gokuleshwar,Sudurpashchim,Darchula,Gokuleshwar,Gateway town and river landscape,Shailyashikhar Municipality,High,Established,CORRIDOR,ROUTING_HOLD,NONE,,provinces/sudurpashchim/districts/darchula.md,
np-sudurpashchim-darchula-chaulani-river-corridor,Sudurpashchim,Darchula,Chaulani River corridor,River and natural attraction,Central and southern Darchula,High,Established geographic entity,CORRIDOR,ROUTING_HOLD,NONE,,provinces/sudurpashchim/districts/darchula.md,
np-sudurpashchim-darchula-chameliya-river-corridor,Sudurpashchim,Darchula,Chameliya River corridor,River and natural attraction,Southern / central Darchula,High,Established geographic entity,CORRIDOR,ROUTING_HOLD,DYNAMIC,,provinces/sudurpashchim/districts/darchula.md,
np-sudurpashchim-darchula-dallekh-vinayak-viewpoint-landscape,Sudurpashchim,Darchula,Dallekh–Vinayak viewpoint landscape,Viewpoint and emerging destination,Near Khar / Darchula area,Medium,First-round researched,AREA,ROUTING_HOLD,NONE,,provinces/sudurpashchim/districts/darchula.md,
np-sudurpashchim-darchula-huti-sunsera-rapla-api-approach,Sudurpashchim,Darchula,Huti–Sunsera–Rapla Api approach,Trekking route,Northern Darchula,High,Needs local verification,ROUTE,ROUTING_HOLD,NONE,,provinces/sudurpashchim/districts/darchula.md,
np-sudurpashchim-darchula-ghusa-lolu-api-approach,Sudurpashchim,Darchula,Ghusa–Lolu Api approach,Trekking route,Api Himal Rural Municipality,High,Needs local verification,ROUTE,ROUTING_HOLD,NONE,,provinces/sudurpashchim/districts/darchula.md,
np-sudurpashchim-darchula-nampa-valley,Sudurpashchim,Darchula,Nampa Valley,Mountain and glacial landscape,Api Nampa Conservation Area,High,Established geographic entity,CORRIDOR,ROUTING_HOLD,NONE,,provinces/sudurpashchim/districts/darchula.md,
np-sudurpashchim-darchula-alpine-pasture-and-medicinal-herb-landscapes,Sudurpashchim,Darchula,Alpine pasture and medicinal-herb landscapes,Natural and community landscape,Northern Darchula,Medium,Needs local verification,AREA,ROUTING_HOLD,DYNAMIC,,provinces/sudurpashchim/districts/darchula.md,
np-sudurpashchim-darchula-snow-leopard-and-blue-sheep-habitat,Sudurpashchim,Darchula,Snow leopard and blue-sheep habitat,Wildlife site,Api Nampa highlands,High,Government-managed / habitat record,POINT,ROUTING_HOLD,NONE,,provinces/sudurpashchim/districts/darchula.md,
np-sudurpashchim-darchula-thapla-traditional-governance-cultural-landscape,Sudurpashchim,Darchula,Thapla traditional-governance cultural landscape,Living cultural heritage,Darchula communities,Medium,Needs specialist and community verification,AREA,ROUTING_HOLD,NONE,,provinces/sudurpashchim/districts/darchula.md,
np-sudurpashchim-doti-dipayal,Sudurpashchim,Doti,Dipayal,Historical and cultural place,Dipayal Silgadhi Municipality,High,Established,POINT,ROUTING_HOLD,NONE,,provinces/sudurpashchim/districts/doti.md,
np-sudurpashchim-doti-silgadhi,Sudurpashchim,Doti,Silgadhi,Historical and cultural place,Dipayal Silgadhi Municipality,High,Established,POINT,ROUTING_HOLD,NONE,,provinces/sudurpashchim/districts/doti.md,
np-sudurpashchim-doti-dipayal-silgadhi-heritage-corridor,Sudurpashchim,Doti,Dipayal–Silgadhi heritage corridor,Historical and cultural landscape,Dipayal Silgadhi Municipality,High,First-round researched,CORRIDOR,ROUTING_HOLD,NONE,,provinces/sudurpashchim/districts/doti.md,
np-sudurpashchim-doti-shaileshwari-temple,Sudurpashchim,Doti,Shaileshwari Temple,Religious site and temple,Silgadhi,High,Established,POINT,ROUTING_HOLD,NONE,,provinces/sudurpashchim/districts/doti.md,
np-sudurpashchim-doti-shaileshwari-sacred-landscape,Sudurpashchim,Doti,Shaileshwari sacred landscape,Religious and cultural landscape,Silgadhi surroundings,Medium,First-round researched,AREA,ROUTING_HOLD,NONE,,provinces/sudurpashchim/districts/doti.md,
np-sudurpashchim-doti-khaptad-national-park-doti-sector,Sudurpashchim,Doti,"Khaptad National Park, Doti sector",National park and wildlife site,Northern Doti,High,Government-managed / protected,PROTECTED_AREA,ROUTING_HOLD,PROTECTED_AREA_ENTRY,,provinces/sudurpashchim/districts/doti.md,
np-sudurpashchim-doti-khaptad-grasslands-doti-approaches,Sudurpashchim,Doti,"Khaptad grasslands, Doti approaches",Natural attraction,Northern Doti,High,Established geographic entity,POINT,ROUTING_HOLD,DYNAMIC,,provinces/sudurpashchim/districts/doti.md,
np-sudurpashchim-doti-khaptad-pilgrimage-route-from-doti,Sudurpashchim,Doti,Khaptad pilgrimage route from Doti,Trekking and pilgrimage route,Doti–Khaptad approaches,High,Needs local verification,ROUTE,ROUTING_HOLD,NONE,,provinces/sudurpashchim/districts/doti.md,
np-sudurpashchim-doti-seti-river-corridor-doti-sector,Sudurpashchim,Doti,"Seti River corridor, Doti sector",River and natural attraction,Dipayal and downstream areas,High,Established geographic entity,CORRIDOR,ROUTING_HOLD,NONE,,provinces/sudurpashchim/districts/doti.md,
np-sudurpashchim-doti-seti-riverbank-landscapes-near-dipayal,Sudurpashchim,Doti,Seti riverbank landscapes near Dipayal,Natural attraction,Dipayal area,Medium,Needs local verification,CORRIDOR,ROUTING_HOLD,DYNAMIC,,provinces/sudurpashchim/districts/doti.md,
np-sudurpashchim-doti-badikedar-temple,Sudurpashchim,Doti,Badikedar Temple,Religious site and temple,Badikedar Rural Municipality,High,Established,POINT,ROUTING_HOLD,NONE,,provinces/sudurpashchim/districts/doti.md,
np-sudurpashchim-doti-badikedar-hill-landscape,Sudurpashchim,Doti,Badikedar hill landscape,Viewpoint and hill station,Badikedar Rural Municipality,Medium,First-round researched,AREA,ROUTING_HOLD,NONE,,provinces/sudurpashchim/districts/doti.md,
np-sudurpashchim-doti-jorayal-valley,Sudurpashchim,Doti,Jorayal Valley,Natural and community tourism landscape,Jorayal Rural Municipality,High,Established regional destination,CORRIDOR,ROUTING_HOLD,NONE,,provinces/sudurpashchim/districts/doti.md,
np-sudurpashchim-doti-jorayal-ridge-viewpoints,Sudurpashchim,Doti,Jorayal ridge viewpoints,Viewpoint and hill station,Jorayal Rural Municipality,Medium,Needs local verification,AREA,ROUTING_HOLD,DYNAMIC,,provinces/sudurpashchim/districts/doti.md,
np-sudurpashchim-doti-bogatan-phudsil-landscape,Sudurpashchim,Doti,Bogatan–Phudsil landscape,Community tourism and hill landscape,Bogatan Phudsil Rural Municipality,Medium,First-round researched,AREA,ROUTING_HOLD,NONE,,provinces/sudurpashchim/districts/doti.md,
np-sudurpashchim-doti-sayal-hill-landscape,Sudurpashchim,Doti,Sayal hill landscape,Viewpoint and community tourism,Sayal Rural Municipality,Medium,First-round researched,AREA,ROUTING_HOLD,NONE,,provinces/sudurpashchim/districts/doti.md,
np-sudurpashchim-doti-adarsha-rural-landscape,Sudurpashchim,Doti,Adarsha rural landscape,Community tourism,Adarsha Rural Municipality,Medium,First-round researched,AREA,ROUTING_HOLD,NONE,,provinces/sudurpashchim/districts/doti.md,
np-sudurpashchim-doti-k-i-singh-rural-landscape,Sudurpashchim,Doti,K. I. Singh rural landscape,Historical and community tourism,K. I. Singh Rural Municipality,Medium,First-round researched,AREA,ROUTING_HOLD,NONE,,provinces/sudurpashchim/districts/doti.md,
np-sudurpashchim-doti-purbichauki-ridges,Sudurpashchim,Doti,Purbichauki ridges,Viewpoint and hill station,Purbichauki Rural Municipality,Medium,First-round researched,AREA,ROUTING_HOLD,NONE,,provinces/sudurpashchim/districts/doti.md,
np-sudurpashchim-doti-b-p-nagar-gateway,Sudurpashchim,Doti,B.P. Nagar gateway,Community tourism and transport gateway,Southern Doti,Medium,Established local gateway,POINT,ROUTING_HOLD,DYNAMIC,,provinces/sudurpashchim/districts/doti.md,
np-sudurpashchim-doti-doti-forest-landscapes,Sudurpashchim,Doti,Doti forest landscapes,Natural attraction and wildlife habitat,Multiple municipalities,Medium,Established geographic entity,AREA,ROUTING_HOLD,NONE,,provinces/sudurpashchim/districts/doti.md,
np-sudurpashchim-doti-doti-terraced-agriculture-landscape,Sudurpashchim,Doti,Doti terraced-agriculture landscape,Agricultural and cultural landscape,Multiple hill municipalities,Medium,Established geographic entity,AREA,ROUTING_HOLD,NONE,,provinces/sudurpashchim/districts/doti.md,
np-sudurpashchim-doti-traditional-doti-khas-settlements,Sudurpashchim,Doti,Traditional Doti Khas settlements,Historical and cultural landscape,District-wide,Medium,First-round researched,AREA,ROUTING_HOLD,NONE,,provinces/sudurpashchim/districts/doti.md,
np-sudurpashchim-doti-gaura-festival-landscape-of-doti,Sudurpashchim,Doti,Gaura festival landscape of Doti,Festival and living culture,District-wide,High,Established living culture,AREA,ROUTING_HOLD,NONE,,provinces/sudurpashchim/districts/doti.md,
np-sudurpashchim-doti-deuda-cultural-traditions-of-doti,Sudurpashchim,Doti,Deuda cultural traditions of Doti,Living culture,District-wide,High,Established living culture,POINT,ROUTING_HOLD,NONE,,provinces/sudurpashchim/districts/doti.md,
np-sudurpashchim-doti-doti-village-trekking-routes,Sudurpashchim,Doti,Doti village trekking routes,Trekking area,Multiple municipalities,Medium,Needs local verification,ROUTE,ROUTING_HOLD,DYNAMIC,,provinces/sudurpashchim/districts/doti.md,
np-sudurpashchim-doti-seasonal-waterfalls-of-doti,Sudurpashchim,Doti,Seasonal waterfalls of Doti,Waterfalls,Multiple hill areas,Low,Needs local verification,POINT,ROUTING_HOLD,DYNAMIC,,provinces/sudurpashchim/districts/doti.md,
np-sudurpashchim-doti-community-homestay-prospects-in-doti,Sudurpashchim,Doti,Community homestay prospects in Doti,Community tourism,Selected villages,Low,Needs local verification,POINT,ROUTING_HOLD,NONE,,provinces/sudurpashchim/districts/doti.md,
np-sudurpashchim-doti-doti-khaptad-regional-tourism-corridor,Sudurpashchim,Doti,Doti–Khaptad regional tourism corridor,Trekking and route-planning entity,Doti to Khaptad,High,First-round researched,CORRIDOR,ROUTING_HOLD,NONE,,provinces/sudurpashchim/districts/doti.md,
np-sudurpashchim-kailali-ghodaghodi-lake-complex,Sudurpashchim,Kailali,Ghodaghodi Lake Complex,Ramsar wetland and lake system,Ghodaghodi Municipality,Very high,Government-recognized / established,WATER,ROUTING_HOLD,NONE,,provinces/sudurpashchim/districts/kailali.md,
np-sudurpashchim-kailali-ghodaghodi-lake,Sudurpashchim,Kailali,Ghodaghodi Lake,Lake and wetland,Ghodaghodi Municipality,Very high,Established,WATER,ROUTING_HOLD,NONE,,provinces/sudurpashchim/districts/kailali.md,
np-sudurpashchim-kailali-ghodaghodi-temple,Sudurpashchim,Kailali,Ghodaghodi Temple,Religious site,Ghodaghodi Municipality,High,Established,POINT,ROUTING_HOLD,NONE,,provinces/sudurpashchim/districts/kailali.md,
np-sudurpashchim-kailali-ghodaghodi-bird-habitat,Sudurpashchim,Kailali,Ghodaghodi bird habitat,Wildlife and birdwatching,Ghodaghodi Municipality,High,Established,POINT,ROUTING_HOLD,DYNAMIC,,provinces/sudurpashchim/districts/kailali.md,
np-sudurpashchim-kailali-tikapur-park,Sudurpashchim,Kailali,Tikapur Park,Park and riverside attraction,Tikapur Municipality,High,Established,CORRIDOR,ROUTING_HOLD,NONE,,provinces/sudurpashchim/districts/kailali.md,
np-sudurpashchim-kailali-tikapur-historic-garden-landscape,Sudurpashchim,Kailali,Tikapur historic garden landscape,Historical and cultural place,Tikapur Municipality,Medium,Established,AREA,ROUTING_HOLD,NONE,,provinces/sudurpashchim/districts/kailali.md,
np-sudurpashchim-kailali-karnali-river-at-chisapani,Sudurpashchim,Kailali,Karnali River at Chisapani,River and gateway landscape,Lamki Chuha / Chisapani area,Very high,Established,CORRIDOR,ROUTING_HOLD,NONE,,provinces/sudurpashchim/districts/kailali.md,
np-sudurpashchim-kailali-chisapani-bridge,Sudurpashchim,Kailali,Chisapani Bridge,Bridge and viewpoint,Chisapani,High,Established,AREA,ROUTING_HOLD,DYNAMIC,,provinces/sudurpashchim/districts/kailali.md,
np-sudurpashchim-kailali-karnali-rafting-corridor,Sudurpashchim,Kailali,Karnali rafting corridor,Adventure and river route,Chisapani downstream,High,Established,CORRIDOR,ROUTING_HOLD,NONE,,provinces/sudurpashchim/districts/kailali.md,
np-sudurpashchim-kailali-mohana-river-corridor,Sudurpashchim,Kailali,Mohana River corridor,River and wetland landscape,Dhangadhi and southern Kailali,High,Established,WATER,ROUTING_HOLD,BORDER_CONTROL,,provinces/sudurpashchim/districts/kailali.md,
np-sudurpashchim-kailali-pathariya-river-wetlands,Sudurpashchim,Kailali,Pathariya River wetlands,River and wetland,Eastern Kailali,Medium,First-round researched,WATER,ROUTING_HOLD,DYNAMIC,,provinces/sudurpashchim/districts/kailali.md,
np-sudurpashchim-kailali-basanta-protected-forest,Sudurpashchim,Kailali,Basanta Protected Forest,Forest and wildlife landscape,Southern Kailali,High,Government-managed / established,AREA,ROUTING_HOLD,NONE,,provinces/sudurpashchim/districts/kailali.md,
np-sudurpashchim-kailali-basanta-wildlife-corridor,Sudurpashchim,Kailali,Basanta wildlife corridor,Wildlife and conservation site,Southern Kailali,High,First-round researched,CORRIDOR,ROUTING_HOLD,NONE,,provinces/sudurpashchim/districts/kailali.md,
np-sudurpashchim-kailali-jokhar-lake,Sudurpashchim,Kailali,Jokhar Lake,Lake and recreation,Dhangadhi Sub-Metropolitan City,High,Established,WATER,ROUTING_HOLD,DYNAMIC,,provinces/sudurpashchim/districts/kailali.md,
np-sudurpashchim-kailali-jakhor-jokhar-cultural-landscape,Sudurpashchim,Kailali,Jakhor/Jokhar cultural landscape,Religious and community site,Dhangadhi area,Medium,First-round researched,AREA,ROUTING_HOLD,NONE,,provinces/sudurpashchim/districts/kailali.md,
np-sudurpashchim-kailali-dhangadhi-city-gateway,Sudurpashchim,Kailali,Dhangadhi city gateway,Urban tourism and gateway,Dhangadhi,High,Established,POINT,ROUTING_HOLD,BORDER_CONTROL,,provinces/sudurpashchim/districts/kailali.md,
np-sudurpashchim-kailali-dhangadhi-aircraft-museum,Sudurpashchim,Kailali,Dhangadhi Aircraft Museum,Museum and attraction,Dhangadhi,Medium,Established,POINT,ROUTING_HOLD,DYNAMIC,,provinces/sudurpashchim/districts/kailali.md,
np-sudurpashchim-kailali-behada-baba-temple,Sudurpashchim,Kailali,Behada Baba Temple,Religious site,Dhangadhi area,High,Established,POINT,ROUTING_HOLD,NONE,,provinces/sudurpashchim/districts/kailali.md,
np-sudurpashchim-kailali-shivapuri-dham,Sudurpashchim,Kailali,Shivapuri Dham,Religious site,Dhangadhi area,Medium,Established,POINT,ROUTING_HOLD,NONE,,provinces/sudurpashchim/districts/kailali.md,
np-sudurpashchim-kailali-godawari-dham,Sudurpashchim,Kailali,Godawari Dham,Religious and river landscape,Godawari Municipality,High,Established,CORRIDOR,ROUTING_HOLD,NONE,,provinces/sudurpashchim/districts/kailali.md,
np-sudurpashchim-kailali-godawari-forest-foothills,Sudurpashchim,Kailali,Godawari forest foothills,Natural attraction,Godawari Municipality,High,Established,AREA,ROUTING_HOLD,NONE,,provinces/sudurpashchim/districts/kailali.md,
np-sudurpashchim-kailali-sahastralinga-area,Sudurpashchim,Kailali,Sahastralinga area,Religious and natural site,Godawari / Chure area,Medium,First-round researched,AREA,ROUTING_HOLD,NONE,,provinces/sudurpashchim/districts/kailali.md,
np-sudurpashchim-kailali-khutiya-river-corridor,Sudurpashchim,Kailali,Khutiya River corridor,River and natural attraction,Godawari and Kailari areas,Medium,First-round researched,CORRIDOR,ROUTING_HOLD,DYNAMIC,,provinces/sudurpashchim/districts/kailali.md,
np-sudurpashchim-kailali-chure-hill-viewpoints,Sudurpashchim,Kailali,Chure hill viewpoints,Viewpoint and hill station,Northern Kailali,Medium,Needs local verification,AREA,ROUTING_HOLD,NONE,,provinces/sudurpashchim/districts/kailali.md,
np-sudurpashchim-kailali-bhada-homestay,Sudurpashchim,Kailali,Bhada Homestay,Community tourism and Tharu culture,Kailari Rural Municipality,High,Established,POINT,ROUTING_HOLD,NONE,,provinces/sudurpashchim/districts/kailali.md,
np-sudurpashchim-kailali-kailari-tharu-villages,Sudurpashchim,Kailali,Kailari Tharu villages,Community and cultural tourism,Kailari Rural Municipality,High,Established,AREA,ROUTING_HOLD,NONE,,provinces/sudurpashchim/districts/kailali.md,
np-sudurpashchim-kailali-tikapur-tharu-cultural-landscape,Sudurpashchim,Kailali,Tikapur Tharu cultural landscape,Community and cultural tourism,Tikapur area,Medium,Established,AREA,ROUTING_HOLD,NONE,,provinces/sudurpashchim/districts/kailali.md,
np-sudurpashchim-kailali-lamki-market-and-gateway,Sudurpashchim,Kailali,Lamki market and gateway,Urban and route gateway,Lamki Chuha Municipality,Medium,Established,ROUTE,ROUTING_HOLD,NONE,,provinces/sudurpashchim/districts/kailali.md,
np-sudurpashchim-kailali-rajkanda-and-chure-foothill-routes,Sudurpashchim,Kailali,Rajkanda and Chure foothill routes,Hiking and emerging destination,Mohanyal Rural Municipality,Medium,Needs local verification,ROUTE,ROUTING_HOLD,DYNAMIC,,provinces/sudurpashchim/districts/kailali.md,
np-sudurpashchim-kailali-mohanyal-hill-landscape,Sudurpashchim,Kailali,Mohanyal hill landscape,Natural and community tourism,Mohanyal Rural Municipality,High,First-round researched,AREA,ROUTING_HOLD,NONE,,provinces/sudurpashchim/districts/kailali.md,
np-sudurpashchim-kailali-solta-forest-and-river-area,Sudurpashchim,Kailali,Solta forest and river area,Natural attraction,Eastern Kailali,Medium,First-round researched,CORRIDOR,ROUTING_HOLD,DYNAMIC,,provinces/sudurpashchim/districts/kailali.md,
np-sudurpashchim-kailali-dolphin-habitat-in-lower-karnali-mohana-system,Sudurpashchim,Kailali,Dolphin habitat in lower Karnali–Mohana system,Wildlife and river landscape,Southern and eastern Kailali,High,First-round researched,CORRIDOR,ROUTING_HOLD,DYNAMIC,,provinces/sudurpashchim/districts/kailali.md,
np-sudurpashchim-kanchanpur-shuklaphanta-national-park,Sudurpashchim,Kanchanpur,Shuklaphanta National Park,National park and wildlife site,Shuklaphanta / Bhimdatta / Belauri areas,High,Government-managed / protected,PROTECTED_AREA,ROUTING_HOLD,PROTECTED_AREA_ENTRY;OPERATOR_DEPENDENT;DYNAMIC,shuklaphanta-national-park,provinces/sudurpashchim/districts/kanchanpur.md,
np-sudurpashchim-kanchanpur-shuklaphanta-grasslands,Sudurpashchim,Kanchanpur,Shuklaphanta grasslands,Natural attraction and wildlife habitat,Shuklaphanta National Park,High,Established,POINT,ROUTING_HOLD,NONE,,provinces/sudurpashchim/districts/kanchanpur.md,
np-sudurpashchim-kanchanpur-swamp-deer-habitat,Sudurpashchim,Kanchanpur,Swamp deer habitat,Wildlife site,Shuklaphanta National Park,High,Government-managed / protected,POINT,ROUTING_HOLD,NONE,,provinces/sudurpashchim/districts/kanchanpur.md,
np-sudurpashchim-kanchanpur-shuklaphanta-birding-landscape,Sudurpashchim,Kanchanpur,Shuklaphanta birding landscape,Bird-watching and wetland site,Shuklaphanta National Park,High,Established,WATER,ROUTING_HOLD,DYNAMIC,,provinces/sudurpashchim/districts/kanchanpur.md,
np-sudurpashchim-kanchanpur-rani-tal,Sudurpashchim,Kanchanpur,Rani Tal,Lake and wetland,Shuklaphanta National Park,High,Established,WATER,ROUTING_HOLD,DYNAMIC,,provinces/sudurpashchim/districts/kanchanpur.md,
np-sudurpashchim-kanchanpur-shikari-tal,Sudurpashchim,Kanchanpur,Shikari Tal,Lake and wetland,Shuklaphanta National Park,Medium,First-round researched,WATER,ROUTING_HOLD,NONE,,provinces/sudurpashchim/districts/kanchanpur.md,
np-sudurpashchim-kanchanpur-baba-tal,Sudurpashchim,Kanchanpur,Baba Tal,Lake and wetland,Shuklaphanta National Park / buffer area,Medium,First-round researched,WATER,ROUTING_HOLD,DYNAMIC,,provinces/sudurpashchim/districts/kanchanpur.md,
np-sudurpashchim-kanchanpur-shuklaphanta-buffer-zone-forests,Sudurpashchim,Kanchanpur,Shuklaphanta buffer-zone forests,Community forest and wildlife site,Park buffer municipalities,Medium,Established,AREA,ROUTING_HOLD,ENTRY_FEE,,provinces/sudurpashchim/districts/kanchanpur.md,
np-sudurpashchim-kanchanpur-majhgaon-park-gateway,Sudurpashchim,Kanchanpur,Majhgaon park gateway,National-park gateway,Bhimdatta / park access area,High,Established,PROTECTED_AREA,ROUTING_HOLD,PROTECTED_AREA_ENTRY;DYNAMIC,,provinces/sudurpashchim/districts/kanchanpur.md,
np-sudurpashchim-kanchanpur-mahendranagar-bhimdatta-city,Sudurpashchim,Kanchanpur,Mahendranagar / Bhimdatta city,Major tourist gateway,Bhimdatta Municipality,High,Established,POINT,ROUTING_HOLD,NONE,,provinces/sudurpashchim/districts/kanchanpur.md,
np-sudurpashchim-kanchanpur-mahendranagar-historic-market-core,Sudurpashchim,Kanchanpur,Mahendranagar historic market core,Historical and cultural place,Bhimdatta Municipality,Medium,First-round researched,POINT,ROUTING_HOLD,BORDER_CONTROL,,provinces/sudurpashchim/districts/kanchanpur.md,
np-sudurpashchim-kanchanpur-mahakali-river-corridor,Sudurpashchim,Kanchanpur,Mahakali River corridor,River and natural attraction,Western Kanchanpur,High,Established,CORRIDOR,ROUTING_HOLD,BORDER_CONTROL;DYNAMIC,mahakali-river-corridor,provinces/sudurpashchim/districts/kanchanpur.md,
np-sudurpashchim-kanchanpur-banbasa-mahakali-barrage-landscape,Sudurpashchim,Kanchanpur,Banbasa–Mahakali barrage landscape,River infrastructure and viewpoint,Bhimdatta / western border corridor,High,Established,CORRIDOR,ROUTING_HOLD,BORDER_CONTROL;DYNAMIC,,provinces/sudurpashchim/districts/kanchanpur.md,
np-sudurpashchim-kanchanpur-dodhara-chandani-suspension-bridge,Sudurpashchim,Kanchanpur,Dodhara Chandani suspension bridge,Bridge and landmark,Dodhara Chandani Municipality,High,Established,AREA,ROUTING_HOLD,DYNAMIC,,provinces/sudurpashchim/districts/kanchanpur.md,
np-sudurpashchim-kanchanpur-dodhara-chandani-river-island-landscape,Sudurpashchim,Kanchanpur,Dodhara Chandani river-island landscape,"River, wetland and community destination",Dodhara Chandani Municipality,High,Established,WATER,ROUTING_HOLD,NONE,,provinces/sudurpashchim/districts/kanchanpur.md,
np-sudurpashchim-kanchanpur-dodhara-chandani-villages,Sudurpashchim,Kanchanpur,Dodhara Chandani villages,Community tourism and notable villages,Dodhara Chandani Municipality,Medium,First-round researched,AREA,ROUTING_HOLD,BORDER_CONTROL,,provinces/sudurpashchim/districts/kanchanpur.md,
np-sudurpashchim-kanchanpur-jhilmila-lake,Sudurpashchim,Kanchanpur,Jhilmila Lake,"Lake, wetland and religious site",Bhimdatta Municipality hill area,High,Established,WATER,ROUTING_HOLD,NONE,,provinces/sudurpashchim/districts/kanchanpur.md,
np-sudurpashchim-kanchanpur-jhilmila-pilgrimage-trail,Sudurpashchim,Kanchanpur,Jhilmila pilgrimage trail,Pilgrimage and hiking route,Bhimdatta Municipality,Medium,Needs local verification,ROUTE,ROUTING_HOLD,DYNAMIC,,provinces/sudurpashchim/districts/kanchanpur.md,
np-sudurpashchim-kanchanpur-bedkot-lake,Sudurpashchim,Kanchanpur,Bedkot Lake,Lake and wetland,Bedkot Municipality,High,Established,WATER,ROUTING_HOLD,OPERATOR_DEPENDENT;DYNAMIC,,provinces/sudurpashchim/districts/kanchanpur.md,
np-sudurpashchim-kanchanpur-bedkot-religious-landscape,Sudurpashchim,Kanchanpur,Bedkot religious landscape,Religious site and temple area,Bedkot Municipality,Medium,First-round researched,AREA,ROUTING_HOLD,NONE,,provinces/sudurpashchim/districts/kanchanpur.md,
np-sudurpashchim-kanchanpur-bedkot-hill-viewpoints,Sudurpashchim,Kanchanpur,Bedkot hill viewpoints,Viewpoint and hill station,Bedkot Municipality,Medium,Needs local verification,AREA,ROUTING_HOLD,NONE,,provinces/sudurpashchim/districts/kanchanpur.md,
np-sudurpashchim-kanchanpur-daiji-forest-corridor,Sudurpashchim,Kanchanpur,Daiji forest corridor,Forest and wildlife landscape,Bedkot / Daiji area,Medium,Established,CORRIDOR,ROUTING_HOLD,NONE,,provinces/sudurpashchim/districts/kanchanpur.md,
np-sudurpashchim-kanchanpur-chure-foothill-landscape,Sudurpashchim,Kanchanpur,Chure foothill landscape,Natural attraction and trekking area,Northern Kanchanpur,Medium,First-round researched,ROUTE,ROUTING_HOLD,NONE,,provinces/sudurpashchim/districts/kanchanpur.md,
np-sudurpashchim-kanchanpur-belauri-wetland-and-agricultural-landscape,Sudurpashchim,Kanchanpur,Belauri wetland and agricultural landscape,Wetland and community tourism,Belauri Municipality,Medium,First-round researched,WATER,ROUTING_HOLD,DYNAMIC,,provinces/sudurpashchim/districts/kanchanpur.md,
np-sudurpashchim-kanchanpur-punarbas-wetland-and-forest-edge-landscape,Sudurpashchim,Kanchanpur,Punarbas wetland and forest-edge landscape,"Wetland, forest and community tourism",Punarbas Municipality,Medium,First-round researched,WATER,ROUTING_HOLD,BORDER_CONTROL,,provinces/sudurpashchim/districts/kanchanpur.md,
np-sudurpashchim-kanchanpur-laljhadi-forest-landscape,Sudurpashchim,Kanchanpur,Laljhadi forest landscape,Forest and wildlife site,Laljhadi Rural Municipality,High,Established,AREA,ROUTING_HOLD,NONE,,provinces/sudurpashchim/districts/kanchanpur.md,
np-sudurpashchim-kanchanpur-laljhadi-mohana-wildlife-corridor,Sudurpashchim,Kanchanpur,Laljhadi–Mohana wildlife corridor,Wildlife corridor,Southern / southeastern Kanchanpur,Medium,First-round researched,CORRIDOR,ROUTING_HOLD,NONE,,provinces/sudurpashchim/districts/kanchanpur.md,
np-sudurpashchim-kanchanpur-rana-tharu-cultural-landscape,Sudurpashchim,Kanchanpur,Rana Tharu cultural landscape,Community tourism and living culture,"Belauri, Punarbas, Laljhadi and nearby areas",High,Established,AREA,ROUTING_HOLD,NONE,,provinces/sudurpashchim/districts/kanchanpur.md,
np-sudurpashchim-kanchanpur-tharu-village-and-homestay-clusters,Sudurpashchim,Kanchanpur,Tharu village and homestay clusters,Community tourism,Southern Kanchanpur,Medium,Needs local verification,AREA,ROUTING_HOLD,DYNAMIC,,provinces/sudurpashchim/districts/kanchanpur.md,
np-sudurpashchim-kanchanpur-siddhanath-temple,Sudurpashchim,Kanchanpur,Siddhanath Temple,Religious site and temple,Bhimdatta Municipality,High,Established,POINT,ROUTING_HOLD,NONE,,provinces/sudurpashchim/districts/kanchanpur.md,
np-sudurpashchim-kanchanpur-baijnath-temple-area,Sudurpashchim,Kanchanpur,Baijnath Temple area,Religious site and temple,Kanchanpur district,Medium,First-round researched,AREA,ROUTING_HOLD,NONE,,provinces/sudurpashchim/districts/kanchanpur.md,
np-sudurpashchim-kanchanpur-brahmadev-border-and-pilgrimage-landscape,Sudurpashchim,Kanchanpur,Brahmadev border and pilgrimage landscape,"Border gateway, religious and historical place",Bhimdatta Municipality / Mahakali corridor,Medium,Established,AREA,ROUTING_HOLD,BORDER_CONTROL,,provinces/sudurpashchim/districts/kanchanpur.md,
